datetime,active_leaks,new_leaks,n_tags,rolling_cost_estimate,rolling_cost_estimate_b,cum_repaired_leaks,daily_emissions_kg,total_daily_cost,repair_cost,nat_repair_cost,verification_cost,natural_redund_tags,natural_n_tags,OGI_QE_prop_sites_avail,OGI_QE_cost,OGI_QE_sites_visited,OGI_QE_travel_time,OGI_QE_survey_time,OGI_QE_redund_tags,OGI_QE_missed_leaks,OGI_QE_sites_vis_w_leaks,OGI_QE_eff_flags,OGI_QE_n_tags,OGI_QE_flags_redund1,OGI_QE_flags_redund2,OGI_QE_flag_wo_vent
2023-01-01,18194,38.0,38.0,56.84426229508197,0.0,39.0,79723.69151353753,11400.0,0.0,7800.0,0.0,0.0,39.0,1.0,3600.0,6.0,240.0,720.0,0.0,0.0,6.0,0.0,49.0,0.0,0.0,0.0
2023-01-02,18193,51.0,51.0,114.68579234972678,0.0,79.0,79774.99687486562,11600.0,0.0,8000.0,0.0,0.0,40.0,1.0,3600.0,6.0,240.0,720.0,0.0,0.0,6.0,0.0,61.0,0.0,0.0,0.0
2023-01-03,18204,50.0,50.0,184.49453551912566,0.0,131.0,79767.67147853371,14000.0,0.0,10400.0,0.0,0.0,52.0,1.0,3600.0,6.0,240.0,720.0,0.0,0.0,6.0,0.0,62.0,0.0,0.0,0.0
2023-01-04,18202,60.0,60.0,255.30054644808743,0.0,184.0,79718.6505657511,14200.0,0.0,10600.0,0.0,0.0,53.0,1.0,3600.0,6.0,240.0,720.0,0.0,0.0,6.0,0.0,64.0,0.0,0.0,0.0
2023-01-05,18209,47.0,47.0,314.1393442622951,0.0,225.0,79981.76894322882,11800.0,0.0,8200.0,0.0,0.0,41.0,1.0,3600.0,6.0,240.0,720.0,0.0,0.0,6.0,0.0,48.0,0.0,0.0,0.0
2023-01-06,18215,65.0,65.0,375.9699453551913,0.0,269.0,80050.61432044666,12400.0,0.0,8800.0,0.0,0.0,44.0,1.0,3600.0,6.0,240.0,720.0,0.0,0.0,6.0,0.0,57.0,0.0,0.0,0.0
2023-01-07,18236,50.0,50.0,441.78961748633884,0.0,317.0,80146.82910518289,13200.0,0.0,9600.0,0.0,0.0,48.0,1.0,3600.0,6.0,240.0,720.0,0.0,0.0,6.0,0.0,65.0,0.0,0.0,0.0
2023-01-08,18238,59.0,59.0,507.60928961748635,0.0,365.0,80252.07839564848,13200.0,0.0,9600.0,0.0,0.0,48.0,1.0,3600.0,6.0,240.0,720.0,0.0,0.0,6.0,0.0,74.0,0.0,0.0,0.0
2023-01-09,18249,51.0,51.0,567.4453551912568,0.0,407.0,80245.975674814,12000.0,0.0,8400.0,0.0,0.0,42.0,1.0,3600.0,6.0,240.0,720.0,0.0,0.0,6.0,0.0,65.0,0.0,0.0,0.0
2023-01-10,18258,57.0,57.0,623.2923497267759,0.0,445.0,80446.77257661727,11200.0,0.0,7600.0,0.0,0.0,38.0,1.0,3600.0,6.0,240.0,720.0,0.0,0.0,6.0,0.0,61.0,0.0,0.0,0.0
2023-01-11,18277,51.0,51.0,683.1284153005465,0.0,487.0,80480.2300693674,12000.0,0.0,8400.0,0.0,0.0,42.0,1.0,3600.0,6.0,240.0,720.0,0.0,0.0,6.0,0.0,74.0,0.0,0.0,0.0
2023-01-12,18286,41.0,41.0,742.9644808743169,0.0,529.0,80459.44288212505,12000.0,0.0,8400.0,0.0,0.0,42.0,1.0,3600.0,6.0,240.0,720.0,0.0,0.0,6.0,0.0,58.0,0.0,0.0,0.0
2023-01-13,18285,52.0,52.0,812.7732240437159,0.0,581.0,80359.64920394075,14000.0,0.0,10400.0,0.0,0.0,52.0,1.0,3600.0,6.0,240.0,720.0,0.0,0.0,6.0,0.0,66.0,0.0,0.0,0.0
2023-01-14,18285,46.0,46.0,873.6065573770492,0.0,624.0,80348.17180137339,12200.0,0.0,8600.0,0.0,0.0,43.0,1.0,3600.0,6.0,240.0,720.0,0.0,0.0,6.0,0.0,67.0,0.0,0.0,0.0
2023-01-15,18288,56.0,56.0,950.396174863388,0.0,683.0,80458.98193322276,15400.0,0.0,11800.0,0.0,0.0,59.0,1.0,3600.0,6.0,240.0,720.0,0.0,0.0,6.0,0.0,68.0,0.0,0.0,0.0
2023-01-16,18285,54.0,54.0,1018.2103825136612,0.0,733.0,80584.309247448,13600.0,0.0,10000.0,0.0,0.0,50.0,1.0,3600.0,6.0,240.0,720.0,0.0,0.0,6.0,0.0,76.0,0.0,0.0,0.0
2023-01-17,18289,56.0,56.0,1088.01912568306,0.0,785.0,80587.22113442622,14000.0,600.0,9800.0,0.0,0.0,49.0,1.0,3600.0,6.0,240.0,720.0,0.0,0.0,6.0,0.0,59.0,0.0,0.0,0.0
2023-01-18,18293,48.0,48.0,1159.8224043715848,0.0,839.0,80449.37390706562,14400.0,200.0,10600.0,0.0,0.0,53.0,1.0,3600.0,6.0,240.0,720.0,0.0,0.0,6.0,0.0,76.0,0.0,0.0,0.0
2023-01-19,18287,62.0,62.0,1228.6338797814208,0.0,890.0,80433.00847987209,13800.0,400.0,9800.0,0.0,0.0,49.0,1.0,3600.0,6.0,240.0,720.0,0.0,0.0,6.0,0.0,72.0,0.0,0.0,0.0
2023-01-20,18298,69.0,69.0,1298.4426229508197,0.0,942.0,80298.69772992763,14000.0,600.0,9800.0,0.0,0.0,49.0,1.0,3600.0,6.0,240.0,720.0,0.0,0.0,6.0,0.0,69.0,0.0,0.0,0.0
2023-01-21,18315,49.0,49.0,1372.2404371584698,0.0,998.0,80133.8444367806,14800.0,200.0,11000.0,0.0,0.0,55.0,1.0,3600.0,6.0,240.0,720.0,0.0,0.0,6.0,0.0,70.0,0.0,0.0,0.0
2023-01-22,18308,37.0,37.0,1444.0437158469947,0.0,1052.0,79961.86988221515,14400.0,400.0,10400.0,0.0,0.0,52.0,1.0,3600.0,6.0,240.0,720.0,0.0,0.0,6.0,0.0,64.0,0.0,0.0,0.0
2023-01-23,18291,56.0,56.0,1511.8579234972678,0.0,1102.0,79943.87059095233,13600.0,400.0,9600.0,0.0,0.0,48.0,1.0,3600.0,6.0,240.0,720.0,0.0,0.0,6.0,0.0,67.0,0.0,0.0,0.0
2023-01-24,18297,42.0,42.0,1602.6092896174864,0.0,1175.0,79785.16722418735,18200.0,400.0,14200.0,0.0,0.0,71.0,1.0,3600.0,6.0,240.0,720.0,0.0,0.0,6.0,0.0,60.0,0.0,0.0,0.0
2023-01-25,18266,45.0,45.0,1670.4234972677596,0.0,1225.0,79487.2026307642,13600.0,1000.0,9000.0,0.0,0.0,45.0,1.0,3600.0,6.0,240.0,720.0,0.0,0.0,6.0,0.0,74.0,0.0,0.0,0.0
2023-01-26,18261,47.0,47.0,1747.2131147540983,0.0,1284.0,79289.31790766791,15400.0,800.0,11000.0,0.0,0.0,55.0,1.0,3600.0,6.0,240.0,720.0,0.0,0.0,6.0,0.0,61.0,0.0,0.0,0.0
2023-01-27,18249,45.0,45.0,1824.0027322404371,0.0,1343.0,79117.68168143176,15400.0,1200.0,10600.0,0.0,0.0,53.0,1.0,3600.0,6.0,240.0,720.0,0.0,0.0,6.0,0.0,79.0,0.0,0.0,0.0
2023-01-28,18235,49.0,49.0,1891.8169398907103,0.0,1393.0,78690.40069639438,13600.0,1000.0,9000.0,0.0,0.0,45.0,1.0,3600.0,6.0,240.0,720.0,0.0,0.0,6.0,0.0,77.0,0.0,0.0,0.0
2023-01-29,18234,45.0,45.0,1963.6202185792351,0.0,1447.0,78464.00874421622,14400.0,400.0,10400.0,0.0,0.0,52.0,1.0,3600.0,6.0,240.0,720.0,0.0,0.0,6.0,0.0,66.0,0.0,0.0,0.0
2023-01-30,18225,37.0,37.0,2024.4535519125682,0.0,1490.0,78219.29480738966,12200.0,400.0,8200.0,0.0,0.0,41.0,1.0,3600.0,6.0,240.0,720.0,0.0,0.0,6.0,0.0,68.0,0.0,0.0,0.0
2023-01-31,18219,54.0,54.0,2108.224043715847,0.0,1556.0,78085.88248797345,16800.0,1200.0,12000.0,0.0,0.0,60.0,1.0,3600.0,6.0,240.0,720.0,0.0,0.0,6.0,0.0,67.0,0.0,0.0,0.0
2023-02-01,18207,57.0,57.0,2171.051912568306,0.0,1601.0,77982.66501363264,12600.0,600.0,8400.0,0.0,0.0,42.0,1.0,3600.0,6.0,240.0,720.0,0.0,0.0,6.0,0.0,59.0,0.0,0.0,0.0
2023-02-02,18219,52.0,52.0,2236.8715846994537,0.0,1649.0,77998.60851008723,13200.0,800.0,8800.0,0.0,0.0,44.0,1.0,3600.0,6.0,240.0,720.0,0.0,0.0,6.0,0.0,63.0,0.0,0.0,0.0
2023-02-03,18223,38.0,38.0,2300.6967213114754,0.0,1695.0,77873.74764139375,12800.0,600.0,8600.0,0.0,0.0,43.0,1.0,3600.0,6.0,240.0,720.0,0.0,0.0,6.0,0.0,80.0,0.0,0.0,0.0
2023-02-04,18215,52.0,52.0,2372.5,0.0,1749.0,77874.11106690798,14400.0,200.0,10600.0,0.0,0.0,53.0,1.0,3600.0,6.0,240.0,720.0,0.0,0.0,6.0,0.0,80.0,0.0,0.0,0.0
2023-02-05,18213,63.0,63.0,2442.308743169399,0.0,1801.0,77684.33509508388,14000.0,800.0,9600.0,0.0,0.0,48.0,1.0,3600.0,6.0,240.0,720.0,0.0,0.0,6.0,0.0,57.0,0.0,0.0,0.0
2023-02-06,18224,50.0,50.0,2505.1366120218577,0.0,1846.0,77600.03945197594,12600.0,600.0,8400.0,0.0,0.0,42.0,1.0,3600.0,6.0,240.0,720.0,0.0,0.0,6.0,0.0,58.0,0.0,0.0,0.0
2023-02-07,18229,51.0,51.0,2564.9726775956283,0.0,1888.0,77622.00006813876,12000.0,400.0,8000.0,0.0,0.0,40.0,1.0,3600.0,6.0,240.0,720.0,0.0,0.0,6.0,0.0,63.0,0.0,0.0,0.0
2023-02-08,18238,48.0,48.0,2634.781420765027,0.0,1940.0,77507.49436408466,14000.0,800.0,9600.0,0.0,0.0,48.0,1.0,3600.0,6.0,240.0,720.0,0.0,0.0,6.0,0.0,72.0,0.0,0.0,0.0
2023-02-09,18234,43.0,43.0,2719.549180327869,0.0,2007.0,77168.2011281147,17000.0,800.0,12600.0,0.0,0.0,63.0,1.0,3600.0,6.0,240.0,720.0,0.0,0.0,6.0,0.0,81.0,0.0,0.0,0.0
2023-02-10,18210,48.0,48.0,2789.3579234972676,0.0,2059.0,77054.55275751311,14000.0,400.0,10000.0,0.0,0.0,50.0,1.0,3600.0,6.0,240.0,720.0,0.0,0.0,6.0,0.0,70.0,0.0,0.0,0.0
2023-02-11,18206,59.0,59.0,2848.1967213114754,0.0,2100.0,77025.0467662517,11800.0,1000.0,7200.0,0.0,0.0,36.0,1.0,3600.0,6.0,240.0,720.0,0.0,0.0,6.0,0.0,63.0,0.0,0.0,0.0
2023-02-12,18224,57.0,57.0,2937.950819672131,0.0,2172.0,76754.21744488267,18000.0,1000.0,13400.0,0.0,0.0,67.0,1.0,3600.0,6.0,240.0,720.0,0.0,0.0,6.0,0.0,57.0,0.0,0.0,0.0
2023-02-13,18209,49.0,49.0,3013.7431693989074,0.0,2230.0,76974.00079286887,15200.0,600.0,11000.0,0.0,0.0,55.0,1.0,3600.0,6.0,240.0,720.0,0.0,0.0,6.0,0.0,60.0,0.0,0.0,0.0
2023-02-14,18200,52.0,52.0,3074.5765027322404,0.0,2273.0,76751.91097058341,12200.0,600.0,8000.0,0.0,0.0,40.0,1.0,3600.0,6.0,240.0,720.0,0.0,0.0,6.0,0.0,62.0,0.0,0.0,0.0
2023-02-15,18209,51.0,51.0,3130.4234972677596,0.0,2311.0,76692.55281683781,11200.0,400.0,7200.0,0.0,0.0,36.0,1.0,3600.0,6.0,240.0,720.0,0.0,0.0,6.0,0.0,70.0,0.0,0.0,0.0
2023-02-16,18222,41.0,41.0,3189.262295081967,0.0,2352.0,76959.31413775854,11800.0,0.0,8200.0,0.0,0.0,41.0,1.0,3600.0,6.0,240.0,720.0,0.0,0.0,6.0,0.0,59.0,0.0,0.0,0.0
2023-02-17,18222,64.0,64.0,3255.0819672131147,0.0,2400.0,76920.32682757895,13200.0,600.0,9000.0,0.0,0.0,45.0,1.0,3600.0,6.0,240.0,720.0,0.0,0.0,6.0,0.0,64.0,0.0,0.0,0.0
2023-02-18,18238,45.0,45.0,3308.934426229508,0.0,2436.0,77014.62431990859,10800.0,200.0,7000.0,0.0,0.0,35.0,1.0,3600.0,6.0,240.0,720.0,0.0,0.0,6.0,0.0,61.0,0.0,0.0,0.0
2023-02-19,18247,41.0,41.0,3376.748633879781,0.0,2486.0,76838.33998884707,13600.0,400.0,9600.0,0.0,0.0,48.0,1.0,3600.0,6.0,240.0,720.0,0.0,0.0,6.0,0.0,70.0,0.0,0.0,0.0
2023-02-20,18238,57.0,57.0,3443.565573770492,0.0,2535.0,76696.61504959651,13400.0,800.0,9000.0,0.0,0.0,45.0,1.0,3600.0,6.0,240.0,720.0,0.0,0.0,6.0,0.0,72.0,0.0,0.0,0.0
2023-02-21,18246,43.0,43.0,3517.3633879781423,0.0,2591.0,76497.00144872049,14800.0,200.0,11000.0,0.0,0.0,55.0,1.0,3600.0,6.0,240.0,720.0,0.0,0.0,6.0,0.0,66.0,0.0,0.0,0.0
2023-02-22,18233,62.0,62.0,3584.1803278688526,0.0,2640.0,76555.80069839983,13400.0,600.0,9200.0,0.0,0.0,46.0,1.0,3600.0,6.0,240.0,720.0,0.0,0.0,6.0,0.0,60.0,0.0,0.0,0.0
2023-02-23,18246,47.0,47.0,3657.9781420765025,0.0,2696.0,76551.11432286806,14800.0,600.0,10600.0,0.0,0.0,53.0,1.0,3600.0,6.0,240.0,720.0,0.0,0.0,6.0,0.0,69.0,0.0,0.0,0.0
2023-02-24,18237,45.0,45.0,3718.8114754098365,0.0,2739.0,76336.58600729248,12200.0,400.0,8200.0,0.0,0.0,41.0,1.0,3600.0,6.0,240.0,720.0,0.0,0.0,6.0,0.0,84.0,0.0,0.0,0.0
2023-02-25,18239,40.0,40.0,3793.6065573770493,0.0,2796.0,76109.96931436581,15000.0,400.0,11000.0,0.0,0.0,55.0,1.0,3600.0,6.0,240.0,720.0,0.0,0.0,6.0,0.0,75.0,0.0,0.0,0.0
2023-02-26,18222,42.0,42.0,3854.4398907103828,0.0,2839.0,76117.7226838013,12200.0,400.0,8200.0,0.0,0.0,41.0,1.0,3600.0,6.0,240.0,720.0,0.0,0.0,6.0,0.0,64.0,0.0,0.0,0.0
2023-02-27,18221,59.0,59.0,3913.27868852459,0.0,2880.0,75090.37099430336,11800.0,400.0,7800.0,0.0,0.0,39.0,1.0,3600.0,6.0,240.0,720.0,0.0,0.0,6.0,0.0,73.0,0.0,0.0,0.0
2023-02-28,18239,52.0,52.0,3985.0819672131147,0.0,2934.0,74732.45941501192,14400.0,1200.0,9600.0,0.0,0.0,48.0,1.0,3600.0,6.0,240.0,720.0,0.0,0.0,6.0,0.0,60.0,0.0,0.0,0.0
2023-03-01,18237,54.0,54.0,4053.8934426229507,0.0,2985.0,74541.59065587237,13800.0,200.0,10000.0,0.0,0.0,50.0,1.0,3600.0,6.0,240.0,720.0,0.0,0.0,6.0,0.0,68.0,0.0,0.0,0.0
2023-03-02,18240,42.0,42.0,4137.663934426229,0.0,3051.0,74284.77623988217,16800.0,1000.0,12200.0,0.0,0.0,61.0,1.0,3600.0,6.0,240.0,720.0,0.0,0.0,6.0,0.0,61.0,0.0,0.0,0.0
2023-03-03,18216,49.0,49.0,4221.434426229508,0.0,3117.0,73800.69381260773,16800.0,1600.0,11600.0,0.0,0.0,58.0,1.0,3600.0,6.0,240.0,720.0,0.0,0.0,6.0,0.0,67.0,0.0,0.0,0.0
2023-03-04,18199,60.0,60.0,4294.234972677596,0.0,3172.0,73179.79242297092,14600.0,1800.0,9200.0,0.0,0.0,46.0,1.0,3600.0,6.0,240.0,720.0,0.0,0.0,6.0,0.0,62.0,0.0,0.0,0.0
2023-03-05,18204,51.0,51.0,4357.062841530054,0.0,3217.0,73126.4203641621,12600.0,400.0,8600.0,0.0,0.0,43.0,1.0,3600.0,6.0,240.0,720.0,0.0,0.0,6.0,0.0,59.0,0.0,0.0,0.0
2023-03-06,18210,47.0,47.0,4430.860655737705,0.0,3273.0,73044.98956511858,14800.0,400.0,10800.0,0.0,0.0,54.0,1.0,3600.0,6.0,240.0,720.0,0.0,0.0,6.0,0.0,64.0,0.0,0.0,0.0
2023-03-07,18201,60.0,60.0,4500.669398907104,0.0,3325.0,73093.82061789592,14000.0,600.0,9800.0,0.0,0.0,49.0,1.0,3600.0,6.0,240.0,720.0,0.0,0.0,6.0,0.0,72.0,0.0,0.0,0.0
2023-03-08,18209,50.0,50.0,4580.450819672132,0.0,3387.0,72817.27948683039,16000.0,1000.0,11400.0,0.0,0.0,57.0,1.0,3600.0,6.0,240.0,720.0,0.0,0.0,6.0,0.0,59.0,0.0,0.0,0.0
2023-03-09,18197,49.0,49.0,4662.226775956285,0.0,3451.0,72596.96130799734,16400.0,400.0,12400.0,0.0,0.0,62.0,1.0,3600.0,6.0,240.0,720.0,0.0,0.0,6.0,0.0,71.0,0.0,0.0,0.0
2023-03-10,18182,60.0,60.0,4731.03825136612,0.0,3502.0,71887.51962100067,13800.0,200.0,10000.0,0.0,0.0,50.0,1.0,3600.0,6.0,240.0,720.0,0.0,0.0,6.0,0.0,71.0,0.0,0.0,0.0
2023-03-11,18191,56.0,56.0,4784.890710382513,0.0,3538.0,71610.53284649347,10800.0,800.0,6400.0,0.0,0.0,32.0,1.0,3600.0,6.0,240.0,720.0,0.0,0.0,6.0,0.0,59.0,0.0,0.0,0.0
2023-03-12,18211,42.0,42.0,4851.707650273224,0.0,3587.0,71299.62085690246,13400.0,800.0,9000.0,0.0,0.0,45.0,1.0,3600.0,6.0,240.0,720.0,0.0,0.0,6.0,0.0,80.0,0.0,0.0,0.0
2023-03-13,18204,43.0,43.0,4915.532786885246,0.0,3633.0,71270.6549144366,12800.0,800.0,8400.0,0.0,0.0,42.0,1.0,3600.0,6.0,240.0,720.0,0.0,0.0,6.0,0.0,65.0,0.0,0.0,0.0
2023-03-14,18201,45.0,45.0,4976.366120218579,0.0,3676.0,71176.16705116391,12200.0,400.0,8200.0,0.0,0.0,41.0,1.0,3600.0,6.0,240.0,720.0,0.0,0.0,6.0,0.0,73.0,0.0,0.0,0.0
2023-03-15,18203,50.0,50.0,5036.20218579235,0.0,3718.0,70831.637334609,12000.0,800.0,7600.0,0.0,0.0,38.0,1.0,3600.0,6.0,240.0,720.0,0.0,0.0,6.0,0.0,56.0,0.0,0.0,0.0
2023-03-16,18211,47.0,47.0,5105.013661202186,0.0,3769.0,70649.57867406833,13800.0,600.0,9600.0,0.0,0.0,48.0,1.0,3600.0,6.0,240.0,720.0,0.0,0.0,6.0,0.0,76.0,0.0,0.0,0.0
2023-03-17,18207,51.0,51.0,5183.79781420765,0.0,3830.0,70454.22145800063,15800.0,600.0,11600.0,0.0,0.0,58.0,1.0,3600.0,6.0,240.0,720.0,0.0,0.0,6.0,0.0,77.0,0.0,0.0,0.0
2023-03-18,18197,41.0,41.0,5252.609289617486,0.0,3881.0,70388.34090306998,13800.0,0.0,10200.0,0.0,0.0,51.0,1.0,3600.0,6.0,240.0,720.0,0.0,0.0,6.0,0.0,62.0,0.0,0.0,0.0
2023-03-19,18187,49.0,49.0,5315.437158469946,0.0,3926.0,70433.21396278683,12600.0,200.0,8800.0,0.0,0.0,44.0,1.0,3600.0,6.0,240.0,720.0,0.0,0.0,6.0,0.0,76.0,0.0,0.0,0.0
2023-03-20,18191,53.0,53.0,5386.243169398907,0.0,3979.0,69896.8819153374,14200.0,600.0,10000.0,0.0,0.0,50.0,1.0,3600.0,6.0,240.0,720.0,0.0,0.0,6.0,0.0,66.0,0.0,0.0,0.0
2023-03-21,18191,37.0,37.0,5452.062841530054,0.0,4027.0,69923.08768235984,13200.0,600.0,9000.0,0.0,0.0,45.0,1.0,3600.0,6.0,240.0,720.0,0.0,0.0,6.0,0.0,77.0,0.0,0.0,0.0
2023-03-22,18180,58.0,58.0,5512.896174863388,0.0,4070.0,70026.72058419167,12200.0,400.0,8200.0,0.0,0.0,41.0,1.0,3600.0,6.0,240.0,720.0,0.0,0.0,6.0,0.0,76.0,0.0,0.0,0.0
2023-03-23,18195,44.0,44.0,5582.704918032787,0.0,4122.0,69691.52590411922,14000.0,1000.0,9400.0,0.0,0.0,47.0,1.0,3600.0,6.0,240.0,720.0,0.0,0.0,6.0,0.0,66.0,0.0,0.0,0.0
2023-03-24,18187,51.0,51.0,5647.527322404372,0.0,4169.0,69639.69477443579,13000.0,800.0,8600.0,0.0,0.0,43.0,1.0,3600.0,6.0,240.0,720.0,0.0,0.0,6.0,0.0,79.0,0.0,0.0,0.0
2023-03-25,18191,43.0,43.0,5712.349726775956,0.0,4228.0,69382.85024165701,13000.0,800.0,11000.0,0.0,0.0,55.0,1.0,1200.0,2.0,90.0,240.0,0.0,0.0,2.0,0.0,21.0,0.0,0.0,0.0
2023-03-26,18175,49.0,49.0,5762.213114754099,0.0,4278.0,69458.539325144,10000.0,800.0,9200.0,0.0,0.0,46.0,1.0,0.0,0.0,0.0,0.0,0.0,0.0,0.0,0.0,0.0,0.0,0.0,0.0
2023-03-27,18174,58.0,58.0,5827.035519125683,0.0,4343.0,69271.33890531953,13000.0,1000.0,12000.0,0.0,0.0,60.0,1.0,0.0,0.0,0.0,0.0,0.0,0.0,0.0,0.0,0.0,0.0,0.0,0.0
2023-03-28,18167,41.0,41.0,5875.901639344262,0.0,4392.0,69107.79505725422,9800.0,2200.0,7600.0,0.0,0.0,38.0,1.0,0.0,0.0,0.0,0.0,0.0,0.0,0.0,0.0,0.0,0.0,0.0,0.0
2023-03-29,18159,51.0,51.0,5930.751366120218,0.0,4447.0,68810.26154666704,11000.0,3000.0,8000.0,0.0,0.0,40.0,1.0,0.0,0.0,0.0,0.0,0.0,0.0,0.0,0.0,0.0,0.0,0.0,0.0
2023-03-30,18155,50.0,50.0,5994.5765027322395,0.0,4511.0,68473.71994241895,12800.0,3800.0,9000.0,0.0,0.0,45.0,1.0,0.0,0.0,0.0,0.0,0.0,0.0,0.0,0.0,0.0,0.0,0.0,0.0
2023-03-31,18141,55.0,55.0,6063.387978142077,0.0,4580.0,68134.20013242261,13800.0,3600.0,10200.0,0.0,0.0,51.0,1.0,0.0,0.0,0.0,0.0,0.0,0.0,0.0,0.0,0.0,0.0,0.0,0.0
2023-04-01,18127,53.0,53.0,6122.226775956285,0.0,4639.0,67965.5088826188,11800.0,3600.0,8200.0,0.0,0.0,41.0,1.0,0.0,0.0,0.0,0.0,0.0,0.0,0.0,0.0,0.0,0.0,0.0,0.0
2023-04-02,18121,59.0,59.0,6178.073770491803,0.0,4695.0,67802.49063907482,11200.0,3400.0,7800.0,0.0,0.0,39.0,1.0,0.0,0.0,0.0,0.0,0.0,0.0,0.0,0.0,0.0,0.0,0.0,0.0
2023-04-03,18124,45.0,45.0,6258.852459016393,0.0,4776.0,67344.04279761476,16200.0,4600.0,11600.0,0.0,0.0,58.0,1.0,0.0,0.0,0.0,0.0,0.0,0.0,0.0,0.0,0.0,0.0,0.0,0.0
2023-04-04,18088,47.0,47.0,6322.677595628416,0.0,4840.0,67039.43807159412,12800.0,4200.0,8600.0,0.0,0.0,43.0,1.0,0.0,0.0,0.0,0.0,0.0,0.0,0.0,0.0,0.0,0.0,0.0,0.0
2023-04-05,18071,44.0,44.0,6403.456284153005,0.0,4921.0,66548.24911391946,16200.0,4400.0,11800.0,0.0,0.0,59.0,1.0,0.0,0.0,0.0,0.0,0.0,0.0,0.0,0.0,0.0,0.0,0.0,0.0
2023-04-06,18034,46.0,46.0,6483.237704918033,0.0,5001.0,66214.95962018605,16000.0,4800.0,11200.0,0.0,0.0,56.0,1.0,0.0,0.0,0.0,0.0,0.0,0.0,0.0,0.0,0.0,0.0,0.0,0.0
2023-04-07,18000,56.0,56.0,6554.043715846995,0.0,5072.0,65269.75415621715,14200.0,6200.0,8000.0,0.0,0.0,40.0,1.0,0.0,0.0,0.0,0.0,0.0,0.0,0.0,0.0,0.0,0.0,0.0,0.0
2023-04-08,17985,61.0,61.0,6637.814207650273,0.0,5156.0,64619.26831167344,16800.0,7400.0,9400.0,0.0,0.0,47.0,1.0,0.0,0.0,0.0,0.0,0.0,0.0,0.0,0.0,0.0,0.0,0.0,0.0
2023-04-09,17962,50.0,50.0,6736.543715846995,0.0,5255.0,63839.5731783982,19800.0,8000.0,11800.0,0.0,0.0,59.0,1.0,0.0,0.0,0.0,0.0,0.0,0.0,0.0,0.0,0.0,0.0,0.0,0.0
2023-04-10,17913,50.0,50.0,6837.267759562841,0.0,5356.0,63327.31976733392,20200.0,9800.0,10400.0,0.0,0.0,52.0,1.0,0.0,0.0,0.0,0.0,0.0,0.0,0.0,0.0,0.0,0.0,0.0,0.0
2023-04-11,17862,60.0,60.0,6934.002732240438,0.0,5453.0,63248.623317944046,19400.0,10000.0,9400.0,0.0,0.0,47.0,1.0,0.0,0.0,0.0,0.0,0.0,0.0,0.0,0.0,0.0,0.0,0.0,0.0
2023-04-12,17825,54.0,54.0,7031.734972677596,0.0,5551.0,62535.34617015868,19600.0,9800.0,9800.0,0.0,0.0,49.0,1.0,0.0,0.0,0.0,0.0,0.0,0.0,0.0,0.0,0.0,0.0,0.0,0.0
2023-04-13,17781,50.0,50.0,7123.483606557377,0.0,5643.0,62066.547217883664,18400.0,10000.0,8400.0,0.0,0.0,42.0,1.0,0.0,0.0,0.0,0.0,0.0,0.0,0.0,0.0,0.0,0.0,0.0,0.0
2023-04-14,17739,52.0,52.0,7213.237704918033,0.0,5733.0,61572.55288206633,18000.0,10000.0,8000.0,0.0,0.0,40.0,1.0,0.0,0.0,0.0,0.0,0.0,0.0,0.0,0.0,0.0,0.0,0.0,0.0
2023-04-15,17701,59.0,59.0,7309.972677595628,0.0,5830.0,61165.97455498259,19400.0,9800.0,9600.0,0.0,0.0,48.0,1.0,0.0,0.0,0.0,0.0,0.0,0.0,0.0,0.0,0.0,0.0,0.0,0.0
2023-04-16,17663,52.0,52.0,7414.685792349727,0.0,5935.0,60664.72425424482,21000.0,10000.0,11000.0,0.0,0.0,55.0,1.0,0.0,0.0,0.0,0.0,0.0,0.0,0.0,0.0,0.0,0.0,0.0,0.0
2023-04-17,17610,37.0,37.0,7520.396174863388,0.0,6041.0,60044.197983820864,21200.0,10000.0,11200.0,0.0,0.0,56.0,1.0,0.0,0.0,0.0,0.0,0.0,0.0,0.0,0.0,0.0,0.0,0.0,0.0
2023-04-18,17541,52.0,52.0,7629.098360655737,0.0,6150.0,59856.113250764436,21800.0,9800.0,12000.0,0.0,0.0,60.0,1.0,0.0,0.0,0.0,0.0,0.0,0.0,0.0,0.0,0.0,0.0,0.0,0.0
2023-04-19,17484,53.0,53.0,7715.860655737704,0.0,6237.0,59693.2179946834,17400.0,9600.0,7800.0,0.0,0.0,39.0,1.0,0.0,0.0,0.0,0.0,0.0,0.0,0.0,0.0,0.0,0.0,0.0,0.0
2023-04-20,17450,51.0,51.0,7806.6120218579235,0.0,6328.0,59348.40824854958,18200.0,10000.0,8200.0,0.0,0.0,41.0,1.0,0.0,0.0,0.0,0.0,0.0,0.0,0.0,0.0,0.0,0.0,0.0,0.0
2023-04-21,17410,50.0,50.0,7902.349726775957,0.0,6424.0,59020.8593943698,19200.0,10000.0,9200.0,0.0,0.0,46.0,1.0,0.0,0.0,0.0,0.0,0.0,0.0,0.0,0.0,0.0,0.0,0.0,0.0
2023-04-22,17364,52.0,52.0,7996.092896174863,0.0,6518.0,58688.65228631239,18800.0,10000.0,8800.0,0.0,0.0,44.0,1.0,0.0,0.0,0.0,0.0,0.0,0.0,0.0,0.0,0.0,0.0,0.0,0.0
2023-04-23,17322,50.0,50.0,8093.825136612023,0.0,6616.0,58146.36355961564,19600.0,10000.0,9600.0,0.0,0.0,48.0,1.0,0.0,0.0,0.0,0.0,0.0,0.0,0.0,0.0,0.0,0.0,0.0,0.0
2023-04-24,17274,50.0,50.0,8184.5765027322395,0.0,6707.0,57688.374696182764,18200.0,10000.0,8200.0,0.0,0.0,41.0,1.0,0.0,0.0,0.0,0.0,0.0,0.0,0.0,0.0,0.0,0.0,0.0,0.0
2023-04-25,17233,56.0,56.0,8275.327868852459,0.0,6798.0,57320.51253188108,18200.0,10000.0,8200.0,0.0,0.0,41.0,1.0,0.0,0.0,0.0,0.0,0.0,0.0,0.0,0.0,0.0,0.0,0.0,0.0
2023-04-26,17198,54.0,54.0,8366.079234972678,0.0,6889.0,57030.85868735673,18200.0,10000.0,8200.0,0.0,0.0,41.0,1.0,0.0,0.0,0.0,0.0,0.0,0.0,0.0,0.0,0.0,0.0,0.0,0.0
2023-04-27,17161,51.0,51.0,8468.797814207652,0.0,6992.0,56530.57830865798,20600.0,9400.0,11200.0,0.0,0.0,56.0,1.0,0.0,0.0,0.0,0.0,0.0,0.0,0.0,0.0,0.0,0.0,0.0,0.0
2023-04-28,17109,62.0,62.0,8560.54644808743,0.0,7084.0,56258.76683509772,18400.0,9800.0,8600.0,0.0,0.0,43.0,1.0,0.0,0.0,0.0,0.0,0.0,0.0,0.0,0.0,0.0,0.0,0.0,0.0
2023-04-29,17079,60.0,60.0,8653.292349726777,0.0,7177.0,55722.947719502474,18600.0,10000.0,8600.0,0.0,0.0,43.0,1.0,0.0,0.0,0.0,0.0,0.0,0.0,0.0,0.0,0.0,0.0,0.0,0.0
2023-04-30,17046,46.0,46.0,8751.024590163934,0.0,7275.0,55158.38896298697,19600.0,10000.0,9600.0,0.0,0.0,48.0,1.0,0.0,0.0,0.0,0.0,0.0,0.0,0.0,0.0,0.0,0.0,0.0,0.0
2023-05-01,16994,56.0,56.0,8837.786885245901,0.0,7362.0,54926.73199587006,17400.0,9800.0,7600.0,0.0,0.0,38.0,1.0,0.0,0.0,0.0,0.0,0.0,0.0,0.0,0.0,0.0,0.0,0.0,0.0
2023-05-02,16963,54.0,54.0,8945.491803278688,0.0,7452.0,54842.89606020265,21600.0,8800.0,9200.0,0.0,0.0,46.0,1.0,3600.0,6.0,240.0,720.0,23.0,0.0,6.0,0.0,21.0,0.0,0.0,0.0
2023-05-03,16927,49.0,49.0,9049.207650273223,0.0,7538.0,54565.610658441125,20800.0,6800.0,10400.0,0.0,0.0,52.0,1.0,3600.0,6.0,240.0,720.0,26.0,0.0,6.0,0.0,15.0,0.0,0.0,0.0
2023-05-04,16890,48.0,48.0,9123.005464480875,0.0,7594.0,54494.425554785455,14800.0,4800.0,6400.0,0.0,0.0,32.0,1.0,3600.0,6.0,240.0,720.0,29.0,0.0,6.0,0.0,26.0,0.0,0.0,0.0
2023-05-05,16882,50.0,50.0,9187.827868852459,0.0,7641.0,54355.865949254236,13000.0,2600.0,6800.0,0.0,0.0,34.0,1.0,3600.0,6.0,240.0,720.0,27.0,0.0,6.0,0.0,24.0,0.0,0.0,0.0
2023-05-06,16885,36.0,36.0,9254.644808743169,0.0,7690.0,54319.334536553375,13400.0,600.0,9200.0,0.0,0.0,46.0,1.0,3600.0,6.0,240.0,720.0,22.0,0.0,6.0,0.0,22.0,0.0,0.0,0.0
2023-05-07,16872,47.0,47.0,9305.505464480875,0.0,7723.0,54366.37951408867,10200.0,0.0,6600.0,0.0,0.0,33.0,1.0,3600.0,6.0,240.0,720.0,24.0,0.0,6.0,0.0,25.0,0.0,0.0,0.0
2023-05-08,16886,50.0,50.0,9374.31693989071,0.0,7774.0,54519.952662346666,13800.0,0.0,10200.0,0.0,0.0,51.0,1.0,3600.0,6.0,240.0,720.0,22.0,0.0,6.0,0.0,15.0,0.0,0.0,0.0
2023-05-09,16885,45.0,45.0,9432.158469945356,0.0,7814.0,54727.955781761375,11600.0,0.0,8000.0,0.0,0.0,40.0,1.0,3600.0,6.0,240.0,720.0,37.0,0.0,6.0,0.0,21.0,0.0,0.0,0.0
2023-05-10,16890,41.0,41.0,9490.0,0.0,7854.0,54746.82508514397,11600.0,0.0,8000.0,0.0,0.0,40.0,1.0,3600.0,6.0,240.0,720.0,34.0,0.0,6.0,0.0,24.0,0.0,0.0,0.0
2023-05-11,16891,47.0,47.0,9556.81693989071,0.0,7903.0,54873.30686892822,13400.0,0.0,9800.0,0.0,0.0,49.0,1.0,3600.0,6.0,240.0,720.0,26.0,0.0,6.0,0.0,18.0,0.0,0.0,0.0
2023-05-12,16889,56.0,56.0,9612.66393442623,0.0,7941.0,54970.18322397754,11200.0,0.0,7600.0,0.0,0.0,38.0,1.0,3600.0,6.0,240.0,720.0,32.0,0.0,6.0,0.0,25.0,0.0,0.0,0.0
2023-05-13,16907,60.0,60.0,9673.497267759562,0.0,7984.0,55174.144156446695,12200.0,0.0,8600.0,0.0,0.0,43.0,1.0,3600.0,6.0,240.0,720.0,26.0,0.0,6.0,0.0,26.0,0.0,0.0,0.0
2023-05-14,16924,56.0,56.0,9734.330601092895,0.0,8027.0,55201.877944313725,12200.0,0.0,8600.0,0.0,0.0,43.0,1.0,3600.0,6.0,240.0,720.0,29.0,0.0,6.0,0.0,25.0,0.0,0.0,0.0
2023-05-15,16937,45.0,45.0,9803.142076502734,0.0,8078.0,55183.9212139858,13800.0,0.0,10200.0,0.0,0.0,51.0,1.0,3600.0,6.0,240.0,720.0,28.0,0.0,6.0,0.0,21.0,0.0,0.0,0.0
2023-05-16,16931,50.0,50.0,9857.991803278688,0.0,8115.0,55311.39410351632,11000.0,0.0,7400.0,0.0,0.0,37.0,1.0,3600.0,6.0,240.0,720.0,24.0,0.0,6.0,0.0,29.0,0.0,0.0,0.0
2023-05-17,16944,46.0,46.0,9909.849726775958,0.0,8149.0,55392.931479606224,10400.0,0.0,6800.0,0.0,0.0,34.0,1.0,3600.0,6.0,240.0,720.0,28.0,0.0,6.0,0.0,21.0,0.0,0.0,0.0
2023-05-18,16956,44.0,44.0,9963.702185792348,0.0,8185.0,55300.3124589097,10800.0,600.0,6600.0,0.0,0.0,33.0,1.0,3600.0,6.0,240.0,720.0,21.0,0.0,6.0,0.0,22.0,0.0,0.0,0.0
2023-05-19,16964,48.0,48.0,10032.513661202185,0.0,8236.0,55279.08606629051,13800.0,800.0,9400.0,0.0,0.0,47.0,1.0,3600.0,6.0,240.0,720.0,41.0,0.0,6.0,0.0,17.0,0.0,0.0,0.0
2023-05-20,16961,51.0,51.0,10090.355191256831,0.0,8276.0,55339.36804543951,11600.0,800.0,7200.0,0.0,0.0,36.0,1.0,3600.0,6.0,240.0,720.0,36.0,0.0,6.0,0.0,31.0,0.0,0.0,0.0
2023-05-21,16972,42.0,42.0,10167.144808743169,0.0,8335.0,55169.82862467928,15400.0,1200.0,10600.0,0.0,0.0,53.0,1.0,3600.0,6.0,240.0,720.0,35.0,0.0,6.0,0.0,23.0,0.0,0.0,0.0
2023-05-22,16955,56.0,56.0,10238.948087431694,0.0,8389.0,55140.00552889079,14400.0,800.0,10000.0,0.0,0.0,50.0,1.0,3600.0,6.0,240.0,720.0,45.0,0.0,6.0,0.0,30.0,0.0,0.0,0.0
2023-05-23,16957,43.0,43.0,10292.800546448088,0.0,8425.0,55107.50472090001,10800.0,400.0,6800.0,0.0,0.0,34.0,1.0,3600.0,6.0,240.0,720.0,23.0,0.0,6.0,0.0,20.0,0.0,0.0,0.0
2023-05-24,16964,51.0,51.0,10362.609289617487,0.0,8477.0,55101.24827386684,14000.0,200.0,10200.0,0.0,0.0,51.0,1.0,3600.0,6.0,240.0,720.0,37.0,0.0,6.0,0.0,17.0,0.0,0.0,0.0
2023-05-25,16963,41.0,41.0,10435.409836065573,0.0,8532.0,54983.03059312199,14600.0,400.0,10600.0,0.0,0.0,53.0,1.0,3600.0,6.0,240.0,720.0,21.0,0.0,6.0,0.0,20.0,0.0,0.0,0.0
2023-05-26,16949,47.0,47.0,10497.240437158469,0.0,8576.0,54910.21395627949,12400.0,600.0,8200.0,0.0,0.0,41.0,1.0,3600.0,6.0,240.0,720.0,30.0,0.0,6.0,0.0,20.0,0.0,0.0,0.0
2023-05-27,16952,62.0,62.0,10570.040983606556,0.0,8631.0,54988.26281090161,14600.0,200.0,10800.0,0.0,0.0,54.0,1.0,3600.0,6.0,240.0,720.0,23.0,0.0,6.0,0.0,20.0,0.0,0.0,0.0
2023-05-28,16959,39.0,39.0,10634.863387978143,0.0,8678.0,54945.03932282952,13000.0,400.0,9000.0,0.0,0.0,45.0,1.0,3600.0,6.0,240.0,720.0,26.0,0.0,6.0,0.0,27.0,0.0,0.0,0.0
2023-05-29,16951,47.0,47.0,10704.672131147541,0.0,8730.0,54993.60667916669,14000.0,200.0,10200.0,0.0,0.0,51.0,1.0,3600.0,6.0,240.0,720.0,31.0,0.0,6.0,0.0,26.0,0.0,0.0,0.0
2023-05-30,16946,55.0,55.0,10772.486338797815,0.0,8780.0,54876.01335482463,13600.0,600.0,9400.0,0.0,0.0,47.0,1.0,3600.0,6.0,240.0,720.0,22.0,0.0,6.0,0.0,23.0,0.0,0.0,0.0
2023-05-31,16951,53.0,53.0,10825.341530054644,0.0,8815.0,54912.33385439831,10600.0,0.0,7000.0,0.0,0.0,35.0,1.0,3600.0,6.0,240.0,720.0,32.0,0.0,6.0,0.0,19.0,0.0,0.0,0.0
2023-06-01,16969,45.0,45.0,10903.128415300545,0.0,8875.0,54859.05585781372,15600.0,1000.0,11000.0,0.0,0.0,55.0,1.0,3600.0,6.0,240.0,720.0,35.0,0.0,6.0,0.0,26.0,0.0,0.0,0.0
2023-06-02,16954,39.0,39.0,10950.0,0.0,8904.0,54872.70455484256,9400.0,800.0,5000.0,0.0,0.0,25.0,1.0,3600.0,6.0,240.0,720.0,26.0,0.0,6.0,0.0,22.0,0.0,0.0,0.0
2023-06-03,16964,68.0,68.0,11017.814207650274,0.0,8954.0,54943.57289403395,13600.0,1000.0,9000.0,0.0,0.0,45.0,1.0,3600.0,6.0,240.0,720.0,25.0,0.0,6.0,0.0,19.0,0.0,0.0,0.0
2023-06-04,16982,42.0,42.0,11082.636612021857,0.0,9001.0,55077.800577978,13000.0,1000.0,8400.0,0.0,0.0,42.0,1.0,3600.0,6.0,240.0,720.0,31.0,0.0,6.0,0.0,18.0,0.0,0.0,0.0
2023-06-05,16977,51.0,51.0,11143.469945355191,0.0,9044.0,55053.14074953484,12200.0,1000.0,7600.0,0.0,0.0,38.0,1.0,3600.0,6.0,240.0,720.0,32.0,0.0,6.0,0.0,18.0,0.0,0.0,0.0
2023-06-06,16985,56.0,56.0,11208.292349726777,0.0,9091.0,54891.384952049695,13000.0,1800.0,7600.0,0.0,0.0,38.0,1.0,3600.0,6.0,240.0,720.0,27.0,0.0,6.0,0.0,21.0,0.0,0.0,0.0
2023-06-07,16994,61.0,61.0,11273.11475409836,0.0,9138.0,54974.132656569316,13000.0,1000.0,8400.0,0.0,0.0,42.0,1.0,3600.0,6.0,240.0,720.0,19.0,0.0,6.0,0.0,16.0,0.0,0.0,0.0
2023-06-08,17008,53.0,53.0,11354.890710382513,0.0,9202.0,54903.68507678527,16400.0,600.0,12200.0,0.0,0.0,61.0,1.0,3600.0,6.0,240.0,720.0,31.0,0.0,6.0,0.0,24.0,0.0,0.0,0.0
2023-06-09,16997,48.0,48.0,11415.724043715845,0.0,9245.0,55041.962989643085,12200.0,400.0,8200.0,0.0,0.0,41.0,1.0,3600.0,6.0,240.0,720.0,34.0,0.0,6.0,0.0,22.0,0.0,0.0,0.0
2023-06-10,17002,55.0,55.0,11480.54644808743,0.0,9292.0,54944.27559304005,13000.0,1200.0,8200.0,0.0,0.0,41.0,1.0,3600.0,6.0,240.0,720.0,36.0,0.0,6.0,0.0,22.0,0.0,0.0,0.0
2023-06-11,17010,52.0,52.0,11548.360655737706,0.0,9342.0,54899.1720409589,13600.0,800.0,9200.0,0.0,0.0,46.0,1.0,3600.0,6.0,240.0,720.0,24.0,0.0,6.0,0.0,16.0,0.0,0.0,0.0
2023-06-12,17012,35.0,35.0,11611.188524590165,0.0,9387.0,54724.61913099488,12600.0,1200.0,7800.0,0.0,0.0,39.0,1.0,3600.0,6.0,240.0,720.0,28.0,0.0,6.0,0.0,16.0,0.0,0.0,0.0
2023-06-13,17002,61.0,61.0,11676.010928961749,0.0,9434.0,54801.629701777696,13000.0,1000.0,8400.0,0.0,0.0,42.0,1.0,3600.0,6.0,240.0,720.0,21.0,0.0,6.0,0.0,15.0,0.0,0.0,0.0
2023-06-14,17016,45.0,45.0,11732.855191256833,0.0,9473.0,54923.90970182346,11400.0,200.0,7600.0,0.0,0.0,38.0,1.0,3600.0,6.0,240.0,720.0,31.0,0.0,6.0,0.0,31.0,0.0,0.0,0.0
2023-06-15,17022,54.0,54.0,11788.70218579235,0.0,9511.0,55050.490746931064,11200.0,600.0,7000.0,0.0,0.0,35.0,1.0,3600.0,6.0,240.0,720.0,20.0,0.0,6.0,0.0,25.0,0.0,0.0,0.0
2023-06-16,17038,54.0,54.0,11846.543715846994,0.0,9551.0,55117.68339413621,11600.0,400.0,7600.0,0.0,0.0,38.0,1.0,3600.0,6.0,240.0,720.0,26.0,0.0,6.0,0.0,27.0,0.0,0.0,0.0
2023-06-17,17052,35.0,35.0,11907.377049180328,0.0,9594.0,55056.168660361436,12200.0,800.0,7800.0,0.0,0.0,39.0,1.0,3600.0,6.0,240.0,720.0,23.0,0.0,6.0,0.0,21.0,0.0,0.0,0.0
2023-06-18,17044,49.0,49.0,11978.18306010929,0.0,9647.0,55247.57155603245,14200.0,600.0,10000.0,0.0,0.0,50.0,1.0,3600.0,6.0,240.0,720.0,35.0,0.0,6.0,0.0,15.0,0.0,0.0,0.0
2023-06-19,17040,47.0,47.0,12045.997267759563,0.0,9697.0,55376.91918553656,13600.0,400.0,9600.0,0.0,0.0,48.0,1.0,3600.0,6.0,240.0,720.0,22.0,0.0,6.0,0.0,16.0,0.0,0.0,0.0
2023-06-20,17037,53.0,53.0,12121.789617486338,0.0,9755.0,55498.92398222352,15200.0,600.0,11000.0,0.0,0.0,55.0,1.0,3600.0,6.0,240.0,720.0,32.0,0.0,6.0,0.0,21.0,0.0,0.0,0.0
2023-06-21,17032,63.0,63.0,12177.636612021857,0.0,9793.0,55682.039066033525,11200.0,400.0,7200.0,0.0,0.0,36.0,1.0,3600.0,6.0,240.0,720.0,34.0,0.0,6.0,0.0,24.0,0.0,0.0,0.0
2023-06-22,17057,48.0,48.0,12240.464480874318,0.0,9838.0,55708.969265183354,12600.0,600.0,8400.0,0.0,0.0,42.0,1.0,3600.0,6.0,240.0,720.0,27.0,0.0,6.0,0.0,25.0,0.0,0.0,0.0
2023-06-23,17060,59.0,59.0,12306.284153005465,0.0,9886.0,55793.49631934133,13200.0,400.0,9200.0,0.0,0.0,46.0,1.0,3600.0,6.0,240.0,720.0,26.0,0.0,6.0,0.0,19.0,0.0,0.0,0.0
2023-06-24,17071,50.0,50.0,12383.073770491803,0.0,9945.0,55621.79442274579,15400.0,1200.0,10600.0,0.0,0.0,53.0,1.0,3600.0,6.0,240.0,720.0,30.0,0.0,6.0,0.0,24.0,0.0,0.0,0.0
2023-06-25,17062,46.0,46.0,12446.898907103825,0.0,9991.0,55545.24815550725,12800.0,800.0,8400.0,0.0,0.0,42.0,1.0,3600.0,6.0,240.0,720.0,32.0,0.0,6.0,0.0,20.0,0.0,0.0,0.0
2023-06-26,17062,52.0,52.0,12500.751366120217,0.0,10027.0,55572.71785599983,10800.0,1000.0,6200.0,0.0,0.0,31.0,1.0,3600.0,6.0,240.0,720.0,36.0,0.0,6.0,0.0,22.0,0.0,0.0,0.0
2023-06-27,17078,44.0,44.0,12552.609289617487,0.0,10061.0,55577.61007778379,10400.0,600.0,6200.0,0.0,0.0,31.0,1.0,3600.0,6.0,240.0,720.0,23.0,0.0,6.0,0.0,20.0,0.0,0.0,0.0
2023-06-28,17088,48.0,48.0,12621.420765027322,0.0,10112.0,55657.15163554748,13800.0,800.0,9400.0,0.0,0.0,47.0,1.0,3600.0,6.0,240.0,720.0,26.0,0.0,6.0,0.0,19.0,0.0,0.0,0.0
2023-06-29,17085,51.0,51.0,12695.218579234972,0.0,10168.0,55746.504208802966,14800.0,200.0,11000.0,0.0,0.0,55.0,1.0,3600.0,6.0,240.0,720.0,27.0,0.0,6.0,0.0,28.0,0.0,0.0,0.0
2023-06-30,17080,44.0,44.0,12758.04644808743,0.0,10213.0,55760.59777456599,12600.0,600.0,8400.0,0.0,0.0,42.0,1.0,3600.0,6.0,240.0,720.0,29.0,0.0,6.0,0.0,29.0,0.0,0.0,0.0
2023-07-01,17079,61.0,61.0,12821.871584699455,0.0,10259.0,55752.76374868422,12800.0,200.0,9000.0,0.0,0.0,45.0,1.0,3600.0,6.0,240.0,720.0,25.0,0.0,6.0,0.0,20.0,0.0,0.0,0.0
2023-07-02,17094,51.0,51.0,12879.713114754099,0.0,10299.0,55794.00784064977,11600.0,400.0,7600.0,0.0,0.0,38.0,1.0,3600.0,6.0,240.0,720.0,32.0,0.0,6.0,0.0,20.0,0.0,0.0,0.0
2023-07-03,17105,59.0,59.0,12944.535519125682,0.0,10346.0,55890.643349381,13000.0,0.0,9400.0,0.0,0.0,47.0,1.0,3600.0,6.0,240.0,720.0,26.0,0.0,6.0,0.0,26.0,0.0,0.0,0.0
2023-07-04,17117,51.0,51.0,13008.360655737706,0.0,10392.0,55651.895024588106,12800.0,400.0,8800.0,0.0,0.0,44.0,1.0,3600.0,6.0,240.0,720.0,25.0,0.0,6.0,0.0,24.0,0.0,0.0,0.0
2023-07-05,17122,49.0,49.0,13068.196721311477,0.0,10434.0,55696.86908544126,12000.0,200.0,8200.0,0.0,0.0,41.0,1.0,3600.0,6.0,240.0,720.0,25.0,0.0,6.0,0.0,23.0,0.0,0.0,0.0
2023-07-06,17129,49.0,49.0,13138.005464480875,0.0,10486.0,55673.2414076747,14000.0,400.0,10000.0,0.0,0.0,50.0,1.0,3600.0,6.0,240.0,720.0,24.0,0.0,6.0,0.0,24.0,0.0,0.0,0.0
2023-07-07,17126,50.0,50.0,13194.849726775958,0.0,10525.0,55861.70809576829,11400.0,400.0,7400.0,0.0,0.0,37.0,1.0,3600.0,6.0,240.0,720.0,26.0,0.0,6.0,0.0,17.0,0.0,0.0,0.0
2023-07-08,17137,43.0,43.0,13261.666666666668,0.0,10574.0,55844.780611097376,13400.0,600.0,9200.0,0.0,0.0,46.0,1.0,3600.0,6.0,240.0,720.0,32.0,0.0,6.0,0.0,26.0,0.0,0.0,0.0
2023-07-09,17131,55.0,55.0,13329.480874316941,0.0,10624.0,55927.676624302214,13600.0,200.0,9800.0,0.0,0.0,49.0,1.0,3600.0,6.0,240.0,720.0,28.0,0.0,6.0,0.0,19.0,0.0,0.0,0.0
2023-07-10,17136,47.0,47.0,13397.295081967213,0.0,10674.0,55833.40907596052,13600.0,600.0,9400.0,0.0,0.0,47.0,1.0,3600.0,6.0,240.0,720.0,31.0,0.0,6.0,0.0,27.0,0.0,0.0,0.0
2023-07-11,17133,67.0,67.0,13456.13387978142,0.0,10715.0,55842.91536043273,11800.0,1000.0,7200.0,0.0,0.0,36.0,1.0,3600.0,6.0,240.0,720.0,33.0,0.0,6.0,0.0,26.0,0.0,0.0,0.0
2023-07-12,17159,54.0,54.0,13526.939890710382,0.0,10768.0,55747.284149277184,14200.0,1600.0,9000.0,0.0,0.0,45.0,1.0,3600.0,6.0,240.0,720.0,32.0,0.0,6.0,0.0,16.0,0.0,0.0,0.0
2023-07-13,17160,56.0,56.0,13588.77049180328,0.0,10812.0,55810.016945008065,12400.0,400.0,8400.0,0.0,0.0,42.0,1.0,3600.0,6.0,240.0,720.0,32.0,0.0,6.0,0.0,17.0,0.0,0.0,0.0
2023-07-14,17172,52.0,52.0,13649.603825136612,0.0,10855.0,55860.85608507396,12200.0,400.0,8200.0,0.0,0.0,41.0,1.0,3600.0,6.0,240.0,720.0,20.0,0.0,6.0,0.0,13.0,0.0,0.0,0.0
2023-07-15,17181,48.0,48.0,13715.423497267759,0.0,10903.0,55834.67927793814,13200.0,1200.0,8400.0,0.0,0.0,42.0,1.0,3600.0,6.0,240.0,720.0,32.0,0.0,6.0,0.0,26.0,0.0,0.0,0.0
2023-07-16,17181,57.0,57.0,13787.226775956284,0.0,10957.0,55707.206078123505,14400.0,1000.0,9800.0,0.0,0.0,49.0,1.0,3600.0,6.0,240.0,720.0,37.0,0.0,6.0,0.0,30.0,0.0,0.0,0.0
2023-07-17,17184,60.0,60.0,13857.035519125682,0.0,11009.0,55737.48068027091,14000.0,600.0,9800.0,0.0,0.0,49.0,1.0,3600.0,6.0,240.0,720.0,27.0,0.0,6.0,0.0,32.0,0.0,0.0,0.0
2023-07-18,17192,53.0,53.0,13918.86612021858,0.0,11053.0,55535.03150525308,12400.0,600.0,8200.0,0.0,0.0,41.0,1.0,3600.0,6.0,240.0,720.0,32.0,0.0,6.0,0.0,14.0,0.0,0.0,0.0
2023-07-19,17201,57.0,57.0,13985.68306010929,0.0,11102.0,55570.786538686705,13400.0,600.0,9200.0,0.0,0.0,46.0,1.0,3600.0,6.0,240.0,720.0,33.0,0.0,6.0,0.0,24.0,0.0,0.0,0.0
2023-07-20,17209,50.0,50.0,14046.516393442622,0.0,11145.0,55583.037387233366,12200.0,600.0,8000.0,0.0,0.0,40.0,1.0,3600.0,6.0,240.0,720.0,30.0,0.0,6.0,0.0,22.0,0.0,0.0,0.0
2023-07-21,17216,43.0,43.0,14115.327868852459,0.0,11196.0,55459.65857237906,13800.0,1000.0,9200.0,0.0,0.0,46.0,1.0,3600.0,6.0,240.0,720.0,37.0,0.0,6.0,0.0,15.0,0.0,0.0,0.0
2023-07-22,17208,54.0,54.0,14184.139344262294,0.0,11247.0,55162.76098148034,13800.0,600.0,9600.0,0.0,0.0,48.0,1.0,3600.0,6.0,240.0,720.0,24.0,0.0,6.0,0.0,29.0,0.0,0.0,0.0
2023-07-23,17211,46.0,46.0,14253.948087431692,0.0,11299.0,55215.983391333706,14000.0,1000.0,9400.0,0.0,0.0,47.0,1.0,3600.0,6.0,240.0,720.0,30.0,0.0,6.0,0.0,19.0,0.0,0.0,0.0
2023-07-24,17205,44.0,44.0,14318.77049180328,0.0,11358.0,55147.18974115239,13000.0,1400.0,10400.0,0.0,0.0,52.0,1.0,1200.0,2.0,90.0,240.0,13.0,0.0,2.0,0.0,8.0,0.0,0.0,0.0
2023-07-25,17190,52.0,52.0,14372.622950819672,0.0,11412.0,55262.12650735287,10800.0,800.0,10000.0,0.0,0.0,50.0,1.0,0.0,0.0,0.0,0.0,0.0,0.0,0.0,0.0,0.0,0.0,0.0,0.0
2023-07-26,17188,53.0,53.0,14417.5,0.0,11457.0,55314.011099937066,9000.0,800.0,8200.0,0.0,0.0,41.0,1.0,0.0,0.0,0.0,0.0,0.0,0.0,0.0,0.0,0.0,0.0,0.0,0.0
2023-07-27,17196,46.0,46.0,14467.363387978143,0.0,11507.0,55350.48520045824,10000.0,1200.0,8800.0,0.0,0.0,44.0,1.0,0.0,0.0,0.0,0.0,0.0,0.0,0.0,0.0,0.0,0.0,0.0,0.0
2023-07-28,17192,49.0,49.0,14515.232240437157,0.0,11555.0,55335.56837362894,9600.0,1600.0,8000.0,0.0,0.0,40.0,1.0,0.0,0.0,0.0,0.0,0.0,0.0,0.0,0.0,0.0,0.0,0.0,0.0
2023-07-29,17193,53.0,53.0,14569.084699453553,0.0,11609.0,55268.562283309926,10800.0,2000.0,8800.0,0.0,0.0,44.0,1.0,0.0,0.0,0.0,0.0,0.0,0.0,0.0,0.0,0.0,0.0,0.0,0.0
2023-07-30,17192,50.0,50.0,14622.937158469944,0.0,11663.0,55080.65831117323,10800.0,3000.0,7800.0,0.0,0.0,39.0,1.0,0.0,0.0,0.0,0.0,0.0,0.0,0.0,0.0,0.0,0.0,0.0,0.0
2023-07-31,17188,49.0,49.0,14675.792349726777,0.0,11716.0,54888.98908736886,10600.0,3200.0,7400.0,0.0,0.0,37.0,1.0,0.0,0.0,0.0,0.0,0.0,0.0,0.0,0.0,0.0,0.0,0.0,0.0
2023-08-01,17184,49.0,49.0,14741.612021857924,0.0,11782.0,54649.0727135371,13200.0,4200.0,9000.0,0.0,0.0,45.0,1.0,0.0,0.0,0.0,0.0,0.0,0.0,0.0,0.0,0.0,0.0,0.0,0.0
2023-08-02,17167,54.0,54.0,14805.437158469944,0.0,11846.0,54192.91465179733,12800.0,5000.0,7800.0,0.0,0.0,39.0,1.0,0.0,0.0,0.0,0.0,0.0,0.0,0.0,0.0,0.0,0.0,0.0,0.0
2023-08-03,17157,47.0,47.0,14878.237704918032,0.0,11919.0,53808.615255880286,14600.0,5400.0,9200.0,0.0,0.0,46.0,1.0,0.0,0.0,0.0,0.0,0.0,0.0,0.0,0.0,0.0,0.0,0.0,0.0
2023-08-04,17131,62.0,62.0,14949.043715846994,0.0,11990.0,53642.34193473308,14200.0,6200.0,8000.0,0.0,0.0,40.0,1.0,0.0,0.0,0.0,0.0,0.0,0.0,0.0,0.0,0.0,0.0,0.0,0.0
2023-08-05,17122,49.0,49.0,15016.85792349727,0.0,12058.0,53449.963828185544,13600.0,6400.0,7200.0,0.0,0.0,36.0,1.0,0.0,0.0,0.0,0.0,0.0,0.0,0.0,0.0,0.0,0.0,0.0,0.0
2023-08-06,17103,60.0,60.0,15088.661202185793,0.0,12130.0,53335.347075477664,14400.0,7000.0,7400.0,0.0,0.0,37.0,1.0,0.0,0.0,0.0,0.0,0.0,0.0,0.0,0.0,0.0,0.0,0.0,0.0
2023-08-07,17091,37.0,37.0,15185.396174863388,0.0,12227.0,53127.32903552915,19400.0,8000.0,11400.0,0.0,0.0,57.0,1.0,0.0,0.0,0.0,0.0,0.0,0.0,0.0,0.0,0.0,0.0,0.0,0.0
2023-08-08,17031,51.0,51.0,15275.150273224046,0.0,12317.0,52728.93016455284,18000.0,8800.0,9200.0,0.0,0.0,46.0,1.0,0.0,0.0,0.0,0.0,0.0,0.0,0.0,0.0,0.0,0.0,0.0,0.0
2023-08-09,16992,52.0,52.0,15370.887978142078,0.0,12413.0,52502.030299845654,19200.0,9400.0,9800.0,0.0,0.0,49.0,1.0,0.0,0.0,0.0,0.0,0.0,0.0,0.0,0.0,0.0,0.0,0.0,0.0
2023-08-10,16948,54.0,54.0,15461.639344262294,0.0,12504.0,52081.58361737843,18200.0,10000.0,8200.0,0.0,0.0,41.0,1.0,0.0,0.0,0.0,0.0,0.0,0.0,0.0,0.0,0.0,0.0,0.0,0.0
2023-08-11,16911,55.0,55.0,15566.352459016394,0.0,12609.0,51799.20536098147,21000.0,10000.0,11000.0,0.0,0.0,55.0,1.0,0.0,0.0,0.0,0.0,0.0,0.0,0.0,0.0,0.0,0.0,0.0,0.0
2023-08-12,16861,42.0,42.0,15670.06830601093,0.0,12713.0,51191.1225695908,20800.0,10000.0,10800.0,0.0,0.0,54.0,1.0,0.0,0.0,0.0,0.0,0.0,0.0,0.0,0.0,0.0,0.0,0.0,0.0
2023-08-13,16799,44.0,44.0,15767.800546448087,0.0,12811.0,50821.044719825666,19600.0,10000.0,9600.0,0.0,0.0,48.0,1.0,0.0,0.0,0.0,0.0,0.0,0.0,0.0,0.0,0.0,0.0,0.0,0.0
2023-08-14,16745,54.0,54.0,15872.513661202185,0.0,12916.0,50330.42125844499,21000.0,10000.0,11000.0,0.0,0.0,55.0,1.0,0.0,0.0,0.0,0.0,0.0,0.0,0.0,0.0,0.0,0.0,0.0,0.0
2023-08-15,16694,47.0,47.0,15954.289617486338,0.0,12998.0,50198.476819785545,16400.0,9800.0,6600.0,0.0,0.0,33.0,1.0,0.0,0.0,0.0,0.0,0.0,0.0,0.0,0.0,0.0,0.0,0.0,0.0
2023-08-16,16659,45.0,45.0,16045.04098360656,0.0,13089.0,49733.82816547861,18200.0,10000.0,8200.0,0.0,0.0,41.0,1.0,0.0,0.0,0.0,0.0,0.0,0.0,0.0,0.0,0.0,0.0,0.0,0.0
2023-08-17,16613,46.0,46.0,16150.751366120217,0.0,13195.0,49245.80662124587,21200.0,10000.0,11200.0,0.0,0.0,56.0,1.0,0.0,0.0,0.0,0.0,0.0,0.0,0.0,0.0,0.0,0.0,0.0,0.0
2023-08-18,16553,44.0,44.0,16239.50819672131,0.0,13284.0,48728.918861188155,17800.0,10000.0,7800.0,0.0,0.0,39.0,1.0,0.0,0.0,0.0,0.0,0.0,0.0,0.0,0.0,0.0,0.0,0.0,0.0
2023-08-19,16508,51.0,51.0,16332.254098360658,0.0,13377.0,48320.424363479004,18600.0,10000.0,8600.0,0.0,0.0,43.0,1.0,0.0,0.0,0.0,0.0,0.0,0.0,0.0,0.0,0.0,0.0,0.0,0.0
2023-08-20,16466,54.0,54.0,16424.002732240435,0.0,13469.0,48333.92422455457,18400.0,9800.0,8600.0,0.0,0.0,43.0,1.0,0.0,0.0,0.0,0.0,0.0,0.0,0.0,0.0,0.0,0.0,0.0,0.0
2023-08-21,16428,49.0,49.0,16521.734972677597,0.0,13567.0,47809.408068813624,19600.0,10000.0,9600.0,0.0,0.0,48.0,1.0,0.0,0.0,0.0,0.0,0.0,0.0,0.0,0.0,0.0,0.0,0.0,0.0
2023-08-22,16379,39.0,39.0,16627.445355191256,0.0,13673.0,47223.25596826495,21200.0,10000.0,11200.0,0.0,0.0,56.0,1.0,0.0,0.0,0.0,0.0,0.0,0.0,0.0,0.0,0.0,0.0,0.0,0.0
2023-08-23,16312,47.0,47.0,16712.2131147541,0.0,13758.0,46640.50453255222,17000.0,10000.0,7000.0,0.0,0.0,35.0,1.0,0.0,0.0,0.0,0.0,0.0,0.0,0.0,0.0,0.0,0.0,0.0,0.0
2023-08-24,16274,51.0,51.0,16811.939890710382,0.0,13858.0,46142.410924509124,20000.0,10000.0,10000.0,0.0,0.0,50.0,1.0,0.0,0.0,0.0,0.0,0.0,0.0,0.0,0.0,0.0,0.0,0.0,0.0
2023-08-25,16225,40.0,40.0,16906.680327868853,0.0,13953.0,45448.027724978,19000.0,10000.0,9000.0,0.0,0.0,45.0,1.0,0.0,0.0,0.0,0.0,0.0,0.0,0.0,0.0,0.0,0.0,0.0,0.0
2023-08-26,16170,52.0,52.0,16981.475409836065,0.0,14028.0,44749.96869206644,15000.0,10000.0,5000.0,0.0,0.0,25.0,1.0,0.0,0.0,0.0,0.0,0.0,0.0,0.0,0.0,0.0,0.0,0.0,0.0
2023-08-27,16147,48.0,48.0,17072.226775956286,0.0,14119.0,44039.295699371556,18200.0,10000.0,8200.0,0.0,0.0,41.0,1.0,0.0,0.0,0.0,0.0,0.0,0.0,0.0,0.0,0.0,0.0,0.0,0.0
2023-08-28,16104,45.0,45.0,17160.983606557376,0.0,14208.0,43481.05174837646,17800.0,10000.0,7800.0,0.0,0.0,39.0,1.0,0.0,0.0,0.0,0.0,0.0,0.0,0.0,0.0,0.0,0.0,0.0,0.0
2023-08-29,16060,55.0,55.0,17246.748633879783,0.0,14294.0,42952.876760138795,17200.0,10000.0,7200.0,0.0,0.0,36.0,1.0,0.0,0.0,0.0,0.0,0.0,0.0,0.0,0.0,0.0,0.0,0.0,0.0
2023-08-30,16029,39.0,39.0,17329.5218579235,0.0,14377.0,42331.51982231464,16600.0,10000.0,6600.0,0.0,0.0,33.0,1.0,0.0,0.0,0.0,0.0,0.0,0.0,0.0,0.0,0.0,0.0,0.0,0.0
2023-08-31,15985,46.0,46.0,17442.2131147541,0.0,14472.0,41827.276585275096,22600.0,9000.0,10000.0,0.0,0.0,50.0,1.0,3600.0,6.0,240.0,720.0,15.0,0.0,6.0,0.0,13.0,0.0,0.0,0.0
2023-09-01,15936,57.0,57.0,17538.948087431694,0.0,14551.0,41550.89817311118,19400.0,6600.0,9200.0,0.0,0.0,46.0,1.0,3600.0,6.0,240.0,720.0,16.0,0.0,6.0,0.0,23.0,0.0,0.0,0.0
2023-09-02,15914,50.0,50.0,17618.729508196724,0.0,14613.0,41391.93942405476,16000.0,4200.0,8200.0,0.0,0.0,41.0,1.0,3600.0,6.0,240.0,720.0,18.0,0.0,6.0,0.0,20.0,0.0,0.0,0.0
2023-09-03,15902,43.0,43.0,17694.5218579235,0.0,14671.0,41254.68647491129,15200.0,2800.0,8800.0,0.0,0.0,44.0,1.0,3600.0,6.0,240.0,720.0,21.0,0.0,6.0,0.0,16.0,0.0,0.0,0.0
2023-09-04,15887,51.0,51.0,17749.371584699453,0.0,14708.0,41403.70198417053,11000.0,200.0,7200.0,0.0,0.0,36.0,1.0,3600.0,6.0,240.0,720.0,12.0,0.0,6.0,0.0,21.0,0.0,0.0,0.0
2023-09-05,15901,51.0,51.0,17804.22131147541,0.0,14745.0,41527.226859286595,11000.0,0.0,7400.0,0.0,0.0,37.0,1.0,3600.0,6.0,240.0,720.0,24.0,0.0,6.0,0.0,29.0,0.0,0.0,0.0
2023-09-06,15915,50.0,50.0,17851.09289617486,0.0,14774.0,41693.12846086349,9400.0,0.0,5800.0,0.0,0.0,29.0,1.0,3600.0,6.0,240.0,720.0,16.0,0.0,6.0,0.0,17.0,0.0,0.0,0.0
2023-09-07,15936,54.0,54.0,17911.926229508197,0.0,14817.0,41805.02196129599,12200.0,0.0,8600.0,0.0,0.0,43.0,1.0,3600.0,6.0,240.0,720.0,21.0,0.0,6.0,0.0,23.0,0.0,0.0,0.0
2023-09-08,15947,48.0,48.0,17972.75956284153,0.0,14860.0,41812.80732089433,12200.0,0.0,8600.0,0.0,0.0,43.0,1.0,3600.0,6.0,240.0,720.0,17.0,0.0,6.0,0.0,21.0,0.0,0.0,0.0
2023-09-09,15952,60.0,60.0,18033.59289617486,0.0,14903.0,42055.74391521984,12200.0,0.0,8600.0,0.0,0.0,43.0,1.0,3600.0,6.0,240.0,720.0,15.0,0.0,6.0,0.0,23.0,0.0,0.0,0.0
2023-09-10,15969,48.0,48.0,18096.420765027324,0.0,14948.0,42184.35307842135,12600.0,0.0,9000.0,0.0,0.0,45.0,1.0,3600.0,6.0,240.0,720.0,17.0,0.0,6.0,0.0,18.0,0.0,0.0,0.0
2023-09-11,15972,44.0,44.0,18157.254098360656,0.0,14991.0,42331.08552749313,12200.0,0.0,8600.0,0.0,0.0,43.0,1.0,3600.0,6.0,240.0,720.0,21.0,0.0,6.0,0.0,22.0,0.0,0.0,0.0
2023-09-12,15973,48.0,48.0,18227.062841530053,0.0,15043.0,42727.65223240461,14000.0,0.0,10400.0,0.0,0.0,52.0,1.0,3600.0,6.0,240.0,720.0,17.0,0.0,6.0,0.0,20.0,0.0,0.0,0.0
2023-09-13,15969,54.0,54.0,18285.901639344265,0.0,15084.0,42927.92318866922,11800.0,0.0,8200.0,0.0,0.0,41.0,1.0,3600.0,6.0,240.0,720.0,13.0,0.0,6.0,0.0,25.0,0.0,0.0,0.0
2023-09-14,15982,55.0,55.0,18351.72131147541,0.0,15132.0,43076.91045170425,13200.0,0.0,9600.0,0.0,0.0,48.0,1.0,3600.0,6.0,240.0,720.0,17.0,0.0,6.0,0.0,23.0,0.0,0.0,0.0
2023-09-15,15989,41.0,41.0,18416.543715846994,0.0,15179.0,43112.30988076853,13000.0,0.0,9400.0,0.0,0.0,47.0,1.0,3600.0,6.0,240.0,720.0,19.0,0.0,6.0,0.0,23.0,0.0,0.0,0.0
2023-09-16,15983,59.0,59.0,18483.360655737706,0.0,15228.0,43235.910897034075,13400.0,400.0,9400.0,0.0,0.0,47.0,1.0,3600.0,6.0,240.0,720.0,11.0,0.0,6.0,0.0,22.0,0.0,0.0,0.0
2023-09-17,15993,54.0,54.0,18547.185792349726,0.0,15274.0,43355.56617759016,12800.0,400.0,8800.0,0.0,0.0,44.0,1.0,3600.0,6.0,240.0,720.0,22.0,0.0,6.0,0.0,21.0,0.0,0.0,0.0
2023-09-18,16001,47.0,47.0,18602.035519125682,0.0,15311.0,43479.32015946096,11000.0,400.0,7000.0,0.0,0.0,35.0,1.0,3600.0,6.0,240.0,720.0,30.0,0.0,6.0,0.0,27.0,0.0,0.0,0.0
2023-09-19,16011,49.0,49.0,18661.871584699453,0.0,15353.0,43748.66277077365,12000.0,0.0,8400.0,0.0,0.0,42.0,1.0,3600.0,6.0,240.0,720.0,19.0,0.0,6.0,0.0,29.0,0.0,0.0,0.0
2023-09-20,16018,62.0,62.0,18736.666666666664,0.0,15410.0,43768.22746570058,15000.0,800.0,10600.0,0.0,0.0,53.0,1.0,3600.0,6.0,240.0,720.0,35.0,0.0,6.0,0.0,24.0,0.0,0.0,0.0
2023-09-21,16023,48.0,48.0,18800.49180327869,0.0,15456.0,43609.33870725338,12800.0,1600.0,7600.0,0.0,0.0,38.0,1.0,3600.0,6.0,240.0,720.0,14.0,0.0,6.0,0.0,23.0,0.0,0.0,0.0
2023-09-22,16025,49.0,49.0,18858.333333333336,0.0,15496.0,43661.06388322224,11600.0,400.0,7600.0,0.0,0.0,38.0,1.0,3600.0,6.0,240.0,720.0,16.0,0.0,6.0,0.0,21.0,0.0,0.0,0.0
2023-09-23,16034,49.0,49.0,18920.16393442623,0.0,15540.0,43729.619623927145,12400.0,400.0,8400.0,0.0,0.0,42.0,1.0,3600.0,6.0,240.0,720.0,14.0,0.0,6.0,0.0,27.0,0.0,0.0,0.0
2023-09-24,16039,43.0,43.0,18987.9781420765,0.0,15590.0,43776.5543276633,13600.0,1000.0,9000.0,0.0,0.0,45.0,1.0,3600.0,6.0,240.0,720.0,12.0,0.0,6.0,0.0,26.0,0.0,0.0,0.0
2023-09-25,16032,45.0,45.0,19060.77868852459,0.0,15645.0,43692.18362828554,14600.0,600.0,10400.0,0.0,0.0,52.0,1.0,3600.0,6.0,240.0,720.0,17.0,0.0,6.0,0.0,22.0,0.0,0.0,0.0
2023-09-26,16022,61.0,61.0,19124.60382513661,0.0,15691.0,43677.41708883402,12800.0,600.0,8600.0,0.0,0.0,43.0,1.0,3600.0,6.0,240.0,720.0,21.0,0.0,6.0,0.0,24.0,0.0,0.0,0.0
2023-09-27,16037,53.0,53.0,19184.439890710382,0.0,15733.0,43658.86883617955,12000.0,600.0,7800.0,0.0,0.0,39.0,1.0,3600.0,6.0,240.0,720.0,22.0,0.0,6.0,0.0,25.0,0.0,0.0,0.0
2023-09-28,16048,60.0,60.0,19250.25956284153,0.0,15781.0,43682.23990637465,13200.0,600.0,9000.0,0.0,0.0,45.0,1.0,3600.0,6.0,240.0,720.0,15.0,0.0,6.0,0.0,21.0,0.0,0.0,0.0
2023-09-29,16060,57.0,57.0,19307.10382513661,0.0,15820.0,43807.92976131295,11400.0,400.0,7400.0,0.0,0.0,37.0,1.0,3600.0,6.0,240.0,720.0,16.0,0.0,6.0,0.0,26.0,0.0,0.0,0.0
2023-09-30,16078,49.0,49.0,19366.939890710382,0.0,15862.0,43814.95216539017,12000.0,400.0,8000.0,0.0,0.0,40.0,1.0,3600.0,6.0,240.0,720.0,21.0,0.0,6.0,0.0,27.0,0.0,0.0,0.0
2023-10-01,16085,55.0,55.0,19425.77868852459,0.0,15903.0,43918.42339764401,11800.0,800.0,7400.0,0.0,0.0,37.0,1.0,3600.0,6.0,240.0,720.0,17.0,0.0,6.0,0.0,25.0,0.0,0.0,0.0
2023-10-02,16099,46.0,46.0,19501.571038251368,0.0,15961.0,43958.2770619334,15200.0,400.0,11200.0,0.0,0.0,56.0,1.0,3600.0,6.0,240.0,720.0,16.0,0.0,6.0,0.0,13.0,0.0,0.0,0.0
2023-10-03,16087,43.0,43.0,19572.377049180326,0.0,16014.0,43957.48972535284,14200.0,800.0,9800.0,0.0,0.0,49.0,1.0,3600.0,6.0,240.0,720.0,18.0,0.0,6.0,0.0,24.0,0.0,0.0,0.0
2023-10-04,16077,47.0,47.0,19635.20491803279,0.0,16059.0,43971.14342375313,12600.0,200.0,8800.0,0.0,0.0,44.0,1.0,3600.0,6.0,240.0,720.0,14.0,0.0,6.0,0.0,21.0,0.0,0.0,0.0
2023-10-05,16079,57.0,57.0,19702.0218579235,0.0,16108.0,44123.90600783672,13400.0,1200.0,8600.0,0.0,0.0,43.0,1.0,3600.0,6.0,240.0,720.0,20.0,0.0,6.0,0.0,22.0,0.0,0.0,0.0
2023-10-06,16087,59.0,59.0,19759.863387978145,0.0,16148.0,44249.77142649624,11600.0,800.0,7200.0,0.0,0.0,36.0,1.0,3600.0,6.0,240.0,720.0,14.0,0.0,6.0,0.0,17.0,0.0,0.0,0.0
2023-10-07,16106,50.0,50.0,19830.669398907103,0.0,16201.0,44179.350566095,14200.0,800.0,9800.0,0.0,0.0,49.0,1.0,3600.0,6.0,240.0,720.0,17.0,0.0,6.0,0.0,27.0,0.0,0.0,0.0
2023-10-08,16103,46.0,46.0,19897.486338797815,0.0,16250.0,44241.195491772385,13400.0,800.0,9000.0,0.0,0.0,45.0,1.0,3600.0,6.0,240.0,720.0,16.0,0.0,6.0,0.0,25.0,0.0,0.0,0.0
2023-10-09,16100,43.0,43.0,19967.29508196721,0.0,16302.0,44259.17288448129,14000.0,600.0,9800.0,0.0,0.0,49.0,1.0,3600.0,6.0,240.0,720.0,20.0,0.0,6.0,0.0,25.0,0.0,0.0,0.0
2023-10-10,16091,49.0,49.0,20025.136612021855,0.0,16342.0,44449.12811814001,11600.0,0.0,8000.0,0.0,0.0,40.0,1.0,3600.0,6.0,240.0,720.0,13.0,0.0,6.0,0.0,18.0,0.0,0.0,0.0
2023-10-11,16100,57.0,57.0,20088.96174863388,0.0,16388.0,44530.91151018706,12800.0,600.0,8600.0,0.0,0.0,43.0,1.0,3600.0,6.0,240.0,720.0,14.0,0.0,6.0,0.0,17.0,0.0,0.0,0.0
2023-10-12,16111,66.0,66.0,20152.7868852459,0.0,16434.0,44617.864866688724,12800.0,600.0,8600.0,0.0,0.0,43.0,1.0,3600.0,6.0,240.0,720.0,7.0,0.0,6.0,0.0,32.0,0.0,0.0,0.0
2023-10-13,16131,45.0,45.0,20204.64480874317,0.0,16468.0,44716.283159960745,10400.0,400.0,6400.0,0.0,0.0,32.0,1.0,3600.0,6.0,240.0,720.0,31.0,0.0,6.0,0.0,22.0,0.0,0.0,0.0
2023-10-14,16142,56.0,56.0,20273.456284153006,0.0,16519.0,45012.54073039365,13800.0,600.0,9600.0,0.0,0.0,48.0,1.0,3600.0,6.0,240.0,720.0,15.0,0.0,6.0,0.0,20.0,0.0,0.0,0.0
2023-10-15,16147,47.0,47.0,20336.28415300547,0.0,16564.0,45016.1261646286,12600.0,800.0,8200.0,0.0,0.0,41.0,1.0,3600.0,6.0,240.0,720.0,22.0,0.0,6.0,0.0,21.0,0.0,0.0,0.0
2023-10-16,16149,50.0,50.0,20401.106557377047,0.0,16611.0,45095.31182112002,13000.0,600.0,8800.0,0.0,0.0,44.0,1.0,3600.0,6.0,240.0,720.0,12.0,0.0,6.0,0.0,22.0,0.0,0.0,0.0
2023-10-17,16152,56.0,56.0,20482.882513661203,0.0,16675.0,44928.35311309996,16400.0,1000.0,11800.0,0.0,0.0,59.0,1.0,3600.0,6.0,240.0,720.0,14.0,0.0,6.0,0.0,26.0,0.0,0.0,0.0
2023-10-18,16144,47.0,47.0,20529.754098360656,0.0,16704.0,45031.07781870584,9400.0,0.0,5800.0,0.0,0.0,29.0,1.0,3600.0,6.0,240.0,720.0,11.0,0.0,6.0,0.0,16.0,0.0,0.0,0.0
2023-10-19,16162,51.0,51.0,20597.56830601093,0.0,16754.0,45065.89274780597,13600.0,600.0,9400.0,0.0,0.0,47.0,1.0,3600.0,6.0,240.0,720.0,14.0,0.0,6.0,0.0,23.0,0.0,0.0,0.0
2023-10-20,16163,54.0,54.0,20661.393442622953,0.0,16800.0,45137.487862444075,12800.0,400.0,8800.0,0.0,0.0,44.0,1.0,3600.0,6.0,240.0,720.0,17.0,0.0,6.0,0.0,23.0,0.0,0.0,0.0
2023-10-21,16171,35.0,35.0,20724.22131147541,0.0,16845.0,45175.29726464687,12600.0,600.0,8400.0,0.0,0.0,42.0,1.0,3600.0,6.0,240.0,720.0,16.0,0.0,6.0,0.0,19.0,0.0,0.0,0.0
2023-10-22,16161,52.0,52.0,20786.051912568306,0.0,16889.0,45175.608301027394,12400.0,800.0,8000.0,0.0,0.0,40.0,1.0,3600.0,6.0,240.0,720.0,17.0,0.0,6.0,0.0,14.0,0.0,0.0,0.0
2023-10-23,16169,50.0,50.0,20842.89617486339,0.0,16928.0,45143.86927962652,11400.0,1200.0,6600.0,0.0,0.0,33.0,1.0,3600.0,6.0,240.0,720.0,20.0,0.0,6.0,0.0,16.0,0.0,0.0,0.0
2023-10-24,16180,55.0,55.0,20909.7131147541,0.0,16977.0,45282.45086229492,13400.0,800.0,9000.0,0.0,0.0,45.0,1.0,3600.0,6.0,240.0,720.0,18.0,0.0,6.0,0.0,26.0,0.0,0.0,0.0
2023-10-25,16186,61.0,61.0,20980.519125683062,0.0,17030.0,45408.50903324385,14200.0,400.0,10200.0,0.0,0.0,51.0,1.0,3600.0,6.0,240.0,720.0,20.0,0.0,6.0,0.0,28.0,0.0,0.0,0.0
2023-10-26,16194,47.0,47.0,21045.341530054644,0.0,17077.0,45374.91743440555,13000.0,600.0,8800.0,0.0,0.0,44.0,1.0,3600.0,6.0,240.0,720.0,12.0,0.0,6.0,0.0,17.0,0.0,0.0,0.0
2023-10-27,16194,52.0,52.0,21126.120218579235,0.0,17140.0,45368.367894402174,16200.0,1200.0,11400.0,0.0,0.0,57.0,1.0,3600.0,6.0,240.0,720.0,14.0,0.0,6.0,0.0,28.0,0.0,0.0,0.0
2023-10-28,16183,38.0,38.0,21187.950819672133,0.0,17184.0,45197.4736260501,12400.0,1800.0,7000.0,0.0,0.0,35.0,1.0,3600.0,6.0,240.0,720.0,11.0,0.0,6.0,0.0,24.0,0.0,0.0,0.0
2023-10-29,16177,48.0,48.0,21241.803278688527,0.0,17220.0,45185.212056492644,10800.0,1400.0,5800.0,0.0,0.0,29.0,1.0,3600.0,6.0,240.0,720.0,17.0,0.0,6.0,0.0,30.0,0.0,0.0,0.0
2023-10-30,16189,47.0,47.0,21319.590163934427,0.0,17280.0,45013.89409102573,15600.0,1600.0,10400.0,0.0,0.0,52.0,1.0,3600.0,6.0,240.0,720.0,12.0,0.0,6.0,0.0,15.0,0.0,0.0,0.0
2023-10-31,16176,51.0,51.0,21381.420765027324,0.0,17324.0,45034.28786834637,12400.0,800.0,8000.0,0.0,0.0,40.0,1.0,3600.0,6.0,240.0,720.0,20.0,0.0,6.0,0.0,25.0,0.0,0.0,0.0
2023-11-01,16183,42.0,42.0,21445.245901639344,0.0,17370.0,45254.72662019106,12800.0,1000.0,8200.0,0.0,0.0,41.0,1.0,3600.0,6.0,240.0,720.0,20.0,0.0,6.0,0.0,25.0,0.0,0.0,0.0
2023-11-02,16179,47.0,47.0,21504.084699453553,0.0,17411.0,45299.91098767275,11800.0,400.0,7800.0,0.0,0.0,39.0,1.0,3600.0,6.0,240.0,720.0,16.0,0.0,6.0,0.0,23.0,0.0,0.0,0.0
2023-11-03,16185,53.0,53.0,21563.920765027324,0.0,17453.0,45392.22718813588,12000.0,800.0,7600.0,0.0,0.0,38.0,1.0,3600.0,6.0,240.0,720.0,20.0,0.0,6.0,0.0,26.0,0.0,0.0,0.0
2023-11-04,16196,54.0,54.0,21625.751366120217,0.0,17497.0,45567.528458132496,12400.0,400.0,8400.0,0.0,0.0,42.0,1.0,3600.0,6.0,240.0,720.0,20.0,0.0,6.0,0.0,23.0,0.0,0.0,0.0
2023-11-05,16206,54.0,54.0,21685.587431693988,0.0,17539.0,45644.828702700695,12000.0,800.0,7600.0,0.0,0.0,38.0,1.0,3600.0,6.0,240.0,720.0,11.0,0.0,6.0,0.0,21.0,0.0,0.0,0.0
2023-11-06,16218,48.0,48.0,21754.398907103823,0.0,17590.0,45566.35835620346,13800.0,800.0,9400.0,0.0,0.0,47.0,1.0,3600.0,6.0,240.0,720.0,26.0,0.0,6.0,0.0,21.0,0.0,0.0,0.0
2023-11-07,16215,51.0,51.0,21826.20218579235,0.0,17644.0,45654.34420969794,14400.0,200.0,10600.0,0.0,0.0,53.0,1.0,3600.0,6.0,240.0,720.0,14.0,0.0,6.0,0.0,19.0,0.0,0.0,0.0
2023-11-08,16212,46.0,46.0,21896.01092896175,0.0,17696.0,45686.85757202461,14000.0,0.0,10400.0,0.0,0.0,52.0,1.0,3600.0,6.0,240.0,720.0,20.0,0.0,6.0,0.0,21.0,0.0,0.0,0.0
2023-11-09,16206,60.0,60.0,21949.86338797814,0.0,17732.0,45812.41171335929,10800.0,400.0,6800.0,0.0,0.0,34.0,1.0,3600.0,6.0,240.0,720.0,22.0,0.0,6.0,0.0,34.0,0.0,0.0,0.0
2023-11-10,16230,50.0,50.0,22001.721311475412,0.0,17766.0,45879.06165558489,10400.0,1000.0,5800.0,0.0,0.0,29.0,1.0,3600.0,6.0,240.0,720.0,19.0,0.0,6.0,0.0,26.0,0.0,0.0,0.0
2023-11-11,16246,51.0,51.0,22058.56557377049,0.0,17805.0,45971.434816840214,11400.0,200.0,7600.0,0.0,0.0,38.0,1.0,3600.0,6.0,240.0,720.0,13.0,0.0,6.0,0.0,22.0,0.0,0.0,0.0
2023-11-12,16258,46.0,46.0,22114.412568306012,0.0,17843.0,46032.58369673301,11200.0,400.0,7200.0,0.0,0.0,36.0,1.0,3600.0,6.0,240.0,720.0,9.0,0.0,6.0,0.0,22.0,0.0,0.0,0.0
2023-11-13,16266,45.0,45.0,22175.245901639344,0.0,17886.0,46023.07062831041,12200.0,400.0,8200.0,0.0,0.0,41.0,1.0,3600.0,6.0,240.0,720.0,16.0,0.0,6.0,0.0,26.0,0.0,0.0,0.0
2023-11-14,16268,58.0,58.0,22249.043715846994,0.0,17942.0,46185.11660338986,14800.0,400.0,10800.0,0.0,0.0,54.0,1.0,3600.0,6.0,240.0,720.0,24.0,0.0,6.0,0.0,31.0,0.0,0.0,0.0
2023-11-15,16270,54.0,54.0,22308.879781420765,0.0,17984.0,45973.888646851774,12000.0,400.0,8000.0,0.0,0.0,40.0,1.0,3600.0,6.0,240.0,720.0,15.0,0.0,6.0,0.0,20.0,0.0,0.0,0.0
2023-11-16,16282,42.0,42.0,22360.737704918032,0.0,18018.0,46170.546025576165,10400.0,600.0,6200.0,0.0,0.0,31.0,1.0,3600.0,6.0,240.0,720.0,16.0,0.0,6.0,0.0,18.0,0.0,0.0,0.0
2023-11-17,16290,42.0,42.0,22415.587431693988,0.0,18055.0,46128.747838775365,11000.0,1200.0,6200.0,0.0,0.0,31.0,1.0,3600.0,6.0,240.0,720.0,23.0,0.0,6.0,0.0,26.0,0.0,0.0,0.0
2023-11-18,16295,52.0,52.0,22481.40710382514,0.0,18103.0,46196.86466337901,13200.0,400.0,9200.0,0.0,0.0,46.0,1.0,3600.0,6.0,240.0,720.0,15.0,0.0,6.0,0.0,22.0,0.0,0.0,0.0
2023-11-19,16299,54.0,54.0,22555.20491803279,0.0,18159.0,46274.65018629491,14800.0,600.0,10600.0,0.0,0.0,53.0,1.0,3600.0,6.0,240.0,720.0,25.0,0.0,6.0,0.0,22.0,0.0,0.0,0.0
2023-11-20,16297,61.0,61.0,22619.03005464481,0.0,18205.0,46384.89169947523,12800.0,200.0,9000.0,0.0,0.0,45.0,1.0,3600.0,6.0,240.0,720.0,27.0,0.0,6.0,0.0,32.0,0.0,0.0,0.0
2023-11-21,16312,44.0,44.0,22685.846994535517,0.0,18254.0,46310.5977630024,13400.0,600.0,9200.0,0.0,0.0,46.0,1.0,3600.0,6.0,240.0,720.0,22.0,0.0,6.0,0.0,22.0,0.0,0.0,0.0
2023-11-22,16307,35.0,35.0,22730.724043715847,0.0,18293.0,46273.94867159171,9000.0,800.0,7000.0,0.0,0.0,35.0,1.0,1200.0,2.0,90.0,240.0,9.0,0.0,2.0,0.0,8.0,0.0,0.0,0.0
2023-11-23,16303,53.0,53.0,22769.617486338797,0.0,18332.0,46422.02768735373,7800.0,200.0,7600.0,0.0,0.0,38.0,1.0,0.0,0.0,0.0,0.0,0.0,0.0,0.0,0.0,0.0,0.0,0.0,0.0
2023-11-24,16317,53.0,53.0,22816.48907103825,0.0,18379.0,46458.21209376824,9400.0,600.0,8800.0,0.0,0.0,44.0,1.0,0.0,0.0,0.0,0.0,0.0,0.0,0.0,0.0,0.0,0.0,0.0,0.0
2023-11-25,16323,46.0,46.0,22873.333333333336,0.0,18436.0,46252.812532700984,11400.0,800.0,10600.0,0.0,0.0,53.0,1.0,0.0,0.0,0.0,0.0,0.0,0.0,0.0,0.0,0.0,0.0,0.0,0.0
2023-11-26,16312,50.0,50.0,22920.20491803279,0.0,18483.0,46102.90662478997,9400.0,1800.0,7600.0,0.0,0.0,38.0,1.0,0.0,0.0,0.0,0.0,0.0,0.0,0.0,0.0,0.0,0.0,0.0,0.0
2023-11-27,16315,56.0,56.0,22977.049180327867,0.0,18540.0,46091.54973077099,11400.0,2200.0,9200.0,0.0,0.0,46.0,1.0,0.0,0.0,0.0,0.0,0.0,0.0,0.0,0.0,0.0,0.0,0.0,0.0
2023-11-28,16314,40.0,40.0,23029.9043715847,0.0,18593.0,46064.60568123871,10600.0,2400.0,8200.0,0.0,0.0,41.0,1.0,0.0,0.0,0.0,0.0,0.0,0.0,0.0,0.0,0.0,0.0,0.0,0.0
2023-11-29,16301,51.0,51.0,23081.762295081968,0.0,18645.0,46296.67106066108,10400.0,3200.0,7200.0,0.0,0.0,36.0,1.0,0.0,0.0,0.0,0.0,0.0,0.0,0.0,0.0,0.0,0.0,0.0,0.0
2023-11-30,16300,59.0,59.0,23148.579234972676,0.0,18712.0,46190.34861973796,13400.0,3400.0,10000.0,0.0,0.0,50.0,1.0,0.0,0.0,0.0,0.0,0.0,0.0,0.0,0.0,0.0,0.0,0.0,0.0
2023-12-01,16292,57.0,57.0,23204.426229508197,0.0,18768.0,46083.323822142316,11200.0,2400.0,8800.0,0.0,0.0,44.0,1.0,0.0,0.0,0.0,0.0,0.0,0.0,0.0,0.0,0.0,0.0,0.0,0.0
2023-12-02,16293,54.0,54.0,23244.316939890712,0.0,18808.0,46251.98136028028,8000.0,1400.0,6600.0,0.0,0.0,33.0,1.0,0.0,0.0,0.0,0.0,0.0,0.0,0.0,0.0,0.0,0.0,0.0,0.0
2023-12-03,16307,56.0,56.0,23301.16120218579,0.0,18865.0,46216.621796669366,11400.0,2600.0,8800.0,0.0,0.0,44.0,1.0,0.0,0.0,0.0,0.0,0.0,0.0,0.0,0.0,0.0,0.0,0.0,0.0
2023-12-04,16306,53.0,53.0,23351.024590163935,0.0,18915.0,46124.01863569041,10000.0,4200.0,5800.0,0.0,0.0,29.0,1.0,0.0,0.0,0.0,0.0,0.0,0.0,0.0,0.0,0.0,0.0,0.0,0.0
2023-12-05,16309,48.0,48.0,23428.81147540984,0.0,18993.0,45836.32141538083,15600.0,4800.0,10800.0,0.0,0.0,54.0,1.0,0.0,0.0,0.0,0.0,0.0,0.0,0.0,0.0,0.0,0.0,0.0,0.0
2023-12-06,16279,57.0,57.0,23504.603825136615,0.0,19069.0,45498.05571678944,15200.0,6400.0,8800.0,0.0,0.0,44.0,1.0,0.0,0.0,0.0,0.0,0.0,0.0,0.0,0.0,0.0,0.0,0.0,0.0
2023-12-07,16260,50.0,50.0,23585.382513661203,0.0,19150.0,45223.1736877618,16200.0,7600.0,8600.0,0.0,0.0,43.0,1.0,0.0,0.0,0.0,0.0,0.0,0.0,0.0,0.0,0.0,0.0,0.0,0.0
2023-12-08,16229,65.0,65.0,23668.155737704918,0.0,19233.0,44975.00629538619,16600.0,9200.0,7400.0,0.0,0.0,37.0,1.0,0.0,0.0,0.0,0.0,0.0,0.0,0.0,0.0,0.0,0.0,0.0,0.0
2023-12-09,16211,46.0,46.0,23750.928961748636,0.0,19316.0,44418.73023571863,16600.0,10000.0,6600.0,0.0,0.0,33.0,1.0,0.0,0.0,0.0,0.0,0.0,0.0,0.0,0.0,0.0,0.0,0.0,0.0
2023-12-10,16174,57.0,57.0,23836.693989071042,0.0,19402.0,44087.072044500834,17200.0,10000.0,7200.0,0.0,0.0,36.0,1.0,0.0,0.0,0.0,0.0,0.0,0.0,0.0,0.0,0.0,0.0,0.0,0.0
2023-12-11,16145,54.0,54.0,23931.43442622951,0.0,19497.0,43818.67510056342,19000.0,10000.0,9000.0,0.0,0.0,45.0,1.0,0.0,0.0,0.0,0.0,0.0,0.0,0.0,0.0,0.0,0.0,0.0,0.0
2023-12-12,16104,54.0,54.0,24029.166666666664,0.0,19595.0,43886.556282989266,19600.0,10000.0,9600.0,0.0,0.0,48.0,1.0,0.0,0.0,0.0,0.0,0.0,0.0,0.0,0.0,0.0,0.0,0.0,0.0
2023-12-13,16060,54.0,54.0,24116.926229508197,0.0,19683.0,43674.408922500945,17600.0,10000.0,7600.0,0.0,0.0,38.0,1.0,0.0,0.0,0.0,0.0,0.0,0.0,0.0,0.0,0.0,0.0,0.0,0.0
2023-12-14,16026,51.0,51.0,24198.70218579235,0.0,19765.0,43126.60981912839,16400.0,10000.0,6400.0,0.0,0.0,32.0,1.0,0.0,0.0,0.0,0.0,0.0,0.0,0.0,0.0,0.0,0.0,0.0,0.0
2023-12-15,15995,43.0,43.0,24289.453551912567,0.0,19856.0,42795.239388693684,18200.0,10000.0,8200.0,0.0,0.0,41.0,1.0,0.0,0.0,0.0,0.0,0.0,0.0,0.0,0.0,0.0,0.0,0.0,0.0
2023-12-16,15947,54.0,54.0,24377.213114754097,0.0,19944.0,42396.30767786816,17600.0,10000.0,7600.0,0.0,0.0,38.0,1.0,0.0,0.0,0.0,0.0,0.0,0.0,0.0,0.0,0.0,0.0,0.0,0.0
2023-12-17,15913,45.0,45.0,24475.94262295082,0.0,20043.0,41821.41724929769,19800.0,10000.0,9800.0,0.0,0.0,49.0,1.0,0.0,0.0,0.0,0.0,0.0,0.0,0.0,0.0,0.0,0.0,0.0,0.0
2023-12-18,15859,52.0,52.0,24569.685792349726,0.0,20137.0,41290.45097169216,18800.0,10000.0,8800.0,0.0,0.0,44.0,1.0,0.0,0.0,0.0,0.0,0.0,0.0,0.0,0.0,0.0,0.0,0.0,0.0
2023-12-19,15817,49.0,49.0,24664.426229508197,0.0,20232.0,40713.64596477854,19000.0,10000.0,9000.0,0.0,0.0,45.0,1.0,0.0,0.0,0.0,0.0,0.0,0.0,0.0,0.0,0.0,0.0,0.0,0.0
2023-12-20,15771,43.0,43.0,24752.185792349726,0.0,20320.0,40208.70934340063,17600.0,10000.0,7600.0,0.0,0.0,38.0,1.0,0.0,0.0,0.0,0.0,0.0,0.0,0.0,0.0,0.0,0.0,0.0,0.0
2023-12-21,15726,51.0,51.0,24833.961748633883,0.0,20402.0,39569.73087453092,16400.0,10000.0,6400.0,0.0,0.0,32.0,1.0,0.0,0.0,0.0,0.0,0.0,0.0,0.0,0.0,0.0,0.0,0.0,0.0
2023-12-22,15695,65.0,65.0,24916.734972677597,0.0,20485.0,39066.74319594288,16600.0,10000.0,6600.0,0.0,0.0,33.0,1.0,0.0,0.0,0.0,0.0,0.0,0.0,0.0,0.0,0.0,0.0,0.0,0.0
2023-12-23,15677,44.0,44.0,25018.456284153006,0.0,20587.0,38577.67080976131,20400.0,10000.0,10400.0,0.0,0.0,52.0,1.0,0.0,0.0,0.0,0.0,0.0,0.0,0.0,0.0,0.0,0.0,0.0,0.0
2023-12-24,15619,48.0,48.0,25113.196721311473,0.0,20682.0,38173.95004293329,19000.0,10000.0,9000.0,0.0,0.0,45.0,1.0,0.0,0.0,0.0,0.0,0.0,0.0,0.0,0.0,0.0,0.0,0.0,0.0
2023-12-25,15572,50.0,50.0,25205.94262295082,0.0,20775.0,37627.36415638985,18600.0,10000.0,8600.0,0.0,0.0,43.0,1.0,0.0,0.0,0.0,0.0,0.0,0.0,0.0,0.0,0.0,0.0,0.0,0.0
2023-12-26,15529,51.0,51.0,25288.71584699453,0.0,20858.0,37212.64528281533,16600.0,9600.0,7000.0,0.0,0.0,35.0,1.0,0.0,0.0,0.0,0.0,0.0,0.0,0.0,0.0,0.0,0.0,0.0,0.0
2023-12-27,15497,42.0,42.0,25372.48633879782,0.0,20942.0,36831.19309923351,16800.0,10000.0,6800.0,0.0,0.0,34.0,1.0,0.0,0.0,0.0,0.0,0.0,0.0,0.0,0.0,0.0,0.0,0.0,0.0
2023-12-28,15455,46.0,46.0,25458.251366120217,0.0,21028.0,36494.2781438623,17200.0,10000.0,7200.0,0.0,0.0,36.0,1.0,0.0,0.0,0.0,0.0,0.0,0.0,0.0,0.0,0.0,0.0,0.0,0.0
2023-12-29,15415,46.0,46.0,25543.019125683062,0.0,21113.0,36030.317102979614,17000.0,10000.0,7000.0,0.0,0.0,35.0,1.0,0.0,0.0,0.0,0.0,0.0,0.0,0.0,0.0,0.0,0.0,0.0,0.0
2023-12-30,15376,57.0,57.0,25648.72950819672,0.0,21219.0,35628.680909231865,21200.0,10000.0,11200.0,0.0,0.0,56.0,1.0,0.0,0.0,0.0,0.0,0.0,0.0,0.0,0.0,0.0,0.0,0.0,0.0
2023-12-31,15327,53.0,53.0,25747.45901639344,0.0,21318.0,35443.79397654086,19800.0,10000.0,9800.0,0.0,0.0,49.0,1.0,0.0,0.0,0.0,0.0,0.0,0.0,0.0,0.0,0.0,0.0,0.0,0.0
