datetime,active_leaks,new_leaks,n_tags,rolling_cost_estimate,rolling_cost_estimate_b,cum_repaired_leaks,daily_emissions_kg,total_daily_cost,repair_cost,nat_repair_cost,verification_cost,natural_redund_tags,natural_n_tags,OGI_bayes_l_prop_sites_avail,OGI_bayes_l_cost,OGI_bayes_l_sites_visited,OGI_bayes_l_travel_time,OGI_bayes_l_survey_time,OGI_bayes_l_redund_tags,OGI_bayes_l_missed_leaks,OGI_bayes_l_sites_vis_w_leaks,OGI_bayes_l_eff_flags,OGI_bayes_l_n_tags,OGI_bayes_l_flags_redund1,OGI_bayes_l_flags_redund2,OGI_bayes_l_flag_wo_vent
2023-01-01,18174,42.0,42.0,72.80054644808743,0.0,55.0,79141.44454031112,14600.0,0.0,11000.0,0.0,0.0,55.0,1.0,3600.0,6.0,240.0,720.0,0.0,0.0,6.0,0.0,50.0,0.0,0.0,0.0
2023-01-02,18161,48.0,48.0,142.60928961748633,0.0,107.0,79386.78154193678,14000.0,0.0,10400.0,0.0,0.0,52.0,1.0,3600.0,6.0,240.0,720.0,0.0,0.0,6.0,0.0,73.0,0.0,0.0,0.0
2023-01-03,18157,46.0,46.0,208.4289617486339,0.0,155.0,79346.24571080261,13200.0,0.0,9600.0,0.0,0.0,48.0,1.0,3600.0,6.0,240.0,720.0,0.0,0.0,6.0,0.0,51.0,0.0,0.0,0.0
2023-01-04,18155,49.0,49.0,287.21311475409834,0.0,216.0,79254.14412451473,15800.0,0.0,12200.0,0.0,0.0,61.0,1.0,3600.0,6.0,240.0,720.0,0.0,0.0,6.0,0.0,76.0,0.0,0.0,0.0
2023-01-05,18143,51.0,51.0,357.02185792349724,0.0,268.0,79152.37184654865,14000.0,0.0,10400.0,0.0,0.0,52.0,1.0,3600.0,6.0,240.0,720.0,0.0,0.0,6.0,0.0,66.0,0.0,0.0,0.0
2023-01-06,18142,42.0,42.0,421.84426229508193,0.0,315.0,79030.09367983021,13000.0,0.0,9400.0,0.0,0.0,47.0,1.0,3600.0,6.0,240.0,720.0,0.0,0.0,6.0,0.0,65.0,0.0,0.0,0.0
2023-01-07,18137,47.0,47.0,499.6311475409836,0.0,375.0,79010.73230887252,15600.0,0.0,12000.0,0.0,0.0,60.0,1.0,3600.0,6.0,240.0,720.0,0.0,0.0,6.0,0.0,71.0,0.0,0.0,0.0
2023-01-08,18124,51.0,51.0,570.4371584699453,0.0,428.0,78909.31966703146,14200.0,0.0,10600.0,0.0,0.0,53.0,1.0,3600.0,6.0,240.0,720.0,0.0,0.0,6.0,0.0,55.0,0.0,0.0,0.0
2023-01-09,18122,48.0,48.0,630.2732240437159,0.0,470.0,78818.41027576008,12000.0,0.0,8400.0,0.0,0.0,42.0,1.0,3600.0,6.0,240.0,720.0,0.0,0.0,6.0,0.0,54.0,0.0,0.0,0.0
2023-01-10,18128,55.0,55.0,713.0464480874318,0.0,535.0,78849.74966080896,16600.0,0.0,13000.0,0.0,0.0,65.0,1.0,3600.0,6.0,240.0,720.0,0.0,0.0,6.0,0.0,73.0,0.0,0.0,0.0
2023-01-11,18118,51.0,51.0,779.8633879781421,0.0,584.0,78844.33022768231,13400.0,0.0,9800.0,0.0,0.0,49.0,1.0,3600.0,6.0,240.0,720.0,0.0,0.0,6.0,0.0,84.0,0.0,0.0,0.0
2023-01-12,18120,49.0,49.0,840.6967213114754,0.0,627.0,78712.54525623978,12200.0,0.0,8600.0,0.0,0.0,43.0,1.0,3600.0,6.0,240.0,720.0,0.0,0.0,6.0,0.0,75.0,0.0,0.0,0.0
2023-01-13,18126,51.0,51.0,911.5027322404371,0.0,680.0,78657.26776366912,14200.0,0.0,10600.0,0.0,0.0,53.0,1.0,3600.0,6.0,240.0,720.0,0.0,0.0,6.0,0.0,73.0,0.0,0.0,0.0
2023-01-14,18124,57.0,57.0,976.3251366120219,0.0,727.0,78992.05157430662,13000.0,0.0,9400.0,0.0,0.0,47.0,1.0,3600.0,6.0,240.0,720.0,0.0,0.0,6.0,0.0,64.0,0.0,0.0,0.0
2023-01-15,18134,45.0,45.0,1051.120218579235,0.0,784.0,78902.92676023357,15000.0,0.0,11400.0,0.0,0.0,57.0,1.0,3600.0,6.0,240.0,720.0,0.0,0.0,6.0,0.0,66.0,0.0,0.0,0.0
2023-01-16,18122,48.0,48.0,1115.9426229508197,0.0,831.0,78766.5242180356,13000.0,0.0,9400.0,0.0,0.0,47.0,1.0,3600.0,6.0,240.0,720.0,0.0,0.0,6.0,0.0,59.0,0.0,0.0,0.0
2023-01-17,18123,45.0,45.0,1177.7732240437158,0.0,875.0,78771.33054531876,12400.0,200.0,8600.0,0.0,0.0,43.0,1.0,3600.0,6.0,240.0,720.0,0.0,0.0,6.0,0.0,64.0,0.0,0.0,0.0
2023-01-18,18124,47.0,47.0,1260.5464480874318,0.0,940.0,78674.68606833488,16600.0,1000.0,12000.0,0.0,0.0,60.0,1.0,3600.0,6.0,240.0,720.0,0.0,0.0,6.0,0.0,68.0,0.0,0.0,0.0
2023-01-19,18106,46.0,46.0,1333.3469945355193,0.0,995.0,78538.4658000923,14600.0,400.0,10600.0,0.0,0.0,53.0,1.0,3600.0,6.0,240.0,720.0,0.0,0.0,6.0,0.0,67.0,0.0,0.0,0.0
2023-01-20,18097,63.0,63.0,1402.1584699453554,0.0,1046.0,78728.9713315442,13800.0,1000.0,9200.0,0.0,0.0,46.0,1.0,3600.0,6.0,240.0,720.0,0.0,0.0,6.0,0.0,64.0,0.0,0.0,0.0
2023-01-21,18109,56.0,56.0,1469.9726775956285,0.0,1096.0,78556.50204292267,13600.0,1200.0,8800.0,0.0,0.0,44.0,1.0,3600.0,6.0,240.0,720.0,0.0,0.0,6.0,0.0,62.0,0.0,0.0,0.0
2023-01-22,18115,52.0,52.0,1533.7978142076502,0.0,1142.0,78482.53780234155,12800.0,1000.0,8200.0,0.0,0.0,41.0,1.0,3600.0,6.0,240.0,720.0,0.0,0.0,6.0,0.0,88.0,0.0,0.0,0.0
2023-01-23,18121,53.0,53.0,1618.5655737704917,0.0,1209.0,78325.90797402384,17000.0,800.0,12600.0,0.0,0.0,63.0,1.0,3600.0,6.0,240.0,720.0,0.0,0.0,6.0,0.0,78.0,0.0,0.0,0.0
2023-01-24,18107,57.0,57.0,1683.3879781420765,0.0,1256.0,78324.3348969715,13000.0,400.0,9000.0,0.0,0.0,45.0,1.0,3600.0,6.0,240.0,720.0,0.0,0.0,6.0,0.0,64.0,0.0,0.0,0.0
2023-01-25,18117,42.0,42.0,1754.1939890710385,0.0,1309.0,78130.16149486892,14200.0,400.0,10200.0,0.0,0.0,51.0,1.0,3600.0,6.0,240.0,720.0,0.0,0.0,6.0,0.0,59.0,0.0,0.0,0.0
2023-01-26,18106,59.0,59.0,1840.9562841530053,0.0,1378.0,78094.90760001891,17400.0,600.0,13200.0,0.0,0.0,66.0,1.0,3600.0,6.0,240.0,720.0,0.0,0.0,6.0,0.0,69.0,0.0,0.0,0.0
2023-01-27,18096,43.0,43.0,1904.7814207650272,0.0,1424.0,78073.58927422306,12800.0,400.0,8800.0,0.0,0.0,44.0,1.0,3600.0,6.0,240.0,720.0,0.0,0.0,6.0,0.0,57.0,0.0,0.0,0.0
2023-01-28,18093,49.0,49.0,1980.5737704918033,0.0,1482.0,77851.29892387093,15200.0,800.0,10800.0,0.0,0.0,54.0,1.0,3600.0,6.0,240.0,720.0,0.0,0.0,6.0,0.0,78.0,0.0,0.0,0.0
2023-01-29,18084,66.0,66.0,2054.3715846994537,0.0,1538.0,77838.9286806953,14800.0,800.0,10400.0,0.0,0.0,52.0,1.0,3600.0,6.0,240.0,720.0,0.0,0.0,6.0,0.0,63.0,0.0,0.0,0.0
2023-01-30,18094,56.0,56.0,2124.1803278688526,0.0,1590.0,77793.1261008901,14000.0,1200.0,9200.0,0.0,0.0,46.0,1.0,3600.0,6.0,240.0,720.0,0.0,0.0,6.0,0.0,80.0,0.0,0.0,0.0
2023-01-31,18098,47.0,47.0,2198.975409836066,0.0,1647.0,77760.38952243482,15000.0,400.0,11000.0,0.0,0.0,55.0,1.0,3600.0,6.0,240.0,720.0,0.0,0.0,6.0,0.0,63.0,0.0,0.0,0.0
2023-02-01,18088,59.0,59.0,2274.7677595628415,0.0,1705.0,77732.16238894509,15200.0,400.0,11200.0,0.0,0.0,56.0,1.0,3600.0,6.0,240.0,720.0,0.0,0.0,6.0,0.0,56.0,0.0,0.0,0.0
2023-02-02,18089,52.0,52.0,2357.5409836065573,0.0,1770.0,77816.37142651921,16600.0,1400.0,11600.0,0.0,0.0,58.0,1.0,3600.0,6.0,240.0,720.0,0.0,0.0,6.0,0.0,63.0,0.0,0.0,0.0
2023-02-03,18076,56.0,56.0,2430.341530054645,0.0,1825.0,77663.07551091236,14600.0,1200.0,9800.0,0.0,0.0,49.0,1.0,3600.0,6.0,240.0,720.0,0.0,0.0,6.0,0.0,81.0,0.0,0.0,0.0
2023-02-04,18077,73.0,73.0,2493.1693989071036,0.0,1870.0,77733.5726947241,12600.0,600.0,8400.0,0.0,0.0,42.0,1.0,3600.0,6.0,240.0,720.0,0.0,0.0,6.0,0.0,67.0,0.0,0.0,0.0
2023-02-05,18105,55.0,55.0,2560.983606557377,0.0,1920.0,77799.68780541811,13600.0,200.0,9800.0,0.0,0.0,49.0,1.0,3600.0,6.0,240.0,720.0,0.0,0.0,6.0,0.0,65.0,0.0,0.0,0.0
2023-02-06,18110,49.0,49.0,2633.7841530054643,0.0,1975.0,77733.2716505052,14600.0,600.0,10400.0,0.0,0.0,52.0,1.0,3600.0,6.0,240.0,720.0,0.0,0.0,6.0,0.0,64.0,0.0,0.0,0.0
2023-02-07,18104,58.0,58.0,2701.598360655738,0.0,2025.0,77755.52099232939,13600.0,200.0,9800.0,0.0,0.0,49.0,1.0,3600.0,6.0,240.0,720.0,0.0,0.0,6.0,0.0,77.0,0.0,0.0,0.0
2023-02-08,18112,52.0,52.0,2764.4262295081967,0.0,2070.0,77636.31806140406,12600.0,1200.0,7800.0,0.0,0.0,39.0,1.0,3600.0,6.0,240.0,720.0,0.0,0.0,6.0,0.0,61.0,0.0,0.0,0.0
2023-02-09,18119,52.0,52.0,2825.2595628415306,0.0,2113.0,77530.38559208302,12200.0,1600.0,7000.0,0.0,0.0,35.0,1.0,3600.0,6.0,240.0,720.0,0.0,0.0,6.0,0.0,55.0,0.0,0.0,0.0
2023-02-10,18128,48.0,48.0,2901.051912568306,0.0,2171.0,77492.13965382708,15200.0,1600.0,10000.0,0.0,0.0,50.0,1.0,3600.0,6.0,240.0,720.0,0.0,0.0,6.0,0.0,69.0,0.0,0.0,0.0
2023-02-11,18118,53.0,53.0,2964.877049180328,0.0,2217.0,77459.07305781331,12800.0,1200.0,8000.0,0.0,0.0,40.0,1.0,3600.0,6.0,240.0,720.0,0.0,0.0,6.0,0.0,65.0,0.0,0.0,0.0
2023-02-12,18125,56.0,56.0,3036.6803278688526,0.0,2271.0,77418.4723930718,14400.0,0.0,10800.0,0.0,0.0,54.0,1.0,3600.0,6.0,240.0,720.0,0.0,0.0,6.0,0.0,71.0,0.0,0.0,0.0
2023-02-13,18127,51.0,51.0,3102.5,0.0,2319.0,77384.55942811439,13200.0,600.0,9000.0,0.0,0.0,45.0,1.0,3600.0,6.0,240.0,720.0,0.0,0.0,6.0,0.0,69.0,0.0,0.0,0.0
2023-02-14,18130,48.0,48.0,3159.344262295082,0.0,2358.0,77479.50986604605,11400.0,0.0,7800.0,0.0,0.0,39.0,1.0,3600.0,6.0,240.0,720.0,0.0,0.0,6.0,0.0,74.0,0.0,0.0,0.0
2023-02-15,18139,63.0,63.0,3232.1448087431695,0.0,2413.0,77364.85031738051,14600.0,400.0,10600.0,0.0,0.0,53.0,1.0,3600.0,6.0,240.0,720.0,0.0,0.0,6.0,0.0,65.0,0.0,0.0,0.0
2023-02-16,18147,43.0,43.0,3297.9644808743165,0.0,2461.0,77367.22869464896,13200.0,600.0,9000.0,0.0,0.0,45.0,1.0,3600.0,6.0,240.0,720.0,0.0,0.0,6.0,0.0,60.0,0.0,0.0,0.0
2023-02-17,18142,51.0,51.0,3367.773224043716,0.0,2513.0,77200.36965915404,14000.0,200.0,10200.0,0.0,0.0,51.0,1.0,3600.0,6.0,240.0,720.0,0.0,0.0,6.0,0.0,73.0,0.0,0.0,0.0
2023-02-18,18141,68.0,68.0,3433.5928961748637,0.0,2561.0,77302.42327642649,13200.0,600.0,9000.0,0.0,0.0,45.0,1.0,3600.0,6.0,240.0,720.0,0.0,0.0,6.0,0.0,68.0,0.0,0.0,0.0
2023-02-19,18161,41.0,41.0,3501.4071038251363,0.0,2611.0,77242.38656239476,13600.0,1000.0,9000.0,0.0,0.0,45.0,1.0,3600.0,6.0,240.0,720.0,0.0,0.0,6.0,0.0,89.0,0.0,0.0,0.0
2023-02-20,18152,53.0,53.0,3569.22131147541,0.0,2661.0,77170.67429178326,13600.0,400.0,9600.0,0.0,0.0,48.0,1.0,3600.0,6.0,240.0,720.0,0.0,0.0,6.0,0.0,79.0,0.0,0.0,0.0
2023-02-21,18155,54.0,54.0,3649.002732240437,0.0,2723.0,77151.83288567734,16000.0,200.0,12200.0,0.0,0.0,61.0,1.0,3600.0,6.0,240.0,720.0,0.0,0.0,6.0,0.0,56.0,0.0,0.0,0.0
2023-02-22,18147,46.0,46.0,3713.825136612022,0.0,2770.0,77116.50251585786,13000.0,600.0,8800.0,0.0,0.0,44.0,1.0,3600.0,6.0,240.0,720.0,0.0,0.0,6.0,0.0,76.0,0.0,0.0,0.0
2023-02-23,18146,50.0,50.0,3793.6065573770493,0.0,2832.0,77047.38833701177,16000.0,800.0,11600.0,0.0,0.0,58.0,1.0,3600.0,6.0,240.0,720.0,0.0,0.0,6.0,0.0,75.0,0.0,0.0,0.0
2023-02-24,18134,56.0,56.0,3853.442622950819,0.0,2874.0,77257.82875246026,12000.0,0.0,8400.0,0.0,0.0,42.0,1.0,3600.0,6.0,240.0,720.0,0.0,0.0,6.0,0.0,75.0,0.0,0.0,0.0
2023-02-25,18148,66.0,66.0,3911.284153005464,0.0,2914.0,77119.56902229834,11600.0,600.0,7400.0,0.0,0.0,37.0,1.0,3600.0,6.0,240.0,720.0,0.0,0.0,6.0,0.0,66.0,0.0,0.0,0.0
2023-02-26,18174,50.0,50.0,3986.0792349726776,0.0,2971.0,77336.48096151854,15000.0,200.0,11200.0,0.0,0.0,56.0,1.0,3600.0,6.0,240.0,720.0,0.0,0.0,6.0,0.0,78.0,0.0,0.0,0.0
2023-02-27,18167,47.0,47.0,4050.901639344262,0.0,3018.0,77423.77087671924,13000.0,800.0,8600.0,0.0,0.0,43.0,1.0,3600.0,6.0,240.0,720.0,0.0,0.0,6.0,0.0,73.0,0.0,0.0,0.0
2023-02-28,18167,37.0,37.0,4122.704918032787,0.0,3072.0,77260.33785506817,14400.0,800.0,10000.0,0.0,0.0,50.0,1.0,3600.0,6.0,240.0,720.0,0.0,0.0,6.0,0.0,70.0,0.0,0.0,0.0
2023-03-01,18150,48.0,48.0,4189.521857923497,0.0,3121.0,77089.32561603625,13400.0,200.0,9600.0,0.0,0.0,48.0,1.0,3600.0,6.0,240.0,720.0,0.0,0.0,6.0,0.0,58.0,0.0,0.0,0.0
2023-03-02,18149,56.0,56.0,4257.336065573771,0.0,3171.0,77087.04111409823,13600.0,800.0,9200.0,0.0,0.0,46.0,1.0,3600.0,6.0,240.0,720.0,0.0,0.0,6.0,0.0,77.0,0.0,0.0,0.0
2023-03-03,18155,43.0,43.0,4331.133879781421,0.0,3227.0,76995.06923413486,14800.0,1200.0,10000.0,0.0,0.0,50.0,1.0,3600.0,6.0,240.0,720.0,0.0,0.0,6.0,0.0,73.0,0.0,0.0,0.0
2023-03-04,18142,50.0,50.0,4396.953551912568,0.0,3275.0,76989.26223596346,13200.0,1000.0,8600.0,0.0,0.0,43.0,1.0,3600.0,6.0,240.0,720.0,0.0,0.0,6.0,0.0,67.0,0.0,0.0,0.0
2023-03-05,18144,43.0,43.0,4481.7213114754095,0.0,3342.0,76877.00101570162,17000.0,600.0,12800.0,0.0,0.0,64.0,1.0,3600.0,6.0,240.0,720.0,0.0,0.0,6.0,0.0,57.0,0.0,0.0,0.0
2023-03-06,18120,50.0,50.0,4559.508196721311,0.0,3402.0,76671.38534040644,15600.0,800.0,11200.0,0.0,0.0,56.0,1.0,3600.0,6.0,240.0,720.0,0.0,0.0,6.0,0.0,66.0,0.0,0.0,0.0
2023-03-07,18110,49.0,49.0,4625.327868852459,0.0,3450.0,76342.9770741077,13200.0,800.0,8800.0,0.0,0.0,44.0,1.0,3600.0,6.0,240.0,720.0,0.0,0.0,6.0,0.0,62.0,0.0,0.0,0.0
2023-03-08,18111,51.0,51.0,4698.128415300546,0.0,3505.0,76188.71697460448,14600.0,800.0,10200.0,0.0,0.0,51.0,1.0,3600.0,6.0,240.0,720.0,0.0,0.0,6.0,0.0,78.0,0.0,0.0,0.0
2023-03-09,18107,45.0,45.0,4760.956284153005,0.0,3550.0,76087.89974061439,12600.0,600.0,8400.0,0.0,0.0,42.0,1.0,3600.0,6.0,240.0,720.0,0.0,0.0,6.0,0.0,66.0,0.0,0.0,0.0
2023-03-10,18107,49.0,49.0,4839.74043715847,0.0,3611.0,76135.97748005574,15800.0,600.0,11600.0,0.0,0.0,58.0,1.0,3600.0,6.0,240.0,720.0,0.0,0.0,6.0,0.0,72.0,0.0,0.0,0.0
2023-03-11,18095,59.0,59.0,4922.513661202186,0.0,3676.0,76075.16589521599,16600.0,600.0,12400.0,0.0,0.0,62.0,1.0,3600.0,6.0,240.0,720.0,0.0,0.0,6.0,0.0,67.0,0.0,0.0,0.0
2023-03-12,18089,73.0,73.0,4990.327868852459,0.0,3726.0,76242.07540235596,13600.0,400.0,9600.0,0.0,0.0,48.0,1.0,3600.0,6.0,240.0,720.0,0.0,0.0,6.0,0.0,59.0,0.0,0.0,0.0
2023-03-13,18112,50.0,50.0,5054.15300546448,0.0,3772.0,76402.0638000369,12800.0,400.0,8800.0,0.0,0.0,44.0,1.0,3600.0,6.0,240.0,720.0,0.0,0.0,6.0,0.0,82.0,0.0,0.0,0.0
2023-03-14,18116,60.0,60.0,5125.956284153005,0.0,3826.0,76333.15108854363,14400.0,400.0,10400.0,0.0,0.0,52.0,1.0,3600.0,6.0,240.0,720.0,0.0,0.0,6.0,0.0,68.0,0.0,0.0,0.0
2023-03-15,18122,59.0,59.0,5208.729508196721,0.0,3891.0,76074.57825877289,16600.0,1000.0,12000.0,0.0,0.0,60.0,1.0,3600.0,6.0,240.0,720.0,0.0,0.0,6.0,0.0,86.0,0.0,0.0,0.0
2023-03-16,18116,55.0,55.0,5271.55737704918,0.0,3936.0,76080.877791081,12600.0,400.0,8600.0,0.0,0.0,43.0,1.0,3600.0,6.0,240.0,720.0,0.0,0.0,6.0,0.0,77.0,0.0,0.0,0.0
2023-03-17,18126,52.0,52.0,5336.3797814207655,0.0,3983.0,76112.7722009492,13000.0,200.0,9200.0,0.0,0.0,46.0,1.0,3600.0,6.0,240.0,720.0,0.0,0.0,6.0,0.0,80.0,0.0,0.0,0.0
2023-03-18,18131,43.0,43.0,5416.161202185793,0.0,4045.0,76061.62471676456,16000.0,600.0,11800.0,0.0,0.0,59.0,1.0,3600.0,6.0,240.0,720.0,0.0,0.0,6.0,0.0,65.0,0.0,0.0,0.0
2023-03-19,18112,45.0,45.0,5480.983606557377,0.0,4092.0,76104.53349957816,13000.0,400.0,9000.0,0.0,0.0,45.0,1.0,3600.0,6.0,240.0,720.0,0.0,0.0,6.0,0.0,66.0,0.0,0.0,0.0
2023-03-20,18110,54.0,54.0,5536.830601092896,0.0,4130.0,76037.58292423793,11200.0,600.0,7000.0,0.0,0.0,35.0,1.0,3600.0,6.0,240.0,720.0,0.0,0.0,6.0,0.0,56.0,0.0,0.0,0.0
2023-03-21,18126,58.0,58.0,5603.647540983607,0.0,4179.0,75996.01753590655,13400.0,1400.0,8400.0,0.0,0.0,42.0,1.0,3600.0,6.0,240.0,720.0,0.0,0.0,6.0,0.0,63.0,0.0,0.0,0.0
2023-03-22,18135,49.0,49.0,5682.431693989071,0.0,4240.0,75825.22210297982,15800.0,1200.0,11000.0,0.0,0.0,55.0,1.0,3600.0,6.0,240.0,720.0,0.0,0.0,6.0,0.0,63.0,0.0,0.0,0.0
2023-03-23,18123,42.0,42.0,5752.240437158471,0.0,4292.0,76050.92047170625,14000.0,1000.0,9400.0,0.0,0.0,47.0,1.0,3600.0,6.0,240.0,720.0,0.0,0.0,6.0,0.0,71.0,0.0,0.0,0.0
2023-03-24,18113,43.0,43.0,5816.065573770492,0.0,4338.0,75968.18956952356,12800.0,600.0,8600.0,0.0,0.0,43.0,1.0,3600.0,6.0,240.0,720.0,0.0,0.0,6.0,0.0,82.0,0.0,0.0,0.0
2023-03-25,18110,44.0,44.0,5860.94262295082,0.0,4377.0,75950.97964651839,9000.0,1200.0,6600.0,0.0,0.0,33.0,1.0,1200.0,2.0,90.0,240.0,0.0,0.0,2.0,0.0,18.0,0.0,0.0,0.0
2023-03-26,18115,59.0,59.0,5903.825136612021,0.0,4420.0,75949.36528271211,8600.0,1000.0,7600.0,0.0,0.0,38.0,1.0,0.0,0.0,0.0,0.0,0.0,0.0,0.0,0.0,0.0,0.0,0.0,0.0
2023-03-27,18131,55.0,55.0,5954.685792349727,0.0,4471.0,75884.59121435527,10200.0,1600.0,8600.0,0.0,0.0,43.0,1.0,0.0,0.0,0.0,0.0,0.0,0.0,0.0,0.0,0.0,0.0,0.0,0.0
2023-03-28,18135,57.0,57.0,6021.502732240438,0.0,4538.0,75554.88981047797,13400.0,2400.0,11000.0,0.0,0.0,55.0,1.0,0.0,0.0,0.0,0.0,0.0,0.0,0.0,0.0,0.0,0.0,0.0,0.0
2023-03-29,18125,44.0,44.0,6083.333333333334,0.0,4600.0,75320.92681312462,12400.0,2400.0,10000.0,0.0,0.0,50.0,1.0,0.0,0.0,0.0,0.0,0.0,0.0,0.0,0.0,0.0,0.0,0.0,0.0
2023-03-30,18107,43.0,43.0,6157.131147540984,0.0,4674.0,74969.48744123413,14800.0,3000.0,11800.0,0.0,0.0,59.0,1.0,0.0,0.0,0.0,0.0,0.0,0.0,0.0,0.0,0.0,0.0,0.0,0.0
2023-03-31,18076,51.0,51.0,6215.969945355191,0.0,4733.0,74880.70103579311,11800.0,3000.0,8800.0,0.0,0.0,44.0,1.0,0.0,0.0,0.0,0.0,0.0,0.0,0.0,0.0,0.0,0.0,0.0,0.0
2023-04-01,18068,61.0,61.0,6291.762295081967,0.0,4809.0,74729.91244750186,15200.0,4000.0,11200.0,0.0,0.0,56.0,1.0,0.0,0.0,0.0,0.0,0.0,0.0,0.0,0.0,0.0,0.0,0.0,0.0
2023-04-02,18053,54.0,54.0,6355.587431693989,0.0,4873.0,74529.78926869763,12800.0,4000.0,8800.0,0.0,0.0,44.0,1.0,0.0,0.0,0.0,0.0,0.0,0.0,0.0,0.0,0.0,0.0,0.0,0.0
2023-04-03,18043,48.0,48.0,6413.428961748633,0.0,4931.0,74062.58031398882,11600.0,3800.0,7800.0,0.0,0.0,39.0,1.0,0.0,0.0,0.0,0.0,0.0,0.0,0.0,0.0,0.0,0.0,0.0,0.0
2023-04-04,18033,46.0,46.0,6479.248633879782,0.0,4997.0,73868.91768363342,13200.0,4800.0,8400.0,0.0,0.0,42.0,1.0,0.0,0.0,0.0,0.0,0.0,0.0,0.0,0.0,0.0,0.0,0.0,0.0
2023-04-05,18013,46.0,46.0,6557.035519125683,0.0,5075.0,73535.08902285638,15600.0,5400.0,10200.0,0.0,0.0,51.0,1.0,0.0,0.0,0.0,0.0,0.0,0.0,0.0,0.0,0.0,0.0,0.0,0.0
2023-04-06,17981,60.0,60.0,6626.844262295082,0.0,5145.0,73189.92873221396,14000.0,6200.0,7800.0,0.0,0.0,39.0,1.0,0.0,0.0,0.0,0.0,0.0,0.0,0.0,0.0,0.0,0.0,0.0,0.0
2023-04-07,17971,42.0,42.0,6716.598360655738,0.0,5235.0,72866.16961178517,18000.0,7000.0,11000.0,0.0,0.0,55.0,1.0,0.0,0.0,0.0,0.0,0.0,0.0,0.0,0.0,0.0,0.0,0.0,0.0
2023-04-08,17923,53.0,53.0,6817.322404371584,0.0,5336.0,72371.32439733471,20200.0,7600.0,12600.0,0.0,0.0,63.0,1.0,0.0,0.0,0.0,0.0,0.0,0.0,0.0,0.0,0.0,0.0,0.0,0.0
2023-04-09,17875,58.0,58.0,6921.038251366121,0.0,5440.0,71879.43992820678,20800.0,8600.0,12200.0,0.0,0.0,61.0,1.0,0.0,0.0,0.0,0.0,0.0,0.0,0.0,0.0,0.0,0.0,0.0,0.0
2023-04-10,17829,44.0,44.0,7022.759562841529,0.0,5542.0,71357.1234809096,20400.0,9600.0,10800.0,0.0,0.0,54.0,1.0,0.0,0.0,0.0,0.0,0.0,0.0,0.0,0.0,0.0,0.0,0.0,0.0
2023-04-11,17771,53.0,53.0,7116.502732240438,0.0,5636.0,70818.62743594995,18800.0,10000.0,8800.0,0.0,0.0,44.0,1.0,0.0,0.0,0.0,0.0,0.0,0.0,0.0,0.0,0.0,0.0,0.0,0.0
2023-04-12,17730,57.0,57.0,7203.265027322404,0.0,5723.0,70269.60667883526,17400.0,10000.0,7400.0,0.0,0.0,37.0,1.0,0.0,0.0,0.0,0.0,0.0,0.0,0.0,0.0,0.0,0.0,0.0,0.0
2023-04-13,17700,49.0,49.0,7302.991803278689,0.0,5823.0,69741.84873049207,20000.0,10000.0,10000.0,0.0,0.0,50.0,1.0,0.0,0.0,0.0,0.0,0.0,0.0,0.0,0.0,0.0,0.0,0.0,0.0
2023-04-14,17649,51.0,51.0,7397.732240437159,0.0,5918.0,69397.25826055752,19000.0,10000.0,9000.0,0.0,0.0,45.0,1.0,0.0,0.0,0.0,0.0,0.0,0.0,0.0,0.0,0.0,0.0,0.0,0.0
2023-04-15,17605,55.0,55.0,7503.44262295082,0.0,6024.0,68522.71875950719,21200.0,10000.0,11200.0,0.0,0.0,56.0,1.0,0.0,0.0,0.0,0.0,0.0,0.0,0.0,0.0,0.0,0.0,0.0,0.0
2023-04-16,17554,50.0,50.0,7596.188524590164,0.0,6117.0,67961.26711915147,18600.0,10000.0,8600.0,0.0,0.0,43.0,1.0,0.0,0.0,0.0,0.0,0.0,0.0,0.0,0.0,0.0,0.0,0.0,0.0
2023-04-17,17511,48.0,48.0,7685.94262295082,0.0,6207.0,67697.81360203928,18000.0,9800.0,8200.0,0.0,0.0,41.0,1.0,0.0,0.0,0.0,0.0,0.0,0.0,0.0,0.0,0.0,0.0,0.0,0.0
2023-04-18,17469,40.0,40.0,7770.710382513661,0.0,6292.0,67245.44407158875,17000.0,10000.0,7000.0,0.0,0.0,35.0,1.0,0.0,0.0,0.0,0.0,0.0,0.0,0.0,0.0,0.0,0.0,0.0,0.0
2023-04-19,17424,51.0,51.0,7854.480874316941,0.0,6376.0,66715.00656989025,16800.0,9800.0,7000.0,0.0,0.0,35.0,1.0,0.0,0.0,0.0,0.0,0.0,0.0,0.0,0.0,0.0,0.0,0.0,0.0
2023-04-20,17391,54.0,54.0,7942.240437158471,0.0,6464.0,66139.6896650599,17600.0,10000.0,7600.0,0.0,0.0,38.0,1.0,0.0,0.0,0.0,0.0,0.0,0.0,0.0,0.0,0.0,0.0,0.0,0.0
2023-04-21,17357,53.0,53.0,8027.008196721312,0.0,6549.0,65698.45523562633,17000.0,10000.0,7000.0,0.0,0.0,35.0,1.0,0.0,0.0,0.0,0.0,0.0,0.0,0.0,0.0,0.0,0.0,0.0,0.0
2023-04-22,17325,54.0,54.0,8120.751366120218,0.0,6643.0,65299.01618193214,18800.0,10000.0,8800.0,0.0,0.0,44.0,1.0,0.0,0.0,0.0,0.0,0.0,0.0,0.0,0.0,0.0,0.0,0.0,0.0
2023-04-23,17285,48.0,48.0,8221.475409836066,0.0,6744.0,64767.16140423811,20200.0,10000.0,10200.0,0.0,0.0,51.0,1.0,0.0,0.0,0.0,0.0,0.0,0.0,0.0,0.0,0.0,0.0,0.0,0.0
2023-04-24,17232,57.0,57.0,8312.226775956284,0.0,6835.0,64606.0184118892,18200.0,10000.0,8200.0,0.0,0.0,41.0,1.0,0.0,0.0,0.0,0.0,0.0,0.0,0.0,0.0,0.0,0.0,0.0,0.0
2023-04-25,17198,51.0,51.0,8406.967213114754,0.0,6930.0,64000.11813014676,19000.0,10000.0,9000.0,0.0,0.0,45.0,1.0,0.0,0.0,0.0,0.0,0.0,0.0,0.0,0.0,0.0,0.0,0.0,0.0
2023-04-26,17154,48.0,48.0,8515.669398907105,0.0,7039.0,63157.37918985324,21800.0,10000.0,11800.0,0.0,0.0,59.0,1.0,0.0,0.0,0.0,0.0,0.0,0.0,0.0,0.0,0.0,0.0,0.0,0.0
2023-04-27,17093,54.0,54.0,8613.401639344263,0.0,7137.0,62877.573262369755,19600.0,10000.0,9600.0,0.0,0.0,48.0,1.0,0.0,0.0,0.0,0.0,0.0,0.0,0.0,0.0,0.0,0.0,0.0,0.0
2023-04-28,17049,58.0,58.0,8704.15300546448,0.0,7228.0,62317.978159863465,18200.0,10000.0,8200.0,0.0,0.0,41.0,1.0,0.0,0.0,0.0,0.0,0.0,0.0,0.0,0.0,0.0,0.0,0.0,0.0
2023-04-29,17016,52.0,52.0,8787.92349726776,0.0,7312.0,61843.771093124626,16800.0,10000.0,6800.0,0.0,0.0,34.0,1.0,0.0,0.0,0.0,0.0,0.0,0.0,0.0,0.0,0.0,0.0,0.0,0.0
2023-04-30,16984,56.0,56.0,8881.666666666668,0.0,7406.0,61148.10836569366,18800.0,10000.0,8800.0,0.0,0.0,44.0,1.0,0.0,0.0,0.0,0.0,0.0,0.0,0.0,0.0,0.0,0.0,0.0,0.0
2023-05-01,16946,50.0,50.0,8978.401639344263,0.0,7503.0,60593.659163754906,19400.0,10000.0,9400.0,0.0,0.0,47.0,1.0,0.0,0.0,0.0,0.0,0.0,0.0,0.0,0.0,0.0,0.0,0.0,0.0
2023-05-02,16899,62.0,62.0,9087.103825136612,0.0,7594.0,60197.740970378305,21800.0,7800.0,10400.0,0.0,0.0,52.0,1.0,3600.0,6.0,240.0,720.0,26.0,0.0,6.0,0.0,25.0,0.0,0.0,0.0
2023-05-03,16870,52.0,52.0,9165.887978142076,0.0,7655.0,60020.041581560945,15800.0,5000.0,7200.0,0.0,0.0,36.0,1.0,3600.0,6.0,240.0,720.0,33.0,0.0,6.0,0.0,34.0,0.0,0.0,0.0
2023-05-04,16861,52.0,52.0,9234.699453551912,0.0,7706.0,60106.45325418477,13800.0,3400.0,6800.0,0.0,0.0,34.0,1.0,3600.0,6.0,240.0,720.0,19.0,0.0,6.0,0.0,21.0,0.0,0.0,0.0
2023-05-05,16862,55.0,55.0,9302.513661202185,0.0,7756.0,60153.954562763494,13600.0,800.0,9200.0,0.0,0.0,46.0,1.0,3600.0,6.0,240.0,720.0,33.0,0.0,6.0,0.0,28.0,0.0,0.0,0.0
2023-05-06,16867,51.0,51.0,9363.34699453552,0.0,7799.0,60220.3796926689,12200.0,0.0,8600.0,0.0,0.0,43.0,1.0,3600.0,6.0,240.0,720.0,27.0,0.0,6.0,0.0,21.0,0.0,0.0,0.0
2023-05-07,16875,53.0,53.0,9424.180327868853,0.0,7842.0,60281.18025351255,12200.0,0.0,8600.0,0.0,0.0,43.0,1.0,3600.0,6.0,240.0,720.0,26.0,0.0,6.0,0.0,27.0,0.0,0.0,0.0
2023-05-08,16885,41.0,41.0,9494.986338797815,0.0,7895.0,60229.27368876747,14200.0,0.0,10600.0,0.0,0.0,53.0,1.0,3600.0,6.0,240.0,720.0,26.0,0.0,6.0,0.0,20.0,0.0,0.0,0.0
2023-05-09,16873,49.0,49.0,9559.808743169398,0.0,7942.0,60144.03167571921,13000.0,0.0,9400.0,0.0,0.0,47.0,1.0,3600.0,6.0,240.0,720.0,21.0,0.0,6.0,0.0,19.0,0.0,0.0,0.0
2023-05-10,16875,57.0,57.0,9615.655737704918,0.0,7980.0,60273.78998258065,11200.0,0.0,7600.0,0.0,0.0,38.0,1.0,3600.0,6.0,240.0,720.0,24.0,0.0,6.0,0.0,28.0,0.0,0.0,0.0
2023-05-11,16894,41.0,41.0,9673.497267759562,0.0,8020.0,60314.26332607284,11600.0,0.0,8000.0,0.0,0.0,40.0,1.0,3600.0,6.0,240.0,720.0,28.0,0.0,6.0,0.0,25.0,0.0,0.0,0.0
2023-05-12,16895,49.0,49.0,9739.31693989071,0.0,8068.0,60235.12519650299,13200.0,0.0,9600.0,0.0,0.0,48.0,1.0,3600.0,6.0,240.0,720.0,38.0,0.0,6.0,0.0,22.0,0.0,0.0,0.0
2023-05-13,16896,55.0,55.0,9802.144808743169,0.0,8113.0,60252.81981775215,12600.0,0.0,9000.0,0.0,0.0,45.0,1.0,3600.0,6.0,240.0,720.0,32.0,0.0,6.0,0.0,23.0,0.0,0.0,0.0
2023-05-14,16906,51.0,51.0,9862.978142076503,0.0,8156.0,60368.87908190494,12200.0,0.0,8600.0,0.0,0.0,43.0,1.0,3600.0,6.0,240.0,720.0,29.0,0.0,6.0,0.0,24.0,0.0,0.0,0.0
2023-05-15,16914,49.0,49.0,9921.81693989071,0.0,8197.0,60322.65892293898,11800.0,0.0,8200.0,0.0,0.0,41.0,1.0,3600.0,6.0,240.0,720.0,23.0,0.0,6.0,0.0,30.0,0.0,0.0,0.0
2023-05-16,16922,61.0,61.0,9976.666666666668,0.0,8234.0,60390.26312333838,11000.0,0.0,7400.0,0.0,0.0,37.0,1.0,3600.0,6.0,240.0,720.0,35.0,0.0,6.0,0.0,19.0,0.0,0.0,0.0
2023-05-17,16946,64.0,64.0,10028.524590163934,0.0,8268.0,60596.58741561754,10400.0,0.0,6800.0,0.0,0.0,34.0,1.0,3600.0,6.0,240.0,720.0,29.0,0.0,6.0,0.0,14.0,0.0,0.0,0.0
2023-05-18,16976,46.0,46.0,10090.355191256831,0.0,8312.0,60594.99224145239,12400.0,1000.0,7800.0,0.0,0.0,39.0,1.0,3600.0,6.0,240.0,720.0,22.0,0.0,6.0,0.0,24.0,0.0,0.0,0.0
2023-05-19,16978,64.0,64.0,10150.191256830602,0.0,8354.0,60703.56743535376,12000.0,400.0,8000.0,0.0,0.0,40.0,1.0,3600.0,6.0,240.0,720.0,27.0,0.0,6.0,0.0,25.0,0.0,0.0,0.0
2023-05-20,17000,50.0,50.0,10221.994535519125,0.0,8408.0,60825.6219903512,14400.0,400.0,10400.0,0.0,0.0,52.0,1.0,3600.0,6.0,240.0,720.0,38.0,0.0,6.0,0.0,19.0,0.0,0.0,0.0
2023-05-21,16996,55.0,55.0,10282.827868852459,0.0,8451.0,60808.81137684116,12200.0,1400.0,7200.0,0.0,0.0,36.0,1.0,3600.0,6.0,240.0,720.0,33.0,0.0,6.0,0.0,14.0,0.0,0.0,0.0
2023-05-22,17008,47.0,47.0,10353.63387978142,0.0,8504.0,60777.28146935716,14200.0,800.0,9800.0,0.0,0.0,49.0,1.0,3600.0,6.0,240.0,720.0,28.0,0.0,6.0,0.0,24.0,0.0,0.0,0.0
2023-05-23,17002,63.0,63.0,10412.472677595628,0.0,8545.0,60838.951559513094,11800.0,400.0,7800.0,0.0,0.0,39.0,1.0,3600.0,6.0,240.0,720.0,41.0,0.0,6.0,0.0,22.0,0.0,0.0,0.0
2023-05-24,17024,38.0,38.0,10482.281420765026,0.0,8597.0,60799.98071095505,14000.0,1000.0,9400.0,0.0,0.0,47.0,1.0,3600.0,6.0,240.0,720.0,30.0,0.0,6.0,0.0,22.0,0.0,0.0,0.0
2023-05-25,17010,57.0,57.0,10561.065573770493,0.0,8658.0,60956.8505767702,15800.0,600.0,11600.0,0.0,0.0,58.0,1.0,3600.0,6.0,240.0,720.0,29.0,0.0,6.0,0.0,30.0,0.0,0.0,0.0
2023-05-26,17006,33.0,33.0,10625.887978142076,0.0,8705.0,60881.60734205656,13000.0,0.0,9400.0,0.0,0.0,47.0,1.0,3600.0,6.0,240.0,720.0,28.0,0.0,6.0,0.0,26.0,0.0,0.0,0.0
2023-05-27,16992,44.0,44.0,10681.734972677596,0.0,8743.0,60957.294954281475,11200.0,600.0,7000.0,0.0,0.0,35.0,1.0,3600.0,6.0,240.0,720.0,26.0,0.0,6.0,0.0,23.0,0.0,0.0,0.0
2023-05-28,16998,49.0,49.0,10747.554644808744,0.0,8791.0,61026.068564719804,13200.0,1000.0,8600.0,0.0,0.0,43.0,1.0,3600.0,6.0,240.0,720.0,24.0,0.0,6.0,0.0,25.0,0.0,0.0,0.0
2023-05-29,16999,51.0,51.0,10801.407103825137,0.0,8827.0,61092.68883764795,10800.0,400.0,6800.0,0.0,0.0,34.0,1.0,3600.0,6.0,240.0,720.0,34.0,0.0,6.0,0.0,21.0,0.0,0.0,0.0
2023-05-30,17014,35.0,35.0,10854.262295081968,0.0,8862.0,61227.28898741988,10600.0,800.0,6200.0,0.0,0.0,31.0,1.0,3600.0,6.0,240.0,720.0,25.0,0.0,6.0,0.0,18.0,0.0,0.0,0.0
2023-05-31,17014,50.0,50.0,10928.060109289618,0.0,8918.0,61324.51724388183,14800.0,800.0,10400.0,0.0,0.0,52.0,1.0,3600.0,6.0,240.0,720.0,33.0,0.0,6.0,0.0,18.0,0.0,0.0,0.0
2023-06-01,17008,48.0,48.0,10996.871584699455,0.0,8969.0,61240.883266810066,13800.0,1000.0,9200.0,0.0,0.0,46.0,1.0,3600.0,6.0,240.0,720.0,32.0,0.0,6.0,0.0,26.0,0.0,0.0,0.0
2023-06-02,17005,44.0,44.0,11056.707650273223,0.0,9011.0,61357.2765645099,12000.0,600.0,7800.0,0.0,0.0,39.0,1.0,3600.0,6.0,240.0,720.0,22.0,0.0,6.0,0.0,36.0,0.0,0.0,0.0
2023-06-03,17007,46.0,46.0,11118.538251366122,0.0,9055.0,61292.55690228846,12400.0,400.0,8400.0,0.0,0.0,42.0,1.0,3600.0,6.0,240.0,720.0,34.0,0.0,6.0,0.0,23.0,0.0,0.0,0.0
2023-06-04,17009,44.0,44.0,11189.34426229508,0.0,9108.0,61096.57918244045,14200.0,1400.0,9200.0,0.0,0.0,46.0,1.0,3600.0,6.0,240.0,720.0,38.0,0.0,6.0,0.0,19.0,0.0,0.0,0.0
2023-06-05,17000,45.0,45.0,11250.177595628415,0.0,9151.0,61089.35442512485,12200.0,600.0,8000.0,0.0,0.0,40.0,1.0,3600.0,6.0,240.0,720.0,30.0,0.0,6.0,0.0,20.0,0.0,0.0,0.0
2023-06-06,17002,51.0,51.0,11317.991803278688,0.0,9201.0,61060.991410128096,13600.0,1000.0,9000.0,0.0,0.0,45.0,1.0,3600.0,6.0,240.0,720.0,26.0,0.0,6.0,0.0,31.0,0.0,0.0,0.0
2023-06-07,17003,50.0,50.0,11388.79781420765,0.0,9254.0,61056.999539067416,14200.0,600.0,10000.0,0.0,0.0,50.0,1.0,3600.0,6.0,240.0,720.0,30.0,0.0,6.0,0.0,25.0,0.0,0.0,0.0
2023-06-08,17000,48.0,48.0,11456.612021857924,0.0,9304.0,61148.91740186843,13600.0,800.0,9200.0,0.0,0.0,46.0,1.0,3600.0,6.0,240.0,720.0,28.0,0.0,6.0,0.0,22.0,0.0,0.0,0.0
2023-06-09,16998,40.0,40.0,11530.409836065573,0.0,9360.0,61262.872426812726,14800.0,800.0,10400.0,0.0,0.0,52.0,1.0,3600.0,6.0,240.0,720.0,26.0,0.0,6.0,0.0,24.0,0.0,0.0,0.0
2023-06-10,16982,47.0,47.0,11599.22131147541,0.0,9411.0,61217.72396602605,13800.0,800.0,9400.0,0.0,0.0,47.0,1.0,3600.0,6.0,240.0,720.0,22.0,0.0,6.0,0.0,22.0,0.0,0.0,0.0
2023-06-11,16978,57.0,57.0,11657.062841530056,0.0,9451.0,61219.848761733345,11600.0,400.0,7600.0,0.0,0.0,38.0,1.0,3600.0,6.0,240.0,720.0,36.0,0.0,6.0,0.0,28.0,0.0,0.0,0.0
2023-06-12,16995,54.0,54.0,11719.890710382513,0.0,9496.0,61264.52356784871,12600.0,400.0,8600.0,0.0,0.0,43.0,1.0,3600.0,6.0,240.0,720.0,28.0,0.0,6.0,0.0,22.0,0.0,0.0,0.0
2023-06-13,17004,50.0,50.0,11780.724043715845,0.0,9539.0,61387.92284053797,12200.0,800.0,7800.0,0.0,0.0,39.0,1.0,3600.0,6.0,240.0,720.0,31.0,0.0,6.0,0.0,21.0,0.0,0.0,0.0
2023-06-14,17011,50.0,50.0,11851.530054644809,0.0,9592.0,61220.64593026998,14200.0,1000.0,9600.0,0.0,0.0,48.0,1.0,3600.0,6.0,240.0,720.0,24.0,0.0,6.0,0.0,21.0,0.0,0.0,0.0
2023-06-15,17008,42.0,42.0,11913.360655737706,0.0,9636.0,61153.622822408695,12400.0,600.0,8200.0,0.0,0.0,41.0,1.0,3600.0,6.0,240.0,720.0,30.0,0.0,6.0,0.0,19.0,0.0,0.0,0.0
2023-06-16,17006,53.0,53.0,11977.185792349726,0.0,9682.0,61296.7927217537,12800.0,400.0,8800.0,0.0,0.0,44.0,1.0,3600.0,6.0,240.0,720.0,30.0,0.0,6.0,0.0,23.0,0.0,0.0,0.0
2023-06-17,17013,44.0,44.0,12040.013661202185,0.0,9727.0,61275.7272818782,12600.0,200.0,8800.0,0.0,0.0,44.0,1.0,3600.0,6.0,240.0,720.0,26.0,0.0,6.0,0.0,22.0,0.0,0.0,0.0
2023-06-18,17012,58.0,58.0,12102.841530054644,0.0,9772.0,61125.2520350121,12600.0,800.0,8200.0,0.0,0.0,41.0,1.0,3600.0,6.0,240.0,720.0,29.0,0.0,6.0,0.0,20.0,0.0,0.0,0.0
2023-06-19,17025,38.0,38.0,12161.680327868853,0.0,9813.0,61127.773856851876,11800.0,400.0,7800.0,0.0,0.0,39.0,1.0,3600.0,6.0,240.0,720.0,29.0,0.0,6.0,0.0,32.0,0.0,0.0,0.0
2023-06-20,17022,51.0,51.0,12241.461748633878,0.0,9875.0,61121.94890331906,16000.0,800.0,11600.0,0.0,0.0,58.0,1.0,3600.0,6.0,240.0,720.0,43.0,0.0,6.0,0.0,17.0,0.0,0.0,0.0
2023-06-21,17011,52.0,52.0,12295.314207650274,0.0,9911.0,61147.0975689664,10800.0,800.0,6400.0,0.0,0.0,32.0,1.0,3600.0,6.0,240.0,720.0,35.0,0.0,6.0,0.0,24.0,0.0,0.0,0.0
2023-06-22,17027,52.0,52.0,12368.11475409836,0.0,9966.0,61203.56855193964,14600.0,1800.0,9200.0,0.0,0.0,46.0,1.0,3600.0,6.0,240.0,720.0,25.0,0.0,6.0,0.0,17.0,0.0,0.0,0.0
2023-06-23,17024,57.0,57.0,12444.9043715847,0.0,10025.0,61323.939853680466,15400.0,800.0,11000.0,0.0,0.0,55.0,1.0,3600.0,6.0,240.0,720.0,29.0,0.0,6.0,0.0,17.0,0.0,0.0,0.0
2023-06-24,17022,60.0,60.0,12503.74316939891,0.0,10066.0,61362.385646858864,11800.0,400.0,7800.0,0.0,0.0,39.0,1.0,3600.0,6.0,240.0,720.0,30.0,0.0,6.0,0.0,20.0,0.0,0.0,0.0
2023-06-25,17041,62.0,62.0,12572.554644808744,0.0,10117.0,61674.252943873056,13800.0,400.0,9800.0,0.0,0.0,49.0,1.0,3600.0,6.0,240.0,720.0,44.0,0.0,6.0,0.0,22.0,0.0,0.0,0.0
2023-06-26,17052,47.0,47.0,12635.382513661201,0.0,10162.0,61534.533248486565,12600.0,1200.0,7800.0,0.0,0.0,39.0,1.0,3600.0,6.0,240.0,720.0,28.0,0.0,6.0,0.0,23.0,0.0,0.0,0.0
2023-06-27,17054,48.0,48.0,12698.210382513662,0.0,10207.0,61693.4485325381,12600.0,400.0,8600.0,0.0,0.0,43.0,1.0,3600.0,6.0,240.0,720.0,32.0,0.0,6.0,0.0,29.0,0.0,0.0,0.0
2023-06-28,17057,60.0,60.0,12756.051912568308,0.0,10247.0,61762.30949202815,11600.0,600.0,7400.0,0.0,0.0,37.0,1.0,3600.0,6.0,240.0,720.0,34.0,0.0,6.0,0.0,24.0,0.0,0.0,0.0
2023-06-29,17077,63.0,63.0,12819.877049180328,0.0,10293.0,61834.34795438262,12800.0,200.0,9000.0,0.0,0.0,45.0,1.0,3600.0,6.0,240.0,720.0,30.0,0.0,6.0,0.0,19.0,0.0,0.0,0.0
2023-06-30,17094,56.0,56.0,12886.693989071038,0.0,10342.0,61775.80511049146,13400.0,800.0,9000.0,0.0,0.0,45.0,1.0,3600.0,6.0,240.0,720.0,26.0,0.0,6.0,0.0,24.0,0.0,0.0,0.0
2023-07-01,17101,40.0,40.0,12952.513661202185,0.0,10390.0,61805.67695522538,13200.0,600.0,9000.0,0.0,0.0,45.0,1.0,3600.0,6.0,240.0,720.0,37.0,0.0,6.0,0.0,17.0,0.0,0.0,0.0
2023-07-02,17093,45.0,45.0,13034.289617486338,0.0,10454.0,61581.01486418881,16400.0,800.0,12000.0,0.0,0.0,60.0,1.0,3600.0,6.0,240.0,720.0,30.0,0.0,6.0,0.0,24.0,0.0,0.0,0.0
2023-07-03,17074,43.0,43.0,13101.106557377048,0.0,10503.0,61571.00890844538,13400.0,1200.0,8600.0,0.0,0.0,43.0,1.0,3600.0,6.0,240.0,720.0,28.0,0.0,6.0,0.0,20.0,0.0,0.0,0.0
2023-07-04,17068,62.0,62.0,13181.88524590164,0.0,10566.0,61715.64906886291,16200.0,600.0,12000.0,0.0,0.0,60.0,1.0,3600.0,6.0,240.0,720.0,20.0,0.0,6.0,0.0,25.0,0.0,0.0,0.0
2023-07-05,17067,51.0,51.0,13249.699453551912,0.0,10616.0,61664.734157573526,13600.0,400.0,9600.0,0.0,0.0,48.0,1.0,3600.0,6.0,240.0,720.0,28.0,0.0,6.0,0.0,21.0,0.0,0.0,0.0
2023-07-06,17068,51.0,51.0,13314.521857923497,0.0,10663.0,61819.15154866886,13000.0,0.0,9400.0,0.0,0.0,47.0,1.0,3600.0,6.0,240.0,720.0,21.0,0.0,6.0,0.0,22.0,0.0,0.0,0.0
2023-07-07,17072,53.0,53.0,13388.319672131147,0.0,10719.0,61844.41079378007,14800.0,600.0,10600.0,0.0,0.0,53.0,1.0,3600.0,6.0,240.0,720.0,38.0,0.0,6.0,0.0,20.0,0.0,0.0,0.0
2023-07-08,17069,42.0,42.0,13457.131147540984,0.0,10770.0,61993.8153021465,13800.0,200.0,10000.0,0.0,0.0,50.0,1.0,3600.0,6.0,240.0,720.0,28.0,0.0,6.0,0.0,17.0,0.0,0.0,0.0
2023-07-09,17060,54.0,54.0,13509.986338797815,0.0,10805.0,61908.63087584781,10600.0,200.0,6800.0,0.0,0.0,34.0,1.0,3600.0,6.0,240.0,720.0,33.0,0.0,6.0,0.0,22.0,0.0,0.0,0.0
2023-07-10,17079,49.0,49.0,13573.811475409835,0.0,10851.0,61934.00378127467,12800.0,800.0,8400.0,0.0,0.0,42.0,1.0,3600.0,6.0,240.0,720.0,29.0,0.0,6.0,0.0,21.0,0.0,0.0,0.0
2023-07-11,17082,57.0,57.0,13628.661202185793,0.0,10888.0,61943.41100471609,11000.0,400.0,7000.0,0.0,0.0,35.0,1.0,3600.0,6.0,240.0,720.0,27.0,0.0,6.0,0.0,28.0,0.0,0.0,0.0
2023-07-12,17102,51.0,51.0,13684.508196721312,0.0,10926.0,61953.50603439761,11200.0,400.0,7200.0,0.0,0.0,36.0,1.0,3600.0,6.0,240.0,720.0,38.0,0.0,6.0,0.0,23.0,0.0,0.0,0.0
2023-07-13,17115,37.0,37.0,13747.336065573769,0.0,10971.0,61970.05614277834,12600.0,1000.0,8000.0,0.0,0.0,40.0,1.0,3600.0,6.0,240.0,720.0,28.0,0.0,6.0,0.0,26.0,0.0,0.0,0.0
2023-07-14,17107,50.0,50.0,13803.18306010929,0.0,11009.0,61953.56267373807,11200.0,600.0,7000.0,0.0,0.0,35.0,1.0,3600.0,6.0,240.0,720.0,39.0,0.0,6.0,0.0,17.0,0.0,0.0,0.0
2023-07-15,17119,39.0,39.0,13876.980874316941,0.0,11065.0,61924.39984731245,14800.0,1000.0,10200.0,0.0,0.0,51.0,1.0,3600.0,6.0,240.0,720.0,34.0,0.0,6.0,0.0,15.0,0.0,0.0,0.0
2023-07-16,17102,53.0,53.0,13943.79781420765,0.0,11114.0,61925.17157848491,13400.0,800.0,9000.0,0.0,0.0,45.0,1.0,3600.0,6.0,240.0,720.0,34.0,0.0,6.0,0.0,25.0,0.0,0.0,0.0
2023-07-17,17106,48.0,48.0,14013.606557377048,0.0,11166.0,61898.64155264541,14000.0,800.0,9600.0,0.0,0.0,48.0,1.0,3600.0,6.0,240.0,720.0,32.0,0.0,6.0,0.0,20.0,0.0,0.0,0.0
2023-07-18,17102,43.0,43.0,14067.459016393444,0.0,11202.0,62063.95870457721,10800.0,200.0,7000.0,0.0,0.0,35.0,1.0,3600.0,6.0,240.0,720.0,31.0,0.0,6.0,0.0,32.0,0.0,0.0,0.0
2023-07-19,17109,45.0,45.0,14124.303278688523,0.0,11241.0,62078.70074669684,11400.0,400.0,7400.0,0.0,0.0,37.0,1.0,3600.0,6.0,240.0,720.0,27.0,0.0,6.0,0.0,19.0,0.0,0.0,0.0
2023-07-20,17115,54.0,54.0,14195.109289617487,0.0,11294.0,62217.093625667905,14200.0,800.0,9800.0,0.0,0.0,49.0,1.0,3600.0,6.0,240.0,720.0,26.0,0.0,6.0,0.0,20.0,0.0,0.0,0.0
2023-07-21,17116,63.0,63.0,14261.926229508197,0.0,11343.0,62266.75051537693,13400.0,600.0,9200.0,0.0,0.0,46.0,1.0,3600.0,6.0,240.0,720.0,22.0,0.0,6.0,0.0,17.0,0.0,0.0,0.0
2023-07-22,17130,52.0,52.0,14324.754098360654,0.0,11388.0,62227.007996917135,12600.0,600.0,8400.0,0.0,0.0,42.0,1.0,3600.0,6.0,240.0,720.0,26.0,0.0,6.0,0.0,19.0,0.0,0.0,0.0
2023-07-23,17137,50.0,50.0,14391.571038251366,0.0,11437.0,62282.58919733494,13400.0,1200.0,8600.0,0.0,0.0,43.0,1.0,3600.0,6.0,240.0,720.0,41.0,0.0,6.0,0.0,26.0,0.0,0.0,0.0
2023-07-24,17138,43.0,43.0,14449.41256830601,0.0,11489.0,62195.961630311445,11600.0,600.0,9800.0,0.0,0.0,49.0,1.0,1200.0,2.0,90.0,240.0,9.0,0.0,2.0,0.0,9.0,0.0,0.0,0.0
2023-07-25,17129,55.0,55.0,14491.29781420765,0.0,11531.0,62298.70095773887,8400.0,400.0,8000.0,0.0,0.0,40.0,1.0,0.0,0.0,0.0,0.0,0.0,0.0,0.0,0.0,0.0,0.0,0.0,0.0
2023-07-26,17142,43.0,43.0,14532.185792349726,0.0,11572.0,62170.07614957506,8200.0,1000.0,7200.0,0.0,0.0,36.0,1.0,0.0,0.0,0.0,0.0,0.0,0.0,0.0,0.0,0.0,0.0,0.0,0.0
2023-07-27,17144,51.0,51.0,14589.030054644809,0.0,11629.0,62306.39171579924,11400.0,2000.0,9400.0,0.0,0.0,47.0,1.0,0.0,0.0,0.0,0.0,0.0,0.0,0.0,0.0,0.0,0.0,0.0,0.0
2023-07-28,17138,69.0,69.0,14647.868852459016,0.0,11688.0,62337.076676755794,11800.0,2200.0,9600.0,0.0,0.0,48.0,1.0,0.0,0.0,0.0,0.0,0.0,0.0,0.0,0.0,0.0,0.0,0.0,0.0
2023-07-29,17148,44.0,44.0,14710.696721311477,0.0,11751.0,61983.456639215954,12600.0,3000.0,9600.0,0.0,0.0,48.0,1.0,0.0,0.0,0.0,0.0,0.0,0.0,0.0,0.0,0.0,0.0,0.0,0.0
2023-07-30,17129,50.0,50.0,14759.562841530056,0.0,11800.0,61885.22085262485,9800.0,3400.0,6400.0,0.0,0.0,32.0,1.0,0.0,0.0,0.0,0.0,0.0,0.0,0.0,0.0,0.0,0.0,0.0,0.0
2023-07-31,17130,63.0,63.0,14823.387978142076,0.0,11864.0,61849.6028890528,12800.0,4400.0,8400.0,0.0,0.0,42.0,1.0,0.0,0.0,0.0,0.0,0.0,0.0,0.0,0.0,0.0,0.0,0.0,0.0
2023-08-01,17129,54.0,54.0,14875.245901639346,0.0,11916.0,61812.25223306953,10400.0,3400.0,7000.0,0.0,0.0,35.0,1.0,0.0,0.0,0.0,0.0,0.0,0.0,0.0,0.0,0.0,0.0,0.0,0.0
2023-08-02,17131,61.0,61.0,14925.109289617487,0.0,11966.0,61780.92277831845,10000.0,4000.0,6000.0,0.0,0.0,30.0,1.0,0.0,0.0,0.0,0.0,0.0,0.0,0.0,0.0,0.0,0.0,0.0,0.0
2023-08-03,17142,46.0,46.0,14970.983606557376,0.0,12012.0,61663.27183754795,9200.0,4200.0,5000.0,0.0,0.0,25.0,1.0,0.0,0.0,0.0,0.0,0.0,0.0,0.0,0.0,0.0,0.0,0.0,0.0
2023-08-04,17142,46.0,46.0,15050.765027322404,0.0,12092.0,61310.66974907118,16000.0,5600.0,10400.0,0.0,0.0,52.0,1.0,0.0,0.0,0.0,0.0,0.0,0.0,0.0,0.0,0.0,0.0,0.0,0.0
2023-08-05,17108,51.0,51.0,15142.513661202185,0.0,12184.0,61136.77954088577,18400.0,5600.0,12800.0,0.0,0.0,64.0,1.0,0.0,0.0,0.0,0.0,0.0,0.0,0.0,0.0,0.0,0.0,0.0,0.0
2023-08-06,17067,48.0,48.0,15221.29781420765,0.0,12263.0,60761.10648418944,15800.0,6800.0,9000.0,0.0,0.0,45.0,1.0,0.0,0.0,0.0,0.0,0.0,0.0,0.0,0.0,0.0,0.0,0.0,0.0
2023-08-07,17036,37.0,37.0,15323.019125683059,0.0,12365.0,60295.90547246339,20400.0,6800.0,13600.0,0.0,0.0,68.0,1.0,0.0,0.0,0.0,0.0,0.0,0.0,0.0,0.0,0.0,0.0,0.0,0.0
2023-08-08,16971,55.0,55.0,15401.803278688525,0.0,12444.0,59884.186096284175,15800.0,7600.0,8200.0,0.0,0.0,41.0,1.0,0.0,0.0,0.0,0.0,0.0,0.0,0.0,0.0,0.0,0.0,0.0,0.0
2023-08-09,16947,46.0,46.0,15491.557377049177,0.0,12534.0,59311.47857901404,18000.0,9400.0,8600.0,0.0,0.0,43.0,1.0,0.0,0.0,0.0,0.0,0.0,0.0,0.0,0.0,0.0,0.0,0.0,0.0
2023-08-10,16903,39.0,39.0,15587.295081967211,0.0,12630.0,58901.84957458676,19200.0,10000.0,9200.0,0.0,0.0,46.0,1.0,0.0,0.0,0.0,0.0,0.0,0.0,0.0,0.0,0.0,0.0,0.0,0.0
2023-08-11,16846,46.0,46.0,15682.035519125682,0.0,12725.0,58446.697224614276,19000.0,9800.0,9200.0,0.0,0.0,46.0,1.0,0.0,0.0,0.0,0.0,0.0,0.0,0.0,0.0,0.0,0.0,0.0,0.0
2023-08-12,16797,36.0,36.0,15765.806010928962,0.0,12809.0,57868.82095484842,16800.0,10000.0,6800.0,0.0,0.0,34.0,1.0,0.0,0.0,0.0,0.0,0.0,0.0,0.0,0.0,0.0,0.0,0.0,0.0
2023-08-13,16749,54.0,54.0,15856.557377049177,0.0,12900.0,57426.73227917408,18200.0,10000.0,8200.0,0.0,0.0,41.0,1.0,0.0,0.0,0.0,0.0,0.0,0.0,0.0,0.0,0.0,0.0,0.0,0.0
2023-08-14,16712,48.0,48.0,15946.311475409835,0.0,12990.0,57147.73636537307,18000.0,10000.0,8000.0,0.0,0.0,40.0,1.0,0.0,0.0,0.0,0.0,0.0,0.0,0.0,0.0,0.0,0.0,0.0,0.0
2023-08-15,16670,50.0,50.0,16050.02732240437,0.0,13094.0,56781.63134682096,20800.0,10000.0,10800.0,0.0,0.0,54.0,1.0,0.0,0.0,0.0,0.0,0.0,0.0,0.0,0.0,0.0,0.0,0.0,0.0
2023-08-16,16616,64.0,64.0,16148.75683060109,0.0,13193.0,56222.92364530226,19800.0,10000.0,9800.0,0.0,0.0,49.0,1.0,0.0,0.0,0.0,0.0,0.0,0.0,0.0,0.0,0.0,0.0,0.0,0.0
2023-08-17,16581,56.0,56.0,16232.52732240437,0.0,13277.0,55909.93560819927,16800.0,9800.0,7000.0,0.0,0.0,35.0,1.0,0.0,0.0,0.0,0.0,0.0,0.0,0.0,0.0,0.0,0.0,0.0,0.0
2023-08-18,16553,49.0,49.0,16315.300546448087,0.0,13360.0,55463.92184339394,16600.0,10000.0,6600.0,0.0,0.0,33.0,1.0,0.0,0.0,0.0,0.0,0.0,0.0,0.0,0.0,0.0,0.0,0.0,0.0
2023-08-19,16519,46.0,46.0,16409.043715846994,0.0,13454.0,55116.56391867538,18800.0,10000.0,8800.0,0.0,0.0,44.0,1.0,0.0,0.0,0.0,0.0,0.0,0.0,0.0,0.0,0.0,0.0,0.0,0.0
2023-08-20,16471,45.0,45.0,16497.800546448085,0.0,13543.0,54415.87932147629,17800.0,10000.0,7800.0,0.0,0.0,39.0,1.0,0.0,0.0,0.0,0.0,0.0,0.0,0.0,0.0,0.0,0.0,0.0,0.0
2023-08-21,16427,35.0,35.0,16596.53005464481,0.0,13642.0,53987.62402572121,19800.0,10000.0,9800.0,0.0,0.0,49.0,1.0,0.0,0.0,0.0,0.0,0.0,0.0,0.0,0.0,0.0,0.0,0.0,0.0
2023-08-22,16363,56.0,56.0,16694.262295081968,0.0,13740.0,53308.81881497187,19600.0,9800.0,9800.0,0.0,0.0,49.0,1.0,0.0,0.0,0.0,0.0,0.0,0.0,0.0,0.0,0.0,0.0,0.0,0.0
2023-08-23,16321,47.0,47.0,16780.02732240437,0.0,13826.0,52638.63036075569,17200.0,9800.0,7400.0,0.0,0.0,37.0,1.0,0.0,0.0,0.0,0.0,0.0,0.0,0.0,0.0,0.0,0.0,0.0,0.0
2023-08-24,16282,42.0,42.0,16874.76775956284,0.0,13921.0,52125.375049948976,19000.0,10000.0,9000.0,0.0,0.0,45.0,1.0,0.0,0.0,0.0,0.0,0.0,0.0,0.0,0.0,0.0,0.0,0.0,0.0
2023-08-25,16229,43.0,43.0,16962.52732240437,0.0,14009.0,51462.788642134445,17600.0,10000.0,7600.0,0.0,0.0,38.0,1.0,0.0,0.0,0.0,0.0,0.0,0.0,0.0,0.0,0.0,0.0,0.0,0.0
2023-08-26,16184,42.0,42.0,17035.32786885246,0.0,14082.0,50885.24323087194,14600.0,9800.0,4800.0,0.0,0.0,24.0,1.0,0.0,0.0,0.0,0.0,0.0,0.0,0.0,0.0,0.0,0.0,0.0,0.0
2023-08-27,16153,41.0,41.0,17112.117486338797,0.0,14159.0,50336.00595547393,15400.0,9600.0,5800.0,0.0,0.0,29.0,1.0,0.0,0.0,0.0,0.0,0.0,0.0,0.0,0.0,0.0,0.0,0.0,0.0
2023-08-28,16117,55.0,55.0,17211.844262295082,0.0,14259.0,50176.78605828742,20000.0,10000.0,10000.0,0.0,0.0,50.0,1.0,0.0,0.0,0.0,0.0,0.0,0.0,0.0,0.0,0.0,0.0,0.0,0.0
2023-08-29,16072,55.0,55.0,17300.601092896177,0.0,14348.0,49667.688372711884,17800.0,9800.0,8000.0,0.0,0.0,40.0,1.0,0.0,0.0,0.0,0.0,0.0,0.0,0.0,0.0,0.0,0.0,0.0,0.0
2023-08-30,16038,48.0,48.0,17388.360655737706,0.0,14436.0,49318.44354041509,17600.0,10000.0,7600.0,0.0,0.0,38.0,1.0,0.0,0.0,0.0,0.0,0.0,0.0,0.0,0.0,0.0,0.0,0.0,0.0
2023-08-31,15998,48.0,48.0,17484.098360655735,0.0,14514.0,49016.0924601655,19200.0,7400.0,8200.0,0.0,0.0,41.0,1.0,3600.0,6.0,240.0,720.0,15.0,0.0,6.0,0.0,24.0,0.0,0.0,0.0
2023-09-01,15968,49.0,49.0,17573.852459016394,0.0,14586.0,48821.004647132315,18000.0,4800.0,9600.0,0.0,0.0,48.0,1.0,3600.0,6.0,240.0,720.0,16.0,0.0,6.0,0.0,23.0,0.0,0.0,0.0
2023-09-02,15945,48.0,48.0,17643.66120218579,0.0,14638.0,48773.99502675571,14000.0,3200.0,7200.0,0.0,0.0,36.0,1.0,3600.0,6.0,240.0,720.0,15.0,0.0,6.0,0.0,17.0,0.0,0.0,0.0
2023-09-03,15941,55.0,55.0,17699.50819672131,0.0,14676.0,48853.92438499759,11200.0,200.0,7400.0,0.0,0.0,37.0,1.0,3600.0,6.0,240.0,720.0,19.0,0.0,6.0,0.0,25.0,0.0,0.0,0.0
2023-09-04,15958,64.0,64.0,17758.34699453552,0.0,14717.0,49017.80919461749,11800.0,0.0,8200.0,0.0,0.0,41.0,1.0,3600.0,6.0,240.0,720.0,18.0,0.0,6.0,0.0,20.0,0.0,0.0,0.0
2023-09-05,15981,40.0,40.0,17812.199453551915,0.0,14753.0,49062.6345305427,10800.0,0.0,7200.0,0.0,0.0,36.0,1.0,3600.0,6.0,240.0,720.0,24.0,0.0,6.0,0.0,23.0,0.0,0.0,0.0
2023-09-06,15985,58.0,58.0,17871.03825136612,0.0,14794.0,49211.764603633615,11800.0,0.0,8200.0,0.0,0.0,41.0,1.0,3600.0,6.0,240.0,720.0,15.0,0.0,6.0,0.0,23.0,0.0,0.0,0.0
2023-09-07,16002,47.0,47.0,17924.89071038251,0.0,14830.0,49332.52702677819,10800.0,0.0,7200.0,0.0,0.0,36.0,1.0,3600.0,6.0,240.0,720.0,13.0,0.0,6.0,0.0,24.0,0.0,0.0,0.0
2023-09-08,16013,54.0,54.0,17987.718579234974,0.0,14875.0,49362.5785539334,12600.0,0.0,9000.0,0.0,0.0,45.0,1.0,3600.0,6.0,240.0,720.0,19.0,0.0,6.0,0.0,15.0,0.0,0.0,0.0
2023-09-09,16022,51.0,51.0,18050.546448087433,0.0,14920.0,49528.06110573739,12600.0,0.0,9000.0,0.0,0.0,45.0,1.0,3600.0,6.0,240.0,720.0,17.0,0.0,6.0,0.0,21.0,0.0,0.0,0.0
2023-09-10,16028,51.0,51.0,18107.39071038251,0.0,14959.0,49623.265103887934,11400.0,0.0,7800.0,0.0,0.0,39.0,1.0,3600.0,6.0,240.0,720.0,23.0,0.0,6.0,0.0,29.0,0.0,0.0,0.0
2023-09-11,16040,62.0,62.0,18156.25683060109,0.0,14990.0,50262.33461596156,9800.0,0.0,6200.0,0.0,0.0,31.0,1.0,3600.0,6.0,240.0,720.0,25.0,0.0,6.0,0.0,23.0,0.0,0.0,0.0
2023-09-12,16071,61.0,61.0,18219.084699453553,0.0,15035.0,50402.655194706065,12600.0,0.0,9000.0,0.0,0.0,45.0,1.0,3600.0,6.0,240.0,720.0,22.0,0.0,6.0,0.0,17.0,0.0,0.0,0.0
2023-09-13,16087,51.0,51.0,18280.915300546447,0.0,15079.0,50572.94313610746,12400.0,0.0,8800.0,0.0,0.0,44.0,1.0,3600.0,6.0,240.0,720.0,22.0,0.0,6.0,0.0,17.0,0.0,0.0,0.0
2023-09-14,16094,47.0,47.0,18332.773224043714,0.0,15113.0,50639.85156182149,10400.0,0.0,6800.0,0.0,0.0,34.0,1.0,3600.0,6.0,240.0,720.0,23.0,0.0,6.0,0.0,20.0,0.0,0.0,0.0
2023-09-15,16107,53.0,53.0,18377.650273224044,0.0,15140.0,50668.6979774062,9000.0,0.0,5400.0,0.0,0.0,27.0,1.0,3600.0,6.0,240.0,720.0,18.0,0.0,6.0,0.0,25.0,0.0,0.0,0.0
2023-09-16,16133,52.0,52.0,18448.456284153006,0.0,15193.0,50683.80423879989,14200.0,1000.0,9600.0,0.0,0.0,48.0,1.0,3600.0,6.0,240.0,720.0,22.0,0.0,6.0,0.0,17.0,0.0,0.0,0.0
2023-09-17,16132,40.0,40.0,18508.292349726777,0.0,15235.0,50686.98827584277,12000.0,400.0,8000.0,0.0,0.0,40.0,1.0,3600.0,6.0,240.0,720.0,16.0,0.0,6.0,0.0,22.0,0.0,0.0,0.0
2023-09-18,16130,38.0,38.0,18569.125683060112,0.0,15278.0,50692.35229383787,12200.0,200.0,8400.0,0.0,0.0,42.0,1.0,3600.0,6.0,240.0,720.0,22.0,0.0,6.0,0.0,19.0,0.0,0.0,0.0
2023-09-19,16125,60.0,60.0,18627.964480874318,0.0,15319.0,50783.73800560912,11800.0,600.0,7600.0,0.0,0.0,38.0,1.0,3600.0,6.0,240.0,720.0,15.0,0.0,6.0,0.0,16.0,0.0,0.0,0.0
2023-09-20,16144,47.0,47.0,18702.75956284153,0.0,15376.0,50753.86810862437,15000.0,600.0,10800.0,0.0,0.0,54.0,1.0,3600.0,6.0,240.0,720.0,18.0,0.0,6.0,0.0,23.0,0.0,0.0,0.0
2023-09-21,16134,45.0,45.0,18766.584699453553,0.0,15422.0,50829.361159426306,12800.0,200.0,9000.0,0.0,0.0,45.0,1.0,3600.0,6.0,240.0,720.0,21.0,0.0,6.0,0.0,25.0,0.0,0.0,0.0
2023-09-22,16133,46.0,46.0,18822.43169398907,0.0,15460.0,50789.63902175794,11200.0,800.0,6800.0,0.0,0.0,34.0,1.0,3600.0,6.0,240.0,720.0,24.0,0.0,6.0,0.0,23.0,0.0,0.0,0.0
2023-09-23,16141,49.0,49.0,18883.265027322403,0.0,15503.0,50784.100835127574,12200.0,800.0,7800.0,0.0,0.0,39.0,1.0,3600.0,6.0,240.0,720.0,23.0,0.0,6.0,0.0,23.0,0.0,0.0,0.0
2023-09-24,16147,51.0,51.0,18953.073770491803,0.0,15555.0,50769.358978578384,14000.0,800.0,9600.0,0.0,0.0,48.0,1.0,3600.0,6.0,240.0,720.0,20.0,0.0,6.0,0.0,21.0,0.0,0.0,0.0
2023-09-25,16146,37.0,37.0,19005.928961748632,0.0,15590.0,50930.86860130034,10600.0,1000.0,6000.0,0.0,0.0,30.0,1.0,3600.0,6.0,240.0,720.0,19.0,0.0,6.0,0.0,21.0,0.0,0.0,0.0
2023-09-26,16148,46.0,46.0,19072.745901639344,0.0,15639.0,51044.18473544688,13400.0,1000.0,8800.0,0.0,0.0,44.0,1.0,3600.0,6.0,240.0,720.0,16.0,0.0,6.0,0.0,22.0,0.0,0.0,0.0
2023-09-27,16145,40.0,40.0,19135.573770491803,0.0,15684.0,51094.25631467509,12600.0,600.0,8400.0,0.0,0.0,42.0,1.0,3600.0,6.0,240.0,720.0,20.0,0.0,6.0,0.0,18.0,0.0,0.0,0.0
2023-09-28,16140,41.0,41.0,19191.420765027324,0.0,15722.0,51086.69246515186,11200.0,600.0,7000.0,0.0,0.0,35.0,1.0,3600.0,6.0,240.0,720.0,19.0,0.0,6.0,0.0,30.0,0.0,0.0,0.0
2023-09-29,16143,61.0,61.0,19250.25956284153,0.0,15763.0,51075.68572309853,11800.0,200.0,8000.0,0.0,0.0,40.0,1.0,3600.0,6.0,240.0,720.0,20.0,0.0,6.0,0.0,21.0,0.0,0.0,0.0
2023-09-30,16163,54.0,54.0,19304.11202185792,0.0,15799.0,51155.98824554935,10800.0,600.0,6600.0,0.0,0.0,33.0,1.0,3600.0,6.0,240.0,720.0,21.0,0.0,6.0,0.0,20.0,0.0,0.0,0.0
2023-10-01,16181,47.0,47.0,19369.93169398907,0.0,15847.0,50953.09614775778,13200.0,1000.0,8600.0,0.0,0.0,43.0,1.0,3600.0,6.0,240.0,720.0,26.0,0.0,6.0,0.0,19.0,0.0,0.0,0.0
2023-10-02,16180,49.0,49.0,19427.773224043714,0.0,15887.0,51056.7327467083,11600.0,0.0,8000.0,0.0,0.0,40.0,1.0,3600.0,6.0,240.0,720.0,16.0,0.0,6.0,0.0,26.0,0.0,0.0,0.0
2023-10-03,16189,49.0,49.0,19501.571038251368,0.0,15943.0,51035.195125401624,14800.0,1000.0,10200.0,0.0,0.0,51.0,1.0,3600.0,6.0,240.0,720.0,16.0,0.0,6.0,0.0,19.0,0.0,0.0,0.0
2023-10-04,16182,43.0,43.0,19564.398907103823,0.0,15988.0,51118.4524989803,12600.0,1000.0,8000.0,0.0,0.0,40.0,1.0,3600.0,6.0,240.0,720.0,16.0,0.0,6.0,0.0,31.0,0.0,0.0,0.0
2023-10-05,16180,51.0,51.0,19633.210382513662,0.0,16039.0,51093.232776072095,13800.0,600.0,9600.0,0.0,0.0,48.0,1.0,3600.0,6.0,240.0,720.0,24.0,0.0,6.0,0.0,23.0,0.0,0.0,0.0
2023-10-06,16180,68.0,68.0,19705.013661202185,0.0,16093.0,51262.569068127144,14400.0,600.0,10200.0,0.0,0.0,51.0,1.0,3600.0,6.0,240.0,720.0,25.0,0.0,6.0,0.0,15.0,0.0,0.0,0.0
2023-10-07,16194,55.0,55.0,19771.830601092897,0.0,16142.0,51195.893033582215,13400.0,800.0,9000.0,0.0,0.0,45.0,1.0,3600.0,6.0,240.0,720.0,17.0,0.0,6.0,0.0,19.0,0.0,0.0,0.0
2023-10-08,16200,42.0,42.0,19819.699453551915,0.0,16172.0,51225.36970463142,9600.0,800.0,5200.0,0.0,0.0,26.0,1.0,3600.0,6.0,240.0,720.0,17.0,0.0,6.0,0.0,15.0,0.0,0.0,0.0
2023-10-09,16212,45.0,45.0,19884.5218579235,0.0,16219.0,51246.96461760087,13000.0,1200.0,8200.0,0.0,0.0,41.0,1.0,3600.0,6.0,240.0,720.0,17.0,0.0,6.0,0.0,22.0,0.0,0.0,0.0
2023-10-10,16210,46.0,46.0,19944.357923497268,0.0,16261.0,51368.87729215202,12000.0,200.0,8200.0,0.0,0.0,41.0,1.0,3600.0,6.0,240.0,720.0,24.0,0.0,6.0,0.0,25.0,0.0,0.0,0.0
2023-10-11,16214,48.0,48.0,20005.1912568306,0.0,16304.0,51364.163920998755,12200.0,200.0,8400.0,0.0,0.0,42.0,1.0,3600.0,6.0,240.0,720.0,27.0,0.0,6.0,0.0,20.0,0.0,0.0,0.0
2023-10-12,16219,52.0,52.0,20068.01912568306,0.0,16349.0,51404.92216879144,12600.0,200.0,8800.0,0.0,0.0,44.0,1.0,3600.0,6.0,240.0,720.0,21.0,0.0,6.0,0.0,17.0,0.0,0.0,0.0
2023-10-13,16226,48.0,48.0,20129.849726775956,0.0,16393.0,51446.815292560714,12400.0,200.0,8600.0,0.0,0.0,43.0,1.0,3600.0,6.0,240.0,720.0,16.0,0.0,6.0,0.0,26.0,0.0,0.0,0.0
2023-10-14,16230,55.0,55.0,20190.683060109288,0.0,16436.0,51488.780485911775,12200.0,1000.0,7600.0,0.0,0.0,38.0,1.0,3600.0,6.0,240.0,720.0,18.0,0.0,6.0,0.0,25.0,0.0,0.0,0.0
2023-10-15,16242,45.0,45.0,20253.51092896175,0.0,16481.0,51419.39951021717,12600.0,1000.0,8000.0,0.0,0.0,40.0,1.0,3600.0,6.0,240.0,720.0,21.0,0.0,6.0,0.0,21.0,0.0,0.0,0.0
2023-10-16,16242,38.0,38.0,20303.374316939888,0.0,16513.0,51355.12238687947,10000.0,0.0,6400.0,0.0,0.0,32.0,1.0,3600.0,6.0,240.0,720.0,21.0,0.0,6.0,0.0,15.0,0.0,0.0,0.0
2023-10-17,16248,60.0,60.0,20360.218579234974,0.0,16552.0,51534.078349589035,11400.0,400.0,7400.0,0.0,0.0,37.0,1.0,3600.0,6.0,240.0,720.0,22.0,0.0,6.0,0.0,21.0,0.0,0.0,0.0
2023-10-18,16269,46.0,46.0,20425.04098360656,0.0,16599.0,51572.73856196458,13000.0,1000.0,8400.0,0.0,0.0,42.0,1.0,3600.0,6.0,240.0,720.0,25.0,0.0,6.0,0.0,22.0,0.0,0.0,0.0
2023-10-19,16268,51.0,51.0,20483.879781420765,0.0,16640.0,51673.97459021134,11800.0,400.0,7800.0,0.0,0.0,39.0,1.0,3600.0,6.0,240.0,720.0,18.0,0.0,6.0,0.0,30.0,0.0,0.0,0.0
2023-10-20,16278,50.0,50.0,20541.72131147541,0.0,16680.0,51752.19299978502,11600.0,800.0,7200.0,0.0,0.0,36.0,1.0,3600.0,6.0,240.0,720.0,25.0,0.0,6.0,0.0,32.0,0.0,0.0,0.0
2023-10-21,16288,61.0,61.0,20605.546448087433,0.0,16726.0,51774.44577537677,12800.0,600.0,8600.0,0.0,0.0,43.0,1.0,3600.0,6.0,240.0,720.0,14.0,0.0,6.0,0.0,24.0,0.0,0.0,0.0
2023-10-22,16303,60.0,60.0,20660.39617486339,0.0,16763.0,51905.607451702235,11000.0,600.0,6800.0,0.0,0.0,34.0,1.0,3600.0,6.0,240.0,720.0,15.0,0.0,6.0,0.0,22.0,0.0,0.0,0.0
2023-10-23,16326,54.0,54.0,20711.25683060109,0.0,16796.0,52078.64686975302,10200.0,400.0,6200.0,0.0,0.0,31.0,1.0,3600.0,6.0,240.0,720.0,18.0,0.0,6.0,0.0,11.0,0.0,0.0,0.0
2023-10-24,16347,55.0,55.0,20768.101092896177,0.0,16835.0,52269.14019626804,11400.0,400.0,7400.0,0.0,0.0,37.0,1.0,3600.0,6.0,240.0,720.0,25.0,0.0,6.0,0.0,17.0,0.0,0.0,0.0
2023-10-25,16363,39.0,39.0,20838.90710382514,0.0,16888.0,52215.07704430417,14200.0,600.0,10000.0,0.0,0.0,50.0,1.0,3600.0,6.0,240.0,720.0,20.0,0.0,6.0,0.0,17.0,0.0,0.0,0.0
2023-10-26,16349,51.0,51.0,20899.74043715847,0.0,16931.0,52648.87801325517,12200.0,1200.0,7400.0,0.0,0.0,37.0,1.0,3600.0,6.0,240.0,720.0,23.0,0.0,6.0,0.0,20.0,0.0,0.0,0.0
2023-10-27,16357,50.0,50.0,20958.579234972676,0.0,16972.0,52722.95065008851,11800.0,800.0,7400.0,0.0,0.0,37.0,1.0,3600.0,6.0,240.0,720.0,27.0,0.0,6.0,0.0,32.0,0.0,0.0,0.0
2023-10-28,16366,57.0,57.0,21028.387978142076,0.0,17024.0,52815.662533836774,14000.0,600.0,9800.0,0.0,0.0,49.0,1.0,3600.0,6.0,240.0,720.0,12.0,0.0,6.0,0.0,21.0,0.0,0.0,0.0
2023-10-29,16371,54.0,54.0,21087.226775956286,0.0,17065.0,52954.245654990154,11800.0,600.0,7600.0,0.0,0.0,38.0,1.0,3600.0,6.0,240.0,720.0,16.0,0.0,6.0,0.0,24.0,0.0,0.0,0.0
2023-10-30,16384,56.0,56.0,21149.05737704918,0.0,17109.0,52965.60730637055,12400.0,1400.0,7400.0,0.0,0.0,37.0,1.0,3600.0,6.0,240.0,720.0,19.0,0.0,6.0,0.0,25.0,0.0,0.0,0.0
2023-10-31,16396,43.0,43.0,21208.893442622953,0.0,17151.0,52975.79006213627,12000.0,800.0,7600.0,0.0,0.0,38.0,1.0,3600.0,6.0,240.0,720.0,20.0,0.0,6.0,0.0,22.0,0.0,0.0,0.0
2023-11-01,16397,52.0,52.0,21269.726775956286,0.0,17194.0,52999.43899006719,12200.0,400.0,8200.0,0.0,0.0,41.0,1.0,3600.0,6.0,240.0,720.0,24.0,0.0,6.0,0.0,20.0,0.0,0.0,0.0
2023-11-02,16406,42.0,42.0,21347.51366120218,0.0,17254.0,52999.42035720306,15600.0,600.0,11400.0,0.0,0.0,57.0,1.0,3600.0,6.0,240.0,720.0,11.0,0.0,6.0,0.0,15.0,0.0,0.0,0.0
2023-11-03,16388,49.0,49.0,21414.330601092894,0.0,17303.0,53125.925124472684,13400.0,600.0,9200.0,0.0,0.0,46.0,1.0,3600.0,6.0,240.0,720.0,14.0,0.0,6.0,0.0,20.0,0.0,0.0,0.0
2023-11-04,16388,47.0,47.0,21480.150273224044,0.0,17351.0,53095.21183835993,13200.0,1000.0,8600.0,0.0,0.0,43.0,1.0,3600.0,6.0,240.0,720.0,18.0,0.0,6.0,0.0,23.0,0.0,0.0,0.0
2023-11-05,16387,42.0,42.0,21547.964480874314,0.0,17401.0,53052.129534773565,13600.0,1000.0,9000.0,0.0,0.0,45.0,1.0,3600.0,6.0,240.0,720.0,21.0,0.0,6.0,0.0,27.0,0.0,0.0,0.0
2023-11-06,16379,48.0,48.0,21627.745901639344,0.0,17463.0,53113.17839241486,16000.0,1000.0,11400.0,0.0,0.0,57.0,1.0,3600.0,6.0,240.0,720.0,18.0,0.0,6.0,0.0,25.0,0.0,0.0,0.0
2023-11-07,16365,66.0,66.0,21689.576502732245,0.0,17507.0,53112.55839723143,12400.0,800.0,8000.0,0.0,0.0,40.0,1.0,3600.0,6.0,240.0,720.0,16.0,0.0,6.0,0.0,21.0,0.0,0.0,0.0
2023-11-08,16387,59.0,59.0,21750.409836065573,0.0,17550.0,52694.28020321444,12200.0,400.0,8200.0,0.0,0.0,41.0,1.0,3600.0,6.0,240.0,720.0,27.0,0.0,6.0,0.0,20.0,0.0,0.0,0.0
2023-11-09,16403,53.0,53.0,21817.226775956286,0.0,17599.0,52825.357239504694,13400.0,0.0,9800.0,0.0,0.0,49.0,1.0,3600.0,6.0,240.0,720.0,19.0,0.0,6.0,0.0,24.0,0.0,0.0,0.0
2023-11-10,16407,54.0,54.0,21867.090163934427,0.0,17631.0,52946.34829125002,10000.0,0.0,6400.0,0.0,0.0,32.0,1.0,3600.0,6.0,240.0,720.0,23.0,0.0,6.0,0.0,16.0,0.0,0.0,0.0
2023-11-11,16429,49.0,49.0,21931.912568306012,0.0,17678.0,52985.71564925151,13000.0,400.0,9000.0,0.0,0.0,45.0,1.0,3600.0,6.0,240.0,720.0,12.0,0.0,6.0,0.0,22.0,0.0,0.0,0.0
2023-11-12,16431,58.0,58.0,22003.71584699453,0.0,17732.0,53020.29252347792,14400.0,1000.0,9800.0,0.0,0.0,49.0,1.0,3600.0,6.0,240.0,720.0,17.0,0.0,6.0,0.0,21.0,0.0,0.0,0.0
2023-11-13,16435,47.0,47.0,22059.562841530056,0.0,17770.0,53050.03842837805,11200.0,800.0,6800.0,0.0,0.0,34.0,1.0,3600.0,6.0,240.0,720.0,15.0,0.0,6.0,0.0,22.0,0.0,0.0,0.0
2023-11-14,16444,54.0,54.0,22118.401639344265,0.0,17811.0,53113.445331965275,11800.0,1000.0,7200.0,0.0,0.0,36.0,1.0,3600.0,6.0,240.0,720.0,27.0,0.0,6.0,0.0,25.0,0.0,0.0,0.0
2023-11-15,16457,46.0,46.0,22184.221311475412,0.0,17859.0,52986.177110649885,13200.0,1200.0,8400.0,0.0,0.0,42.0,1.0,3600.0,6.0,240.0,720.0,20.0,0.0,6.0,0.0,21.0,0.0,0.0,0.0
2023-11-16,16455,54.0,54.0,22249.043715846994,0.0,17906.0,52986.41323143882,13000.0,1000.0,8400.0,0.0,0.0,42.0,1.0,3600.0,6.0,240.0,720.0,27.0,0.0,6.0,0.0,21.0,0.0,0.0,0.0
2023-11-17,16462,50.0,50.0,22318.852459016394,0.0,17958.0,53135.951213209686,14000.0,1000.0,9400.0,0.0,0.0,47.0,1.0,3600.0,6.0,240.0,720.0,15.0,0.0,6.0,0.0,19.0,0.0,0.0,0.0
2023-11-18,16460,41.0,41.0,22385.669398907106,0.0,18007.0,53176.768806721724,13400.0,600.0,9200.0,0.0,0.0,46.0,1.0,3600.0,6.0,240.0,720.0,17.0,0.0,6.0,0.0,26.0,0.0,0.0,0.0
2023-11-19,16452,49.0,49.0,22462.45901639344,0.0,18066.0,53092.99242084303,15400.0,1000.0,10800.0,0.0,0.0,54.0,1.0,3600.0,6.0,240.0,720.0,16.0,0.0,6.0,0.0,15.0,0.0,0.0,0.0
2023-11-20,16442,67.0,67.0,22531.27049180328,0.0,18117.0,53204.57050788995,13800.0,1200.0,9000.0,0.0,0.0,45.0,1.0,3600.0,6.0,240.0,720.0,11.0,0.0,6.0,0.0,16.0,0.0,0.0,0.0
2023-11-21,16458,66.0,66.0,22596.09289617486,0.0,18164.0,53289.625194570486,13000.0,1000.0,8400.0,0.0,0.0,42.0,1.0,3600.0,6.0,240.0,720.0,27.0,0.0,6.0,0.0,23.0,0.0,0.0,0.0
2023-11-22,16477,51.0,51.0,22644.95901639344,0.0,18207.0,53332.322553939426,9800.0,1000.0,7600.0,0.0,0.0,38.0,1.0,1200.0,2.0,90.0,240.0,8.0,0.0,2.0,0.0,7.0,0.0,0.0,0.0
2023-11-23,16485,48.0,48.0,22677.868852459014,0.0,18240.0,53545.36654181387,6600.0,800.0,5800.0,0.0,0.0,29.0,1.0,0.0,0.0,0.0,0.0,0.0,0.0,0.0,0.0,0.0,0.0,0.0,0.0
2023-11-24,16500,57.0,57.0,22729.726775956286,0.0,18292.0,53540.38557157146,10400.0,1600.0,8800.0,0.0,0.0,44.0,1.0,0.0,0.0,0.0,0.0,0.0,0.0,0.0,0.0,0.0,0.0,0.0,0.0
2023-11-25,16505,45.0,45.0,22795.546448087433,0.0,18358.0,53426.05478588413,13200.0,2000.0,11200.0,0.0,0.0,56.0,1.0,0.0,0.0,0.0,0.0,0.0,0.0,0.0,0.0,0.0,0.0,0.0,0.0
2023-11-26,16484,44.0,44.0,22850.396174863385,0.0,18413.0,53341.0488549184,11000.0,2000.0,9000.0,0.0,0.0,45.0,1.0,0.0,0.0,0.0,0.0,0.0,0.0,0.0,0.0,0.0,0.0,0.0,0.0
2023-11-27,16473,41.0,41.0,22900.259562841533,0.0,18463.0,53085.50184570287,10000.0,1800.0,8200.0,0.0,0.0,41.0,1.0,0.0,0.0,0.0,0.0,0.0,0.0,0.0,0.0,0.0,0.0,0.0,0.0
2023-11-28,16464,53.0,53.0,22957.103825136615,0.0,18520.0,52920.67341407838,11400.0,2400.0,9000.0,0.0,0.0,45.0,1.0,0.0,0.0,0.0,0.0,0.0,0.0,0.0,0.0,0.0,0.0,0.0,0.0
2023-11-29,16460,56.0,56.0,23022.923497267755,0.0,18586.0,52847.71141789849,13200.0,3400.0,9800.0,0.0,0.0,49.0,1.0,0.0,0.0,0.0,0.0,0.0,0.0,0.0,0.0,0.0,0.0,0.0,0.0
2023-11-30,16450,36.0,36.0,23077.773224043714,0.0,18641.0,52613.393612692045,11000.0,3800.0,7200.0,0.0,0.0,36.0,1.0,0.0,0.0,0.0,0.0,0.0,0.0,0.0,0.0,0.0,0.0,0.0,0.0
2023-12-01,16431,56.0,56.0,23140.601092896177,0.0,18704.0,52721.02830086064,12600.0,4200.0,8400.0,0.0,0.0,42.0,1.0,0.0,0.0,0.0,0.0,0.0,0.0,0.0,0.0,0.0,0.0,0.0,0.0
2023-12-02,16424,42.0,42.0,23204.426229508197,0.0,18768.0,52254.94355985816,12800.0,4800.0,8000.0,0.0,0.0,40.0,1.0,0.0,0.0,0.0,0.0,0.0,0.0,0.0,0.0,0.0,0.0,0.0,0.0
2023-12-03,16402,53.0,53.0,23272.240437158467,0.0,18836.0,51961.359455199214,13600.0,5200.0,8400.0,0.0,0.0,42.0,1.0,0.0,0.0,0.0,0.0,0.0,0.0,0.0,0.0,0.0,0.0,0.0,0.0
2023-12-04,16387,40.0,40.0,23336.06557377049,0.0,18900.0,51698.7297980511,12800.0,5600.0,7200.0,0.0,0.0,36.0,1.0,0.0,0.0,0.0,0.0,0.0,0.0,0.0,0.0,0.0,0.0,0.0,0.0
2023-12-05,16363,56.0,56.0,23413.852459016394,0.0,18978.0,51416.917063161796,15600.0,6200.0,9400.0,0.0,0.0,47.0,1.0,0.0,0.0,0.0,0.0,0.0,0.0,0.0,0.0,0.0,0.0,0.0,0.0
2023-12-06,16341,63.0,63.0,23493.63387978142,0.0,19058.0,51160.77439550818,16000.0,7000.0,9000.0,0.0,0.0,45.0,1.0,0.0,0.0,0.0,0.0,0.0,0.0,0.0,0.0,0.0,0.0,0.0,0.0
2023-12-07,16324,53.0,53.0,23576.40710382514,0.0,19141.0,50743.02474145989,16600.0,8400.0,8200.0,0.0,0.0,41.0,1.0,0.0,0.0,0.0,0.0,0.0,0.0,0.0,0.0,0.0,0.0,0.0,0.0
2023-12-08,16294,35.0,35.0,23658.183060109288,0.0,19223.0,50284.60668884376,16400.0,9800.0,6600.0,0.0,0.0,33.0,1.0,0.0,0.0,0.0,0.0,0.0,0.0,0.0,0.0,0.0,0.0,0.0,0.0
2023-12-09,16247,54.0,54.0,23758.90710382514,0.0,19324.0,50004.86375895533,20200.0,10000.0,10200.0,0.0,0.0,51.0,1.0,0.0,0.0,0.0,0.0,0.0,0.0,0.0,0.0,0.0,0.0,0.0,0.0
2023-12-10,16200,54.0,54.0,23848.66120218579,0.0,19414.0,49728.79152561959,18000.0,10000.0,8000.0,0.0,0.0,40.0,1.0,0.0,0.0,0.0,0.0,0.0,0.0,0.0,0.0,0.0,0.0,0.0,0.0
2023-12-11,16164,48.0,48.0,23928.44262295082,0.0,19494.0,49314.84638829331,16000.0,10000.0,6000.0,0.0,0.0,30.0,1.0,0.0,0.0,0.0,0.0,0.0,0.0,0.0,0.0,0.0,0.0,0.0,0.0
2023-12-12,16132,60.0,60.0,24017.199453551915,0.0,19583.0,48566.76642797368,17800.0,10000.0,7800.0,0.0,0.0,39.0,1.0,0.0,0.0,0.0,0.0,0.0,0.0,0.0,0.0,0.0,0.0,0.0,0.0
2023-12-13,16103,57.0,57.0,24108.94808743169,0.0,19675.0,48153.89038892487,18400.0,10000.0,8400.0,0.0,0.0,42.0,1.0,0.0,0.0,0.0,0.0,0.0,0.0,0.0,0.0,0.0,0.0,0.0,0.0
2023-12-14,16068,48.0,48.0,24197.70491803279,0.0,19764.0,47770.73285211285,17800.0,10000.0,7800.0,0.0,0.0,39.0,1.0,0.0,0.0,0.0,0.0,0.0,0.0,0.0,0.0,0.0,0.0,0.0,0.0
2023-12-15,16027,54.0,54.0,24283.46994535519,0.0,19850.0,47345.075940856455,17200.0,10000.0,7200.0,0.0,0.0,36.0,1.0,0.0,0.0,0.0,0.0,0.0,0.0,0.0,0.0,0.0,0.0,0.0,0.0
2023-12-16,15995,44.0,44.0,24361.25683060109,0.0,19928.0,46770.67540118518,15600.0,10000.0,5600.0,0.0,0.0,28.0,1.0,0.0,0.0,0.0,0.0,0.0,0.0,0.0,0.0,0.0,0.0,0.0,0.0
2023-12-17,15961,48.0,48.0,24456.994535519127,0.0,20024.0,46207.50255873421,19200.0,10000.0,9200.0,0.0,0.0,46.0,1.0,0.0,0.0,0.0,0.0,0.0,0.0,0.0,0.0,0.0,0.0,0.0,0.0
2023-12-18,15913,51.0,51.0,24540.765027322403,0.0,20108.0,45943.701142651946,16800.0,10000.0,6800.0,0.0,0.0,34.0,1.0,0.0,0.0,0.0,0.0,0.0,0.0,0.0,0.0,0.0,0.0,0.0,0.0
2023-12-19,15880,50.0,50.0,24634.50819672131,0.0,20202.0,45511.36008091426,18800.0,9800.0,9000.0,0.0,0.0,45.0,1.0,0.0,0.0,0.0,0.0,0.0,0.0,0.0,0.0,0.0,0.0,0.0,0.0
2023-12-20,15836,41.0,41.0,24717.281420765026,0.0,20285.0,45086.191294432356,16600.0,10000.0,6600.0,0.0,0.0,33.0,1.0,0.0,0.0,0.0,0.0,0.0,0.0,0.0,0.0,0.0,0.0,0.0,0.0
2023-12-21,15794,38.0,38.0,24818.005464480873,0.0,20386.0,44655.08620884904,20200.0,9800.0,10400.0,0.0,0.0,52.0,1.0,0.0,0.0,0.0,0.0,0.0,0.0,0.0,0.0,0.0,0.0,0.0,0.0
2023-12-22,15731,49.0,49.0,24913.74316939891,0.0,20482.0,44215.5825483295,19200.0,10000.0,9200.0,0.0,0.0,46.0,1.0,0.0,0.0,0.0,0.0,0.0,0.0,0.0,0.0,0.0,0.0,0.0,0.0
2023-12-23,15684,40.0,40.0,25000.505464480873,0.0,20569.0,43756.82910269954,17400.0,10000.0,7400.0,0.0,0.0,37.0,1.0,0.0,0.0,0.0,0.0,0.0,0.0,0.0,0.0,0.0,0.0,0.0,0.0
2023-12-24,15637,47.0,47.0,25089.262295081968,0.0,20658.0,43449.42609655488,17800.0,9800.0,8000.0,0.0,0.0,40.0,1.0,0.0,0.0,0.0,0.0,0.0,0.0,0.0,0.0,0.0,0.0,0.0,0.0
2023-12-25,15595,50.0,50.0,25180.01366120218,0.0,20749.0,43132.09957987461,18200.0,10000.0,8200.0,0.0,0.0,41.0,1.0,0.0,0.0,0.0,0.0,0.0,0.0,0.0,0.0,0.0,0.0,0.0,0.0
2023-12-26,15554,52.0,52.0,25273.75683060109,0.0,20843.0,42412.6375373458,18800.0,10000.0,8800.0,0.0,0.0,44.0,1.0,0.0,0.0,0.0,0.0,0.0,0.0,0.0,0.0,0.0,0.0,0.0,0.0
2023-12-27,15512,62.0,62.0,25371.48907103825,0.0,20941.0,42104.99673611946,19600.0,10000.0,9600.0,0.0,0.0,48.0,1.0,0.0,0.0,0.0,0.0,0.0,0.0,0.0,0.0,0.0,0.0,0.0,0.0
2023-12-28,15476,58.0,58.0,25458.251366120217,0.0,21028.0,41696.430985540544,17400.0,10000.0,7400.0,0.0,0.0,37.0,1.0,0.0,0.0,0.0,0.0,0.0,0.0,0.0,0.0,0.0,0.0,0.0,0.0
2023-12-29,15447,51.0,51.0,25546.01092896175,0.0,21116.0,41215.34111909269,17600.0,10000.0,7600.0,0.0,0.0,38.0,1.0,0.0,0.0,0.0,0.0,0.0,0.0,0.0,0.0,0.0,0.0,0.0,0.0
2023-12-30,15410,46.0,46.0,25649.726775956286,0.0,21220.0,40695.18217016513,20800.0,10000.0,10800.0,0.0,0.0,54.0,1.0,0.0,0.0,0.0,0.0,0.0,0.0,0.0,0.0,0.0,0.0,0.0,0.0
2023-12-31,15352,55.0,55.0,25747.45901639344,0.0,21318.0,40321.46167655628,19600.0,10000.0,9600.0,0.0,0.0,48.0,1.0,0.0,0.0,0.0,0.0,0.0,0.0,0.0,0.0,0.0,0.0,0.0,0.0
