datetime,active_leaks,new_leaks,n_tags,rolling_cost_estimate,rolling_cost_estimate_b,cum_repaired_leaks,daily_emissions_kg,total_daily_cost,repair_cost,nat_repair_cost,verification_cost,natural_redund_tags,natural_n_tags
2023-01-01,18174,42.0,42.0,54.849726775956285,0.0,55.0,79141.44454031112,11000.0,0.0,11000.0,0.0,0.0,55.0
2023-01-02,18161,48.0,48.0,106.70765027322405,0.0,107.0,79386.78154193678,10400.0,0.0,10400.0,0.0,0.0,52.0
2023-01-03,18157,46.0,46.0,154.57650273224044,0.0,155.0,79346.24571080261,9600.0,0.0,9600.0,0.0,0.0,48.0
2023-01-04,18155,49.0,49.0,215.40983606557376,0.0,216.0,79254.14412451473,12200.0,0.0,12200.0,0.0,0.0,61.0
2023-01-05,18143,51.0,51.0,267.2677595628415,0.0,268.0,79152.37184654865,10400.0,0.0,10400.0,0.0,0.0,52.0
2023-01-06,18142,42.0,42.0,314.1393442622951,0.0,315.0,79030.09367983021,9400.0,0.0,9400.0,0.0,0.0,47.0
2023-01-07,18137,47.0,47.0,373.9754098360656,0.0,375.0,79010.73230887252,12000.0,0.0,12000.0,0.0,0.0,60.0
2023-01-08,18124,51.0,51.0,426.8306010928962,0.0,428.0,78909.31966703146,10600.0,0.0,10600.0,0.0,0.0,53.0
2023-01-09,18122,48.0,48.0,468.7158469945355,0.0,470.0,78818.41027576008,8400.0,0.0,8400.0,0.0,0.0,42.0
2023-01-10,18128,55.0,55.0,533.5382513661202,0.0,535.0,78849.74966080896,13000.0,0.0,13000.0,0.0,0.0,65.0
2023-01-11,18118,51.0,51.0,582.4043715846994,0.0,584.0,78844.33022768231,9800.0,0.0,9800.0,0.0,0.0,49.0
2023-01-12,18120,49.0,49.0,625.2868852459017,0.0,627.0,78712.54525623978,8600.0,0.0,8600.0,0.0,0.0,43.0
2023-01-13,18126,51.0,51.0,678.1420765027323,0.0,680.0,78657.26776366912,10600.0,0.0,10600.0,0.0,0.0,53.0
2023-01-14,18124,57.0,57.0,725.0136612021857,0.0,727.0,78992.05157430662,9400.0,0.0,9400.0,0.0,0.0,47.0
2023-01-15,18134,45.0,45.0,781.8579234972677,0.0,784.0,78902.92676023357,11400.0,0.0,11400.0,0.0,0.0,57.0
2023-01-16,18122,48.0,48.0,828.7295081967213,0.0,831.0,78766.5242180356,9400.0,0.0,9400.0,0.0,0.0,47.0
2023-01-17,18123,45.0,45.0,871.6120218579235,0.0,874.0,78778.1862008312,8600.0,0.0,8600.0,0.0,0.0,43.0
2023-01-18,18125,47.0,47.0,931.448087431694,0.0,934.0,78740.59369917682,12000.0,0.0,12000.0,0.0,0.0,60.0
2023-01-19,18112,46.0,46.0,984.3032786885246,0.0,987.0,78639.40268263184,10600.0,0.0,10600.0,0.0,0.0,53.0
2023-01-20,18105,63.0,63.0,1030.1775956284152,0.0,1033.0,78865.04587303156,9200.0,0.0,9200.0,0.0,0.0,46.0
2023-01-21,18122,56.0,56.0,1074.0573770491803,0.0,1077.0,78760.73137297512,8800.0,0.0,8800.0,0.0,0.0,44.0
2023-01-22,18134,52.0,52.0,1115.9426229508197,0.0,1119.0,78751.71488736331,8400.0,0.0,8400.0,0.0,0.0,42.0
2023-01-23,18144,53.0,53.0,1178.7704918032787,0.0,1182.0,78670.42762833409,12600.0,0.0,12600.0,0.0,0.0,63.0
2023-01-24,18134,57.0,57.0,1223.6475409836066,0.0,1227.0,78735.48570687685,9000.0,0.0,9000.0,0.0,0.0,45.0
2023-01-25,18146,42.0,42.0,1274.5081967213116,0.0,1278.0,78569.84558666259,10200.0,0.0,10200.0,0.0,0.0,51.0
2023-01-26,18137,59.0,59.0,1340.327868852459,0.0,1344.0,78579.56856616108,13200.0,0.0,13200.0,0.0,0.0,66.0
2023-01-27,18130,43.0,43.0,1384.207650273224,0.0,1388.0,78588.87579923763,8800.0,0.0,8800.0,0.0,0.0,44.0
2023-01-28,18129,49.0,49.0,1438.0601092896177,0.0,1442.0,78535.27379270847,10800.0,0.0,10800.0,0.0,0.0,54.0
2023-01-29,18124,66.0,66.0,1489.918032786885,0.0,1494.0,78547.97235076338,10400.0,0.0,10400.0,0.0,0.0,52.0
2023-01-30,18138,56.0,56.0,1535.792349726776,0.0,1540.0,78555.27694906136,9200.0,0.0,9200.0,0.0,0.0,46.0
2023-01-31,18148,47.0,47.0,1590.6420765027322,0.0,1595.0,78537.38042468713,11000.0,0.0,11000.0,0.0,0.0,55.0
2023-02-01,18140,59.0,59.0,1646.4890710382513,0.0,1651.0,78547.29359437882,11200.0,0.0,11200.0,0.0,0.0,56.0
2023-02-02,18143,52.0,52.0,1704.330601092896,0.0,1709.0,78685.21437328347,11600.0,0.0,11600.0,0.0,0.0,58.0
2023-02-03,18137,56.0,56.0,1753.1967213114754,0.0,1758.0,78602.08915620678,9800.0,0.0,9800.0,0.0,0.0,49.0
2023-02-04,18144,73.0,73.0,1795.081967213115,0.0,1800.0,78698.46716706525,8400.0,0.0,8400.0,0.0,0.0,42.0
2023-02-05,18175,55.0,55.0,1844.945355191257,0.0,1850.0,78796.02725766675,10000.0,0.0,10000.0,0.0,0.0,50.0
2023-02-06,18180,49.0,49.0,1896.8032786885246,0.0,1902.0,78771.78725683465,10400.0,0.0,10400.0,0.0,0.0,52.0
2023-02-07,18177,58.0,58.0,1945.6693989071036,0.0,1951.0,78805.57139263579,9800.0,0.0,9800.0,0.0,0.0,49.0
2023-02-08,18186,52.0,52.0,1984.5628415300546,0.0,1990.0,78795.97288806496,7800.0,0.0,7800.0,0.0,0.0,39.0
2023-02-09,18199,52.0,52.0,2021.4617486338798,0.0,2027.0,78831.02532687217,7400.0,0.0,7400.0,0.0,0.0,37.0
2023-02-10,18214,48.0,48.0,2071.325136612022,0.0,2077.0,78961.53586570961,10000.0,0.0,10000.0,0.0,0.0,50.0
2023-02-11,18212,53.0,53.0,2111.2158469945357,0.0,2117.0,78975.30385891188,8000.0,0.0,8000.0,0.0,0.0,40.0
2023-02-12,18225,56.0,56.0,2165.068306010929,0.0,2171.0,78934.70319417036,10800.0,0.0,10800.0,0.0,0.0,54.0
2023-02-13,18227,51.0,51.0,2210.94262295082,0.0,2217.0,78921.20495757398,9200.0,0.0,9200.0,0.0,0.0,46.0
2023-02-14,18232,48.0,48.0,2249.8360655737706,0.0,2256.0,79016.15539550564,7800.0,0.0,7800.0,0.0,0.0,39.0
2023-02-15,18241,63.0,63.0,2302.691256830601,0.0,2309.0,78928.85947406031,10600.0,0.0,10600.0,0.0,0.0,53.0
2023-02-16,18251,43.0,43.0,2349.5628415300544,0.0,2356.0,78937.2811584458,9400.0,0.0,9400.0,0.0,0.0,47.0
2023-02-17,18247,51.0,51.0,2400.42349726776,0.0,2407.0,78863.3853177147,10200.0,0.0,10200.0,0.0,0.0,51.0
2023-02-18,18247,68.0,68.0,2445.300546448087,0.0,2452.0,78977.4346449197,9000.0,0.0,9000.0,0.0,0.0,45.0
2023-02-19,18270,41.0,41.0,2490.1775956284155,0.0,2497.0,78977.48440182519,9000.0,0.0,9000.0,0.0,0.0,45.0
2023-02-20,18266,53.0,53.0,2539.0437158469945,0.0,2546.0,78904.70898299194,9800.0,0.0,9800.0,0.0,0.0,49.0
2023-02-21,18270,54.0,54.0,2600.8743169398904,0.0,2608.0,78868.24120546813,12400.0,0.0,12400.0,0.0,0.0,62.0
2023-02-22,18262,46.0,46.0,2646.748633879781,0.0,2654.0,78868.34956094931,9200.0,0.0,9200.0,0.0,0.0,46.0
2023-02-23,18262,50.0,50.0,2704.5901639344265,0.0,2712.0,78824.941403658,11600.0,0.0,11600.0,0.0,0.0,58.0
2023-02-24,18254,56.0,56.0,2746.475409836066,0.0,2754.0,79035.3818191065,8400.0,0.0,8400.0,0.0,0.0,42.0
2023-02-25,18268,66.0,66.0,2783.374316939891,0.0,2791.0,79071.40502586013,7400.0,0.0,7400.0,0.0,0.0,37.0
2023-02-26,18297,50.0,50.0,2841.2158469945357,0.0,2849.0,79281.51408933465,11600.0,0.0,11600.0,0.0,0.0,58.0
2023-02-27,18289,47.0,47.0,2885.0956284153003,0.0,2893.0,79386.96776855996,8800.0,0.0,8800.0,0.0,0.0,44.0
2023-02-28,18292,37.0,37.0,2934.959016393442,0.0,2943.0,79255.32162463962,10000.0,0.0,10000.0,0.0,0.0,50.0
2023-03-01,18279,48.0,48.0,2984.8224043715845,0.0,2993.0,79066.45805406148,10000.0,0.0,10000.0,0.0,0.0,50.0
2023-03-02,18277,56.0,56.0,3031.6939890710387,0.0,3040.0,79079.5920249964,9400.0,0.0,9400.0,0.0,0.0,47.0
2023-03-03,18286,43.0,43.0,3081.55737704918,0.0,3090.0,79085.92338074518,10000.0,0.0,10000.0,0.0,0.0,50.0
2023-03-04,18279,50.0,50.0,3126.434426229508,0.0,3135.0,79089.50708968205,9000.0,0.0,9000.0,0.0,0.0,45.0
2023-03-05,18284,43.0,43.0,3190.2595628415306,0.0,3199.0,78993.56202925701,12800.0,0.0,12800.0,0.0,0.0,64.0
2023-03-06,18263,50.0,50.0,3247.1038251366117,0.0,3256.0,78797.25840188851,11400.0,0.0,11400.0,0.0,0.0,57.0
2023-03-07,18256,49.0,49.0,3290.983606557377,0.0,3300.0,78520.83793292797,8800.0,0.0,8800.0,0.0,0.0,44.0
2023-03-08,18261,51.0,51.0,3341.844262295082,0.0,3351.0,78523.0962398533,10200.0,0.0,10200.0,0.0,0.0,51.0
2023-03-09,18261,45.0,45.0,3383.7295081967213,0.0,3393.0,78439.00165879968,8400.0,0.0,8400.0,0.0,0.0,42.0
2023-03-10,18264,49.0,49.0,3442.568306010929,0.0,3452.0,78503.44929388975,11800.0,0.0,11800.0,0.0,0.0,59.0
2023-03-11,18254,59.0,59.0,3504.398907103825,0.0,3514.0,78463.44948292727,12400.0,0.0,12400.0,0.0,0.0,62.0
2023-03-12,18251,73.0,73.0,3552.2677595628415,0.0,3562.0,78644.88672247405,9600.0,0.0,9600.0,0.0,0.0,48.0
2023-03-13,18276,50.0,50.0,3598.1420765027324,0.0,3608.0,78762.02920744853,9200.0,0.0,9200.0,0.0,0.0,46.0
2023-03-14,18280,60.0,60.0,3650.997267759563,0.0,3661.0,78706.79623127668,10600.0,0.0,10600.0,0.0,0.0,53.0
2023-03-15,18287,59.0,59.0,3710.833333333333,0.0,3721.0,78500.60931691091,12000.0,0.0,12000.0,0.0,0.0,60.0
2023-03-16,18286,55.0,55.0,3753.715846994536,0.0,3764.0,78536.89167339412,8600.0,0.0,8600.0,0.0,0.0,43.0
2023-03-17,18298,52.0,52.0,3799.5901639344265,0.0,3810.0,78593.84641922235,9200.0,0.0,9200.0,0.0,0.0,46.0
2023-03-18,18304,43.0,43.0,3860.4234972677596,0.0,3871.0,78514.38132815958,12200.0,0.0,12200.0,0.0,0.0,61.0
2023-03-19,18286,45.0,45.0,3906.29781420765,0.0,3917.0,78593.12868651559,9200.0,0.0,9200.0,0.0,0.0,46.0
2023-03-20,18285,54.0,54.0,3941.20218579235,0.0,3952.0,78560.77877744558,7000.0,0.0,7000.0,0.0,0.0,35.0
2023-03-21,18304,58.0,58.0,3985.0819672131147,0.0,3996.0,78552.27758683857,8800.0,0.0,8800.0,0.0,0.0,44.0
2023-03-22,18318,49.0,49.0,4039.931693989071,0.0,4051.0,78438.00497795596,11000.0,0.0,11000.0,0.0,0.0,55.0
2023-03-23,18312,42.0,42.0,4086.8032786885246,0.0,4098.0,78695.05366432141,9400.0,0.0,9400.0,0.0,0.0,47.0
2023-03-24,18307,43.0,43.0,4129.685792349727,0.0,4141.0,78631.53751343786,8600.0,0.0,8600.0,0.0,0.0,43.0
2023-03-25,18307,44.0,44.0,4163.592896174863,0.0,4175.0,78668.67892120685,6800.0,0.0,6800.0,0.0,0.0,34.0
2023-03-26,18317,59.0,59.0,4203.483606557377,0.0,4215.0,78712.00597504993,8000.0,0.0,8000.0,0.0,0.0,40.0
2023-03-27,18336,55.0,55.0,4247.363387978142,0.0,4259.0,78705.65294110692,8800.0,0.0,8800.0,0.0,0.0,44.0
2023-03-28,18347,57.0,57.0,4303.210382513661,0.0,4315.0,78630.72574003987,11200.0,0.0,11200.0,0.0,0.0,56.0
2023-03-29,18348,44.0,44.0,4353.073770491803,0.0,4365.0,78508.47894417171,10000.0,0.0,10000.0,0.0,0.0,50.0
2023-03-30,18342,43.0,43.0,4411.912568306011,0.0,4424.0,78491.17296906373,11800.0,0.0,11800.0,0.0,0.0,59.0
2023-03-31,18326,51.0,51.0,4457.786885245901,0.0,4470.0,78432.56402423356,9200.0,0.0,9200.0,0.0,0.0,46.0
2023-04-01,18331,61.0,61.0,4514.631147540984,0.0,4527.0,78462.32764080279,11400.0,0.0,11400.0,0.0,0.0,57.0
2023-04-02,18335,54.0,54.0,4560.505464480875,0.0,4573.0,78481.16804624854,9200.0,0.0,9200.0,0.0,0.0,46.0
2023-04-03,18343,48.0,48.0,4599.398907103826,0.0,4612.0,78490.95701778897,7800.0,0.0,7800.0,0.0,0.0,39.0
2023-04-04,18352,46.0,46.0,4642.281420765028,0.0,4655.0,78470.98184660306,8600.0,0.0,8600.0,0.0,0.0,43.0
2023-04-05,18355,46.0,46.0,4695.136612021858,0.0,4708.0,78233.81822738243,10600.0,0.0,10600.0,0.0,0.0,53.0
2023-04-06,18348,60.0,60.0,4734.030054644809,0.0,4747.0,78311.78725005874,7800.0,0.0,7800.0,0.0,0.0,39.0
2023-04-07,18369,42.0,42.0,4793.866120218579,0.0,4807.0,78277.3060495316,12000.0,0.0,12000.0,0.0,0.0,60.0
2023-04-08,18351,53.0,53.0,4857.691256830601,0.0,4871.0,78293.26570754181,12800.0,0.0,12800.0,0.0,0.0,64.0
2023-04-09,18340,58.0,58.0,4919.521857923497,0.0,4933.0,78402.71819279305,12400.0,0.0,12400.0,0.0,0.0,62.0
2023-04-10,18336,44.0,44.0,4975.368852459016,0.0,4989.0,78336.16667230871,11200.0,0.0,11200.0,0.0,0.0,56.0
2023-04-11,18324,53.0,53.0,5020.245901639344,0.0,5034.0,78248.65651093322,9000.0,0.0,9000.0,0.0,0.0,45.0
2023-04-12,18332,57.0,57.0,5058.142076502732,0.0,5072.0,78277.75044808879,7600.0,0.0,7600.0,0.0,0.0,38.0
2023-04-13,18351,49.0,49.0,5110.997267759562,0.0,5125.0,78171.17449537551,10600.0,0.0,10600.0,0.0,0.0,53.0
2023-04-14,18347,51.0,51.0,5156.871584699454,0.0,5171.0,78314.87719711153,9200.0,0.0,9200.0,0.0,0.0,46.0
2023-04-15,18352,55.0,55.0,5220.696721311475,0.0,5235.0,78122.72057697135,12800.0,0.0,12800.0,0.0,0.0,64.0
2023-04-16,18343,50.0,50.0,5264.5765027322395,0.0,5279.0,78125.24497999337,8800.0,0.0,8800.0,0.0,0.0,44.0
2023-04-17,18349,48.0,48.0,5308.456284153005,0.0,5323.0,78393.45571078526,8800.0,0.0,8800.0,0.0,0.0,44.0
2023-04-18,18353,40.0,40.0,5344.357923497268,0.0,5359.0,78394.38285272906,7200.0,0.0,7200.0,0.0,0.0,36.0
2023-04-19,18357,51.0,51.0,5383.251366120218,0.0,5398.0,78267.92376946627,7800.0,0.0,7800.0,0.0,0.0,39.0
2023-04-20,18369,54.0,54.0,5427.131147540984,0.0,5442.0,78194.14352083154,8800.0,0.0,8800.0,0.0,0.0,44.0
2023-04-21,18379,53.0,53.0,5467.021857923497,0.0,5482.0,78156.98057114164,8000.0,0.0,8000.0,0.0,0.0,40.0
2023-04-22,18392,54.0,54.0,5513.893442622951,0.0,5529.0,78208.16565818313,9400.0,0.0,9400.0,0.0,0.0,47.0
2023-04-23,18399,48.0,48.0,5566.748633879782,0.0,5582.0,78361.97403441703,10600.0,0.0,10600.0,0.0,0.0,53.0
2023-04-24,18394,57.0,57.0,5612.622950819673,0.0,5628.0,78626.04509056489,9200.0,0.0,9200.0,0.0,0.0,46.0
2023-04-25,18405,51.0,51.0,5664.480874316939,0.0,5680.0,78622.43761027118,10400.0,0.0,10400.0,0.0,0.0,52.0
2023-04-26,18404,48.0,48.0,5728.306010928962,0.0,5744.0,78594.79764926506,12800.0,0.0,12800.0,0.0,0.0,64.0
2023-04-27,18388,54.0,54.0,5777.17213114754,0.0,5793.0,78865.28638758567,9800.0,0.0,9800.0,0.0,0.0,49.0
2023-04-28,18393,58.0,58.0,5822.049180327868,0.0,5838.0,78910.35502969002,9000.0,0.0,9000.0,0.0,0.0,45.0
2023-04-29,18406,52.0,52.0,5860.94262295082,0.0,5877.0,78954.29858118662,7800.0,0.0,7800.0,0.0,0.0,39.0
2023-04-30,18419,56.0,56.0,5908.811475409836,0.0,5925.0,78891.51457989073,9600.0,0.0,9600.0,0.0,0.0,48.0
2023-05-01,18427,50.0,50.0,5958.674863387979,0.0,5975.0,78741.4097166062,10000.0,0.0,10000.0,0.0,0.0,50.0
2023-05-02,18427,62.0,62.0,6014.521857923497,0.0,6031.0,78861.10332193671,11200.0,0.0,11200.0,0.0,0.0,56.0
2023-05-03,18433,52.0,52.0,6055.4098360655735,0.0,6072.0,78938.66165738659,8200.0,0.0,8200.0,0.0,0.0,41.0
2023-05-04,18444,52.0,52.0,6094.303278688524,0.0,6111.0,79105.99868663891,7800.0,0.0,7800.0,0.0,0.0,39.0
2023-05-05,18457,55.0,55.0,6144.166666666666,0.0,6161.0,79135.95608190646,10000.0,0.0,10000.0,0.0,0.0,50.0
2023-05-06,18462,51.0,51.0,6192.035519125683,0.0,6209.0,79167.86735407473,9600.0,0.0,9600.0,0.0,0.0,48.0
2023-05-07,18465,53.0,53.0,6240.901639344262,0.0,6258.0,79184.01701109212,9800.0,0.0,9800.0,0.0,0.0,49.0
2023-05-08,18469,41.0,41.0,6296.748633879782,0.0,6314.0,79118.2530572792,11200.0,0.0,11200.0,0.0,0.0,56.0
2023-05-09,18454,49.0,49.0,6347.609289617486,0.0,6365.0,79016.24724509096,10200.0,0.0,10200.0,0.0,0.0,51.0
2023-05-10,18452,57.0,57.0,6386.502732240438,0.0,6404.0,78988.02862155055,7800.0,0.0,7800.0,0.0,0.0,39.0
2023-05-11,18470,41.0,41.0,6432.377049180327,0.0,6450.0,78935.28808741047,9200.0,0.0,9200.0,0.0,0.0,46.0
2023-05-12,18465,49.0,49.0,6486.229508196722,0.0,6504.0,78810.95623846963,10800.0,0.0,10800.0,0.0,0.0,54.0
2023-05-13,18460,55.0,55.0,6538.087431693989,0.0,6556.0,78783.41955023637,10400.0,0.0,10400.0,0.0,0.0,52.0
2023-05-14,18463,51.0,51.0,6581.967213114754,0.0,6600.0,78895.48698492463,8800.0,0.0,8800.0,0.0,0.0,44.0
2023-05-15,18470,49.0,49.0,6628.838797814207,0.0,6647.0,78801.34805660223,9400.0,0.0,9400.0,0.0,0.0,47.0
2023-05-16,18472,61.0,61.0,6669.726775956285,0.0,6688.0,78822.7475670482,8200.0,0.0,8200.0,0.0,0.0,41.0
2023-05-17,18492,64.0,64.0,6711.612021857923,0.0,6730.0,78958.17851185838,8400.0,0.0,8400.0,0.0,0.0,42.0
2023-05-18,18514,46.0,46.0,6760.478142076503,0.0,6779.0,78891.93765197003,9800.0,0.0,9800.0,0.0,0.0,49.0
2023-05-19,18511,64.0,64.0,6807.349726775956,0.0,6826.0,78934.79240033936,9400.0,0.0,9400.0,0.0,0.0,47.0
2023-05-20,18528,50.0,50.0,6864.193989071038,0.0,6883.0,79027.38967315134,11400.0,0.0,11400.0,0.0,0.0,57.0
2023-05-21,18521,55.0,55.0,6902.0901639344265,0.0,6921.0,79080.53750614816,7600.0,0.0,7600.0,0.0,0.0,38.0
2023-05-22,18538,47.0,47.0,6958.934426229508,0.0,6978.0,79014.05520093004,11400.0,0.0,11400.0,0.0,0.0,57.0
2023-05-23,18528,63.0,63.0,7001.81693989071,0.0,7021.0,78976.95914990114,8600.0,0.0,8600.0,0.0,0.0,43.0
2023-05-24,18548,38.0,38.0,7056.666666666666,0.0,7076.0,78903.50203508449,11000.0,0.0,11000.0,0.0,0.0,55.0
2023-05-25,18531,57.0,57.0,7119.494535519126,0.0,7139.0,79007.86723819925,12600.0,0.0,12600.0,0.0,0.0,63.0
2023-05-26,18525,33.0,33.0,7170.355191256831,0.0,7190.0,78908.63179750109,10200.0,0.0,10200.0,0.0,0.0,51.0
2023-05-27,18507,44.0,44.0,7208.251366120218,0.0,7228.0,78914.0844295861,7600.0,0.0,7600.0,0.0,0.0,38.0
2023-05-28,18513,49.0,49.0,7257.117486338798,0.0,7277.0,79038.21417506371,9800.0,0.0,9800.0,0.0,0.0,49.0
2023-05-29,18513,51.0,51.0,7297.008196721311,0.0,7317.0,79077.00117238094,8000.0,0.0,8000.0,0.0,0.0,40.0
2023-05-30,18524,35.0,35.0,7332.9098360655735,0.0,7353.0,79171.28005703923,7200.0,0.0,7200.0,0.0,0.0,36.0
2023-05-31,18523,50.0,50.0,7387.759562841529,0.0,7408.0,79268.5148378825,11000.0,0.0,11000.0,0.0,0.0,55.0
2023-06-01,18518,48.0,48.0,7437.622950819673,0.0,7458.0,79200.26276207677,10000.0,0.0,10000.0,0.0,0.0,50.0
2023-06-02,18516,44.0,44.0,7480.505464480874,0.0,7501.0,79297.72538542782,8600.0,0.0,8600.0,0.0,0.0,43.0
2023-06-03,18517,46.0,46.0,7532.363387978142,0.0,7553.0,79119.27602878284,10400.0,0.0,10400.0,0.0,0.0,52.0
2023-06-04,18511,44.0,44.0,7583.224043715846,0.0,7604.0,79039.0390741555,10200.0,0.0,10200.0,0.0,0.0,51.0
2023-06-05,18504,45.0,45.0,7629.098360655737,0.0,7650.0,79003.00606665888,9200.0,0.0,9200.0,0.0,0.0,46.0
2023-06-06,18503,51.0,51.0,7675.969945355191,0.0,7697.0,79038.94210612943,9400.0,0.0,9400.0,0.0,0.0,47.0
2023-06-07,18507,50.0,50.0,7730.819672131147,0.0,7752.0,78996.34628461504,11000.0,0.0,11000.0,0.0,0.0,55.0
2023-06-08,18502,48.0,48.0,7783.674863387977,0.0,7805.0,79052.46398784946,10600.0,0.0,10600.0,0.0,0.0,53.0
2023-06-09,18497,40.0,40.0,7842.513661202185,0.0,7864.0,79129.20806604093,11800.0,0.0,11800.0,0.0,0.0,59.0
2023-06-10,18478,47.0,47.0,7894.371584699455,0.0,7916.0,79077.31924054434,10400.0,0.0,10400.0,0.0,0.0,52.0
2023-06-11,18473,57.0,57.0,7938.251366120218,0.0,7960.0,79100.54194455322,8800.0,0.0,8800.0,0.0,0.0,44.0
2023-06-12,18486,54.0,54.0,7989.1120218579235,0.0,8011.0,78944.33505270106,10200.0,0.0,10200.0,0.0,0.0,51.0
2023-06-13,18489,50.0,50.0,8035.983606557378,0.0,8058.0,78912.55996221596,9400.0,0.0,9400.0,0.0,0.0,47.0
2023-06-14,18492,50.0,50.0,8087.841530054645,0.0,8110.0,78775.13531407109,10400.0,0.0,10400.0,0.0,0.0,52.0
2023-06-15,18490,42.0,42.0,8132.718579234974,0.0,8155.0,78851.57752031022,9000.0,0.0,9000.0,0.0,0.0,45.0
2023-06-16,18487,53.0,53.0,8178.592896174863,0.0,8201.0,78998.98036559993,9200.0,0.0,9200.0,0.0,0.0,46.0
2023-06-17,18494,44.0,44.0,8229.45355191257,0.0,8252.0,78912.88710848421,10200.0,0.0,10200.0,0.0,0.0,51.0
2023-06-18,18487,58.0,58.0,8279.31693989071,0.0,8302.0,78819.44359740186,10000.0,0.0,10000.0,0.0,0.0,50.0
2023-06-19,18495,38.0,38.0,8323.196721311477,0.0,8346.0,78786.6028647066,8800.0,0.0,8800.0,0.0,0.0,44.0
2023-06-20,18489,51.0,51.0,8388.01912568306,0.0,8411.0,78590.89984806841,13000.0,0.0,13000.0,0.0,0.0,65.0
2023-06-21,18475,52.0,52.0,8421.926229508197,0.0,8445.0,78656.24330785924,6800.0,0.0,6800.0,0.0,0.0,34.0
2023-06-22,18493,52.0,52.0,8473.784153005465,0.0,8497.0,78705.79605640407,10400.0,0.0,10400.0,0.0,0.0,52.0
2023-06-23,18493,57.0,57.0,8531.625683060109,0.0,8555.0,78833.28574832495,11600.0,0.0,11600.0,0.0,0.0,58.0
2023-06-24,18492,60.0,60.0,8579.494535519125,0.0,8603.0,78725.25320175689,9600.0,0.0,9600.0,0.0,0.0,48.0
2023-06-25,18504,62.0,62.0,8630.355191256831,0.0,8654.0,79029.15747833763,10200.0,0.0,10200.0,0.0,0.0,51.0
2023-06-26,18515,47.0,47.0,8674.234972677596,0.0,8698.0,79019.45398004819,8800.0,0.0,8800.0,0.0,0.0,44.0
2023-06-27,18518,48.0,48.0,8724.098360655737,0.0,8748.0,79157.77573394743,10000.0,0.0,10000.0,0.0,0.0,50.0
2023-06-28,18516,60.0,60.0,8765.983606557378,0.0,8790.0,79200.85620834943,8400.0,0.0,8400.0,0.0,0.0,42.0
2023-06-29,18534,63.0,63.0,8815.84699453552,0.0,8840.0,78977.89188622497,10000.0,0.0,10000.0,0.0,0.0,50.0
2023-06-30,18547,56.0,56.0,8863.715846994535,0.0,8888.0,78878.99593584996,9600.0,0.0,9600.0,0.0,0.0,48.0
2023-07-01,18555,40.0,40.0,8917.568306010928,0.0,8942.0,78881.64061489824,10800.0,0.0,10800.0,0.0,0.0,54.0
2023-07-02,18541,45.0,45.0,8982.390710382513,0.0,9007.0,78839.44212040008,13000.0,0.0,13000.0,0.0,0.0,65.0
2023-07-03,18521,43.0,43.0,9030.25956284153,0.0,9055.0,78833.13929465936,9600.0,0.0,9600.0,0.0,0.0,48.0
2023-07-04,18516,62.0,62.0,9095.081967213115,0.0,9120.0,78952.92932875933,13000.0,0.0,13000.0,0.0,0.0,65.0
2023-07-05,18513,51.0,51.0,9145.942622950819,0.0,9171.0,78836.8164909549,10200.0,0.0,10200.0,0.0,0.0,51.0
2023-07-06,18513,51.0,51.0,9199.795081967213,0.0,9225.0,78921.02011588926,10800.0,0.0,10800.0,0.0,0.0,54.0
2023-07-07,18510,53.0,53.0,9256.639344262296,0.0,9282.0,78901.4253048326,11400.0,0.0,11400.0,0.0,0.0,57.0
2023-07-08,18506,42.0,42.0,9313.483606557378,0.0,9339.0,79008.39287444267,11400.0,0.0,11400.0,0.0,0.0,57.0
2023-07-09,18491,54.0,54.0,9352.377049180328,0.0,9378.0,78822.64999793703,7800.0,0.0,7800.0,0.0,0.0,39.0
2023-07-10,18506,49.0,49.0,9399.248633879783,0.0,9425.0,78850.88515589788,9400.0,0.0,9400.0,0.0,0.0,47.0
2023-07-11,18508,57.0,57.0,9446.120218579235,0.0,9472.0,78757.13005402326,9400.0,0.0,9400.0,0.0,0.0,47.0
2023-07-12,18518,51.0,51.0,9487.008196721312,0.0,9513.0,78755.16701772592,8200.0,0.0,8200.0,0.0,0.0,41.0
2023-07-13,18528,37.0,37.0,9534.877049180328,0.0,9561.0,78688.96866770471,9600.0,0.0,9600.0,0.0,0.0,48.0
2023-07-14,18517,50.0,50.0,9571.775956284153,0.0,9598.0,78604.41271578615,7400.0,0.0,7400.0,0.0,0.0,37.0
2023-07-15,18530,39.0,39.0,9636.598360655737,0.0,9663.0,78498.97369102603,13000.0,0.0,13000.0,0.0,0.0,65.0
2023-07-16,18504,53.0,53.0,9687.459016393443,0.0,9714.0,78461.5183283853,10200.0,0.0,10200.0,0.0,0.0,51.0
2023-07-17,18506,48.0,48.0,9742.308743169398,0.0,9769.0,78344.6996214661,11000.0,0.0,11000.0,0.0,0.0,55.0
2023-07-18,18499,43.0,43.0,9783.196721311477,0.0,9810.0,78427.0621345085,8200.0,0.0,8200.0,0.0,0.0,41.0
2023-07-19,18501,45.0,45.0,9826.079234972678,0.0,9853.0,78419.68407562029,8600.0,0.0,8600.0,0.0,0.0,43.0
2023-07-20,18503,54.0,54.0,9880.928961748634,0.0,9908.0,78502.71299264026,11000.0,0.0,11000.0,0.0,0.0,55.0
2023-07-21,18502,63.0,63.0,9930.792349726777,0.0,9958.0,78610.25923284855,10000.0,0.0,10000.0,0.0,0.0,50.0
2023-07-22,18515,52.0,52.0,9976.666666666668,0.0,10004.0,78680.02105535436,9200.0,0.0,9200.0,0.0,0.0,46.0
2023-07-23,18521,50.0,50.0,10025.532786885246,0.0,10053.0,78778.03871430615,9800.0,0.0,9800.0,0.0,0.0,49.0
2023-07-24,18522,43.0,43.0,10078.387978142076,0.0,10106.0,78706.35693746706,10600.0,0.0,10600.0,0.0,0.0,53.0
2023-07-25,18512,55.0,55.0,10124.262295081968,0.0,10152.0,78758.85387999826,9200.0,0.0,9200.0,0.0,0.0,46.0
2023-07-26,18521,43.0,43.0,10168.142076502734,0.0,10196.0,78674.10228934317,8800.0,0.0,8800.0,0.0,0.0,44.0
2023-07-27,18520,51.0,51.0,10218.005464480875,0.0,10246.0,78851.12108694046,10000.0,0.0,10000.0,0.0,0.0,50.0
2023-07-28,18521,69.0,69.0,10272.855191256831,0.0,10301.0,78866.21350904886,11000.0,0.0,11000.0,0.0,0.0,55.0
2023-07-29,18535,44.0,44.0,10323.715846994535,0.0,10352.0,78709.37185504938,10200.0,0.0,10200.0,0.0,0.0,51.0
2023-07-30,18528,50.0,50.0,10364.603825136612,0.0,10393.0,78696.18979868254,8200.0,0.0,8200.0,0.0,0.0,41.0
2023-07-31,18537,63.0,63.0,10410.478142076503,0.0,10439.0,78832.12469680051,9200.0,0.0,9200.0,0.0,0.0,46.0
2023-08-01,18554,54.0,54.0,10451.36612021858,0.0,10480.0,78951.5666941643,8200.0,0.0,8200.0,0.0,0.0,41.0
2023-08-02,18567,61.0,61.0,10486.27049180328,0.0,10515.0,79046.27891670882,7000.0,0.0,7000.0,0.0,0.0,35.0
2023-08-03,18593,46.0,46.0,10519.180327868853,0.0,10548.0,79083.02377748482,6600.0,0.0,6600.0,0.0,0.0,33.0
2023-08-04,18606,46.0,46.0,10583.005464480875,0.0,10612.0,78906.16408270304,12800.0,0.0,12800.0,0.0,0.0,64.0
2023-08-05,18588,51.0,51.0,10653.811475409835,0.0,10683.0,78902.89176928092,14200.0,0.0,14200.0,0.0,0.0,71.0
2023-08-06,18568,48.0,48.0,10703.674863387978,0.0,10733.0,78793.76825440757,10000.0,0.0,10000.0,0.0,0.0,50.0
2023-08-07,18566,37.0,37.0,10774.480874316941,0.0,10804.0,78667.03882873768,14200.0,0.0,14200.0,0.0,0.0,71.0
2023-08-08,18532,55.0,55.0,10823.346994535521,0.0,10853.0,78613.91278456461,9800.0,0.0,9800.0,0.0,0.0,49.0
2023-08-09,18538,46.0,46.0,10872.213114754099,0.0,10902.0,78422.26000394807,9800.0,0.0,9800.0,0.0,0.0,49.0
2023-08-10,18535,39.0,39.0,10926.065573770493,0.0,10956.0,78394.49042367318,10800.0,0.0,10800.0,0.0,0.0,54.0
2023-08-11,18520,46.0,46.0,10974.93169398907,0.0,11005.0,78439.24653439021,9800.0,0.0,9800.0,0.0,0.0,49.0
2023-08-12,18517,36.0,36.0,11014.822404371585,0.0,11045.0,78273.27799049437,8000.0,0.0,8000.0,0.0,0.0,40.0
2023-08-13,18513,54.0,54.0,11063.688524590165,0.0,11094.0,78277.17773716112,9800.0,0.0,9800.0,0.0,0.0,49.0
2023-08-14,18518,48.0,48.0,11112.554644808744,0.0,11143.0,78197.24466914212,9800.0,0.0,9800.0,0.0,0.0,49.0
2023-08-15,18517,50.0,50.0,11170.396174863388,0.0,11201.0,78220.2448752193,11600.0,0.0,11600.0,0.0,0.0,58.0
2023-08-16,18509,64.0,64.0,11231.22950819672,0.0,11262.0,78121.02645130371,12200.0,0.0,12200.0,0.0,0.0,61.0
2023-08-17,18512,56.0,56.0,11271.120218579234,0.0,11302.0,78124.13657742528,8000.0,0.0,8000.0,0.0,0.0,40.0
2023-08-18,18528,49.0,49.0,11311.010928961749,0.0,11342.0,78113.34505569363,8000.0,0.0,8000.0,0.0,0.0,40.0
2023-08-19,18537,46.0,46.0,11369.849726775958,0.0,11401.0,78082.45644214014,11800.0,0.0,11800.0,0.0,0.0,59.0
2023-08-20,18524,45.0,45.0,11419.713114754099,0.0,11451.0,78021.68379087644,10000.0,0.0,10000.0,0.0,0.0,50.0
2023-08-21,18519,35.0,35.0,11472.56830601093,0.0,11504.0,77992.30108617978,10600.0,0.0,10600.0,0.0,0.0,53.0
2023-08-22,18501,56.0,56.0,11526.420765027322,0.0,11558.0,77899.95989535301,10800.0,0.0,10800.0,0.0,0.0,54.0
2023-08-23,18503,47.0,47.0,11575.286885245901,0.0,11607.0,77828.9524083928,9800.0,0.0,9800.0,0.0,0.0,49.0
2023-08-24,18501,42.0,42.0,11629.139344262294,0.0,11661.0,77776.41910243417,10800.0,0.0,10800.0,0.0,0.0,54.0
2023-08-25,18489,43.0,43.0,11673.019125683059,0.0,11705.0,77779.76834441122,8800.0,0.0,8800.0,0.0,0.0,44.0
2023-08-26,18488,42.0,42.0,11704.93169398907,0.0,11737.0,77755.64729261251,6400.0,0.0,6400.0,0.0,0.0,32.0
2023-08-27,18498,41.0,41.0,11741.830601092895,0.0,11774.0,77662.25056657997,7400.0,0.0,7400.0,0.0,0.0,37.0
2023-08-28,18502,55.0,55.0,11796.680327868853,0.0,11829.0,77841.39664071858,11000.0,0.0,11000.0,0.0,0.0,55.0
2023-08-29,18502,55.0,55.0,11845.54644808743,0.0,11878.0,77823.12846821199,9800.0,0.0,9800.0,0.0,0.0,49.0
2023-08-30,18508,48.0,48.0,11889.426229508197,0.0,11922.0,77855.87871309115,8800.0,0.0,8800.0,0.0,0.0,44.0
2023-08-31,18512,48.0,48.0,11944.275956284155,0.0,11977.0,77805.39618621486,11000.0,0.0,11000.0,0.0,0.0,55.0
2023-09-01,18505,49.0,49.0,11998.128415300545,0.0,12031.0,77847.49848862013,10800.0,0.0,10800.0,0.0,0.0,54.0
2023-09-02,18500,48.0,48.0,12042.008196721312,0.0,12075.0,77816.34799527527,8800.0,0.0,8800.0,0.0,0.0,44.0
2023-09-03,18504,55.0,55.0,12088.879781420766,0.0,12122.0,77733.47152100808,9400.0,0.0,9400.0,0.0,0.0,47.0
2023-09-04,18512,64.0,64.0,12140.737704918032,0.0,12174.0,77777.81253917074,10400.0,0.0,10400.0,0.0,0.0,52.0
2023-09-05,18524,40.0,40.0,12186.612021857924,0.0,12220.0,77644.77998103414,9200.0,0.0,9200.0,0.0,0.0,46.0
2023-09-06,18518,58.0,58.0,12233.483606557378,0.0,12267.0,77734.92214153148,9400.0,0.0,9400.0,0.0,0.0,47.0
2023-09-07,18529,47.0,47.0,12283.346994535521,0.0,12317.0,77737.81069605474,10000.0,0.0,10000.0,0.0,0.0,50.0
2023-09-08,18526,54.0,54.0,12341.188524590165,0.0,12375.0,77642.56166953909,11600.0,0.0,11600.0,0.0,0.0,58.0
2023-09-09,18522,51.0,51.0,12395.040983606556,0.0,12429.0,77667.3875888442,10800.0,0.0,10800.0,0.0,0.0,54.0
2023-09-10,18519,51.0,51.0,12443.907103825137,0.0,12478.0,77662.77741239562,9800.0,0.0,9800.0,0.0,0.0,49.0
2023-09-11,18521,62.0,62.0,12487.786885245901,0.0,12522.0,78227.4298662937,8800.0,0.0,8800.0,0.0,0.0,44.0
2023-09-12,18539,61.0,61.0,12540.642076502734,0.0,12575.0,78151.29934830788,10600.0,0.0,10600.0,0.0,0.0,53.0
2023-09-13,18547,51.0,51.0,12591.502732240437,0.0,12626.0,78265.2763162575,10200.0,0.0,10200.0,0.0,0.0,51.0
2023-09-14,18547,47.0,47.0,12633.387978142076,0.0,12668.0,78255.97046556926,8400.0,0.0,8400.0,0.0,0.0,42.0
2023-09-15,18552,53.0,53.0,12667.295081967213,0.0,12702.0,78174.13194974467,6800.0,0.0,6800.0,0.0,0.0,34.0
2023-09-16,18571,52.0,52.0,12727.131147540984,0.0,12762.0,78096.44672371737,12000.0,0.0,12000.0,0.0,0.0,60.0
2023-09-17,18563,40.0,40.0,12776.994535519125,0.0,12812.0,78010.72551376565,10000.0,0.0,10000.0,0.0,0.0,50.0
2023-09-18,18553,38.0,38.0,12827.855191256833,0.0,12863.0,77981.4364772964,10200.0,0.0,10200.0,0.0,0.0,51.0
2023-09-19,18540,60.0,60.0,12873.72950819672,0.0,12909.0,77995.57788650272,9200.0,0.0,9200.0,0.0,0.0,46.0
2023-09-20,18554,47.0,47.0,12938.551912568308,0.0,12974.0,77903.05039003713,13000.0,0.0,13000.0,0.0,0.0,65.0
2023-09-21,18536,45.0,45.0,12991.407103825137,0.0,13027.0,77881.85836169528,10600.0,0.0,10600.0,0.0,0.0,53.0
2023-09-22,18528,46.0,46.0,13033.292349726777,0.0,13069.0,77741.5142780984,8400.0,0.0,8400.0,0.0,0.0,42.0
2023-09-23,18532,49.0,49.0,13081.161202185793,0.0,13117.0,77635.29670959055,9600.0,0.0,9600.0,0.0,0.0,48.0
2023-09-24,18533,51.0,51.0,13137.008196721312,0.0,13173.0,77624.16362858951,11200.0,0.0,11200.0,0.0,0.0,56.0
2023-09-25,18528,37.0,37.0,13174.9043715847,0.0,13211.0,77722.80689427782,7600.0,0.0,7600.0,0.0,0.0,38.0
2023-09-26,18527,46.0,46.0,13230.751366120217,0.0,13267.0,77814.64384843688,11200.0,0.0,11200.0,0.0,0.0,56.0
2023-09-27,18517,40.0,40.0,13285.601092896175,0.0,13322.0,77748.24190990318,11000.0,0.0,11000.0,0.0,0.0,55.0
2023-09-28,18502,41.0,41.0,13330.478142076503,0.0,13367.0,77635.11100951038,9000.0,0.0,9000.0,0.0,0.0,45.0
2023-09-29,18498,61.0,61.0,13379.34426229508,0.0,13416.0,77537.38161071428,9800.0,0.0,9800.0,0.0,0.0,49.0
2023-09-30,18510,54.0,54.0,13416.24316939891,0.0,13453.0,77591.8587518076,7400.0,0.0,7400.0,0.0,0.0,37.0
2023-10-01,18527,47.0,47.0,13464.112021857924,0.0,13501.0,77512.59805386263,9600.0,0.0,9600.0,0.0,0.0,48.0
2023-10-02,18526,49.0,49.0,13510.983606557378,0.0,13548.0,77519.2080428525,9400.0,0.0,9400.0,0.0,0.0,47.0
2023-10-03,18528,49.0,49.0,13574.808743169398,0.0,13612.0,77409.76009368821,12800.0,0.0,12800.0,0.0,0.0,64.0
2023-10-04,18513,43.0,43.0,13621.680327868853,0.0,13659.0,77553.60990461386,9400.0,0.0,9400.0,0.0,0.0,47.0
2023-10-05,18509,51.0,51.0,13674.535519125682,0.0,13712.0,77545.91411152318,10600.0,0.0,10600.0,0.0,0.0,53.0
2023-10-06,18507,68.0,68.0,13738.360655737706,0.0,13776.0,77553.4734372822,12800.0,0.0,12800.0,0.0,0.0,64.0
2023-10-07,18511,55.0,55.0,13788.224043715845,0.0,13826.0,77520.03642219905,10000.0,0.0,10000.0,0.0,0.0,50.0
2023-10-08,18516,42.0,42.0,13820.136612021857,0.0,13858.0,77595.03662745791,6400.0,0.0,6400.0,0.0,0.0,32.0
2023-10-09,18526,45.0,45.0,13867.008196721312,0.0,13905.0,77659.16621782629,9400.0,0.0,9400.0,0.0,0.0,47.0
2023-10-10,18524,46.0,46.0,13921.857923497266,0.0,13960.0,77644.69172104292,11000.0,0.0,11000.0,0.0,0.0,55.0
2023-10-11,18515,48.0,48.0,13972.718579234972,0.0,14011.0,77611.5230182731,10200.0,0.0,10200.0,0.0,0.0,51.0
2023-10-12,18512,52.0,52.0,14025.573770491803,0.0,14064.0,77575.33543882793,10600.0,0.0,10600.0,0.0,0.0,53.0
2023-10-13,18511,48.0,48.0,14078.428961748634,0.0,14117.0,77440.39885698557,10600.0,0.0,10600.0,0.0,0.0,53.0
2023-10-14,18506,55.0,55.0,14127.295081967213,0.0,14166.0,77456.83649542031,9800.0,0.0,9800.0,0.0,0.0,49.0
2023-10-15,18512,45.0,45.0,14172.172131147541,0.0,14211.0,77444.46707614826,9000.0,0.0,9000.0,0.0,0.0,45.0
2023-10-16,18512,38.0,38.0,14217.049180327867,0.0,14256.0,77294.04324144086,9000.0,0.0,9000.0,0.0,0.0,45.0
2023-10-17,18505,60.0,60.0,14263.920765027322,0.0,14303.0,77375.03385183326,9400.0,0.0,9400.0,0.0,0.0,47.0
2023-10-18,18518,46.0,46.0,14310.792349726777,0.0,14350.0,77387.65091367664,9400.0,0.0,9400.0,0.0,0.0,47.0
2023-10-19,18517,51.0,51.0,14368.63387978142,0.0,14408.0,77289.251515472,11600.0,0.0,11600.0,0.0,0.0,58.0
2023-10-20,18510,50.0,50.0,14415.505464480875,0.0,14455.0,77294.99409795583,9400.0,0.0,9400.0,0.0,0.0,47.0
2023-10-21,18513,61.0,61.0,14470.355191256833,0.0,14510.0,77234.82631184297,11000.0,0.0,11000.0,0.0,0.0,55.0
2023-10-22,18519,60.0,60.0,14523.210382513662,0.0,14563.0,77170.75862512898,10600.0,0.0,10600.0,0.0,0.0,53.0
2023-10-23,18526,54.0,54.0,14565.0956284153,0.0,14605.0,77262.4609659879,8400.0,0.0,8400.0,0.0,0.0,42.0
2023-10-24,18538,55.0,55.0,14610.969945355191,0.0,14651.0,77408.28989355016,9200.0,0.0,9200.0,0.0,0.0,46.0
2023-10-25,18547,39.0,39.0,14668.811475409835,0.0,14709.0,77369.0799260726,11600.0,0.0,11600.0,0.0,0.0,58.0
2023-10-26,18528,51.0,51.0,14718.674863387978,0.0,14759.0,77742.84162718062,10000.0,0.0,10000.0,0.0,0.0,50.0
2023-10-27,18529,50.0,50.0,14761.557377049181,0.0,14802.0,77792.42478047106,8600.0,0.0,8600.0,0.0,0.0,43.0
2023-10-28,18536,57.0,57.0,14826.379781420766,0.0,14867.0,77743.61154409131,13000.0,0.0,13000.0,0.0,0.0,65.0
2023-10-29,18528,54.0,54.0,14871.25683060109,0.0,14912.0,77825.06134146982,9000.0,0.0,9000.0,0.0,0.0,45.0
2023-10-30,18537,56.0,56.0,14915.136612021857,0.0,14956.0,77906.84578479503,8800.0,0.0,8800.0,0.0,0.0,44.0
2023-10-31,18549,43.0,43.0,14966.994535519125,0.0,15008.0,77734.17959142021,10400.0,0.0,10400.0,0.0,0.0,52.0
2023-11-01,18540,52.0,52.0,15017.85519125683,0.0,15059.0,77679.23508145563,10200.0,0.0,10200.0,0.0,0.0,51.0
2023-11-02,18541,42.0,42.0,15085.669398907105,0.0,15127.0,77618.5681144902,13600.0,0.0,13600.0,0.0,0.0,68.0
2023-11-03,18515,49.0,49.0,15137.52732240437,0.0,15179.0,77709.67620139163,10400.0,0.0,10400.0,0.0,0.0,52.0
2023-11-04,18512,47.0,47.0,15190.382513661203,0.0,15232.0,77682.99400779846,10600.0,0.0,10600.0,0.0,0.0,53.0
2023-11-05,18506,42.0,42.0,15239.248633879783,0.0,15281.0,77634.97107337936,9800.0,0.0,9800.0,0.0,0.0,49.0
2023-11-06,18499,48.0,48.0,15306.065573770493,0.0,15348.0,77728.381789908,13400.0,0.0,13400.0,0.0,0.0,67.0
2023-11-07,18480,66.0,66.0,15354.93169398907,0.0,15397.0,77713.61199647754,9800.0,0.0,9800.0,0.0,0.0,49.0
2023-11-08,18497,59.0,59.0,15402.800546448087,0.0,15445.0,77301.67458412243,9600.0,0.0,9600.0,0.0,0.0,48.0
2023-11-09,18508,53.0,53.0,15459.64480874317,0.0,15502.0,77378.64433433425,11400.0,0.0,11400.0,0.0,0.0,57.0
2023-11-10,18504,54.0,54.0,15502.52732240437,0.0,15545.0,77375.41089616927,8600.0,0.0,8600.0,0.0,0.0,43.0
2023-11-11,18515,49.0,49.0,15559.371584699455,0.0,15602.0,77318.69459086422,11400.0,0.0,11400.0,0.0,0.0,57.0
2023-11-12,18507,58.0,58.0,15620.204918032789,0.0,15663.0,77297.74880901304,12200.0,0.0,12200.0,0.0,0.0,61.0
2023-11-13,18504,47.0,47.0,15668.073770491803,0.0,15711.0,77261.87300775782,9600.0,0.0,9600.0,0.0,0.0,48.0
2023-11-14,18503,54.0,54.0,15710.956284153006,0.0,15754.0,77278.41001263878,8600.0,0.0,8600.0,0.0,0.0,43.0
2023-11-15,18514,46.0,46.0,15759.822404371585,0.0,15803.0,77105.66179803222,9800.0,0.0,9800.0,0.0,0.0,49.0
2023-11-16,18511,54.0,54.0,15808.688524590165,0.0,15852.0,77079.97256681431,9800.0,0.0,9800.0,0.0,0.0,49.0
2023-11-17,18516,50.0,50.0,15864.535519125682,0.0,15908.0,77197.2796660886,11200.0,0.0,11200.0,0.0,0.0,56.0
2023-11-18,18510,41.0,41.0,15915.396174863388,0.0,15959.0,77136.19758791692,10200.0,0.0,10200.0,0.0,0.0,51.0
2023-11-19,18500,49.0,49.0,15972.240437158469,0.0,16016.0,77064.99904474968,11400.0,0.0,11400.0,0.0,0.0,57.0
2023-11-20,18492,67.0,67.0,16025.095628415302,0.0,16069.0,77075.95636688784,10600.0,0.0,10600.0,0.0,0.0,53.0
2023-11-21,18506,66.0,66.0,16073.961748633881,0.0,16118.0,77023.38134208873,9800.0,0.0,9800.0,0.0,0.0,49.0
2023-11-22,18523,51.0,51.0,16124.822404371585,0.0,16169.0,76950.56030816954,10200.0,0.0,10200.0,0.0,0.0,51.0
2023-11-23,18523,48.0,48.0,16163.715846994533,0.0,16208.0,77123.5939018462,7800.0,0.0,7800.0,0.0,0.0,39.0
2023-11-24,18532,57.0,57.0,16211.584699453553,0.0,16256.0,77185.25056061929,9600.0,0.0,9600.0,0.0,0.0,48.0
2023-11-25,18541,45.0,45.0,16277.404371584698,0.0,16322.0,77044.95682829765,13200.0,0.0,13200.0,0.0,0.0,66.0
2023-11-26,18520,44.0,44.0,16334.248633879783,0.0,16379.0,76986.56727518546,11400.0,0.0,11400.0,0.0,0.0,57.0
2023-11-27,18507,41.0,41.0,16380.122950819672,0.0,16425.0,76815.24070141684,9200.0,0.0,9200.0,0.0,0.0,46.0
2023-11-28,18502,53.0,53.0,16434.97267759563,0.0,16480.0,76728.84713206858,11000.0,0.0,11000.0,0.0,0.0,55.0
2023-11-29,18500,56.0,56.0,16494.8087431694,0.0,16540.0,76831.42624529958,12000.0,0.0,12000.0,0.0,0.0,60.0
2023-11-30,18496,36.0,36.0,16541.680327868853,0.0,16587.0,76737.93217575364,9400.0,0.0,9400.0,0.0,0.0,47.0
2023-12-01,18485,56.0,56.0,16596.53005464481,0.0,16642.0,76925.91447143679,11000.0,0.0,11000.0,0.0,0.0,55.0
2023-12-02,18486,42.0,42.0,16650.382513661203,0.0,16696.0,76748.90726920837,10800.0,0.0,10800.0,0.0,0.0,54.0
2023-12-03,18474,53.0,53.0,16701.24316939891,0.0,16747.0,76583.88224582974,10200.0,0.0,10200.0,0.0,0.0,51.0
2023-12-04,18476,40.0,40.0,16748.114754098362,0.0,16794.0,76629.81902469185,9400.0,0.0,9400.0,0.0,0.0,47.0
2023-12-05,18469,56.0,56.0,16801.967213114756,0.0,16848.0,76643.88679779721,10800.0,0.0,10800.0,0.0,0.0,54.0
2023-12-06,18471,63.0,63.0,16853.82513661202,0.0,16900.0,76776.65119861493,10400.0,0.0,10400.0,0.0,0.0,52.0
2023-12-07,18482,53.0,53.0,16900.696721311473,0.0,16947.0,76753.24556392535,9400.0,0.0,9400.0,0.0,0.0,47.0
2023-12-08,18488,35.0,35.0,16944.57650273224,0.0,16991.0,76670.30625004001,8800.0,0.0,8800.0,0.0,0.0,44.0
2023-12-09,18479,54.0,54.0,16999.426229508197,0.0,17046.0,76901.34183131487,11000.0,0.0,11000.0,0.0,0.0,55.0
2023-12-10,18478,54.0,54.0,17051.28415300547,0.0,17098.0,76880.53904336385,10400.0,0.0,10400.0,0.0,0.0,52.0
2023-12-11,18480,48.0,48.0,17085.1912568306,0.0,17132.0,76889.72247366486,6800.0,0.0,6800.0,0.0,0.0,34.0
2023-12-12,18494,60.0,60.0,17131.06557377049,0.0,17178.0,76914.01479285173,9200.0,0.0,9200.0,0.0,0.0,46.0
2023-12-13,18508,57.0,57.0,17181.926229508197,0.0,17229.0,76961.09458759088,10200.0,0.0,10200.0,0.0,0.0,51.0
2023-12-14,18514,48.0,48.0,17232.7868852459,0.0,17280.0,76920.61690187748,10200.0,0.0,10200.0,0.0,0.0,51.0
2023-12-15,18511,54.0,54.0,17279.658469945356,0.0,17327.0,76886.12402975756,9400.0,0.0,9400.0,0.0,0.0,47.0
2023-12-16,18518,44.0,44.0,17311.571038251368,0.0,17359.0,76921.48787586195,6400.0,0.0,6400.0,0.0,0.0,32.0
2023-12-17,18530,48.0,48.0,17363.428961748632,0.0,17411.0,76903.74239077372,10400.0,0.0,10400.0,0.0,0.0,52.0
2023-12-18,18526,51.0,51.0,17409.303278688527,0.0,17457.0,76952.5440203557,9200.0,0.0,9200.0,0.0,0.0,46.0
2023-12-19,18531,50.0,50.0,17469.139344262294,0.0,17517.0,76844.79142855287,12000.0,0.0,12000.0,0.0,0.0,60.0
2023-12-20,18521,41.0,41.0,17513.01912568306,0.0,17561.0,76698.21938231855,8800.0,0.0,8800.0,0.0,0.0,44.0
2023-12-21,18518,38.0,38.0,17575.84699453552,0.0,17624.0,76896.3993033114,12600.0,0.0,12600.0,0.0,0.0,63.0
2023-12-22,18493,49.0,49.0,17631.69398907104,0.0,17680.0,76976.53391074864,11200.0,0.0,11200.0,0.0,0.0,56.0
2023-12-23,18486,40.0,40.0,17684.549180327867,0.0,17733.0,76690.08809732075,10600.0,0.0,10600.0,0.0,0.0,53.0
2023-12-24,18473,47.0,47.0,17739.398907103823,0.0,17788.0,76661.71683140432,11000.0,0.0,11000.0,0.0,0.0,55.0
2023-12-25,18465,50.0,50.0,17791.25683060109,0.0,17840.0,76772.97854658935,10400.0,0.0,10400.0,0.0,0.0,52.0
2023-12-26,18463,52.0,52.0,17844.11202185792,0.0,17893.0,76817.22694193115,10600.0,0.0,10600.0,0.0,0.0,53.0
2023-12-27,18462,62.0,62.0,17909.93169398907,0.0,17959.0,76901.9572003149,13200.0,0.0,13200.0,0.0,0.0,66.0
2023-12-28,18458,58.0,58.0,17956.803278688527,0.0,18006.0,76985.14633323278,9400.0,0.0,9400.0,0.0,0.0,47.0
2023-12-29,18469,51.0,51.0,18003.67486338798,0.0,18053.0,76863.30859940237,9400.0,0.0,9400.0,0.0,0.0,47.0
2023-12-30,18473,46.0,46.0,18069.494535519123,0.0,18119.0,76893.08189722041,13200.0,0.0,13200.0,0.0,0.0,66.0
2023-12-31,18453,55.0,55.0,18124.344262295082,0.0,18174.0,76867.2046375043,11000.0,0.0,11000.0,0.0,0.0,55.0
