datetime,active_leaks,new_leaks,n_tags,rolling_cost_estimate,rolling_cost_estimate_b,cum_repaired_leaks,daily_emissions_kg,total_daily_cost,repair_cost,nat_repair_cost,verification_cost,natural_redund_tags,natural_n_tags,OGI_bayes_u_prop_sites_avail,OGI_bayes_u_cost,OGI_bayes_u_sites_visited,OGI_bayes_u_travel_time,OGI_bayes_u_survey_time,OGI_bayes_u_redund_tags,OGI_bayes_u_missed_leaks,OGI_bayes_u_sites_vis_w_leaks,OGI_bayes_u_eff_flags,OGI_bayes_u_n_tags,OGI_bayes_u_flags_redund1,OGI_bayes_u_flags_redund2,OGI_bayes_u_flag_wo_vent
2023-01-01,18174,42.0,42.0,72.80054644808743,0.0,55.0,79141.44454031112,14600.0,0.0,11000.0,0.0,0.0,55.0,1.0,3600.0,6.0,240.0,720.0,0.0,0.0,6.0,0.0,50.0,0.0,0.0,0.0
2023-01-02,18161,48.0,48.0,142.60928961748633,0.0,107.0,79386.78154193678,14000.0,0.0,10400.0,0.0,0.0,52.0,1.0,3600.0,6.0,240.0,720.0,0.0,0.0,6.0,0.0,73.0,0.0,0.0,0.0
2023-01-03,18157,46.0,46.0,208.4289617486339,0.0,155.0,79346.24571080261,13200.0,0.0,9600.0,0.0,0.0,48.0,1.0,3600.0,6.0,240.0,720.0,0.0,0.0,6.0,0.0,51.0,0.0,0.0,0.0
2023-01-04,18155,49.0,49.0,287.21311475409834,0.0,216.0,79254.14412451473,15800.0,0.0,12200.0,0.0,0.0,61.0,1.0,3600.0,6.0,240.0,720.0,0.0,0.0,6.0,0.0,76.0,0.0,0.0,0.0
2023-01-05,18143,51.0,51.0,357.02185792349724,0.0,268.0,79152.37184654865,14000.0,0.0,10400.0,0.0,0.0,52.0,1.0,3600.0,6.0,240.0,720.0,0.0,0.0,6.0,0.0,66.0,0.0,0.0,0.0
2023-01-06,18142,42.0,42.0,421.84426229508193,0.0,315.0,79030.09367983021,13000.0,0.0,9400.0,0.0,0.0,47.0,1.0,3600.0,6.0,240.0,720.0,0.0,0.0,6.0,0.0,65.0,0.0,0.0,0.0
2023-01-07,18137,47.0,47.0,499.6311475409836,0.0,375.0,79010.73230887252,15600.0,0.0,12000.0,0.0,0.0,60.0,1.0,3600.0,6.0,240.0,720.0,0.0,0.0,6.0,0.0,71.0,0.0,0.0,0.0
2023-01-08,18124,51.0,51.0,570.4371584699453,0.0,428.0,78909.31966703146,14200.0,0.0,10600.0,0.0,0.0,53.0,1.0,3600.0,6.0,240.0,720.0,0.0,0.0,6.0,0.0,55.0,0.0,0.0,0.0
2023-01-09,18122,48.0,48.0,630.2732240437159,0.0,470.0,78818.41027576008,12000.0,0.0,8400.0,0.0,0.0,42.0,1.0,3600.0,6.0,240.0,720.0,0.0,0.0,6.0,0.0,54.0,0.0,0.0,0.0
2023-01-10,18128,55.0,55.0,713.0464480874318,0.0,535.0,78849.74966080896,16600.0,0.0,13000.0,0.0,0.0,65.0,1.0,3600.0,6.0,240.0,720.0,0.0,0.0,6.0,0.0,73.0,0.0,0.0,0.0
2023-01-11,18118,51.0,51.0,779.8633879781421,0.0,584.0,78844.33022768231,13400.0,0.0,9800.0,0.0,0.0,49.0,1.0,3600.0,6.0,240.0,720.0,0.0,0.0,6.0,0.0,84.0,0.0,0.0,0.0
2023-01-12,18120,49.0,49.0,840.6967213114754,0.0,627.0,78712.54525623978,12200.0,0.0,8600.0,0.0,0.0,43.0,1.0,3600.0,6.0,240.0,720.0,0.0,0.0,6.0,0.0,75.0,0.0,0.0,0.0
2023-01-13,18126,51.0,51.0,911.5027322404371,0.0,680.0,78657.26776366912,14200.0,0.0,10600.0,0.0,0.0,53.0,1.0,3600.0,6.0,240.0,720.0,0.0,0.0,6.0,0.0,73.0,0.0,0.0,0.0
2023-01-14,18124,57.0,57.0,976.3251366120219,0.0,727.0,78992.05157430662,13000.0,0.0,9400.0,0.0,0.0,47.0,1.0,3600.0,6.0,240.0,720.0,0.0,0.0,6.0,0.0,64.0,0.0,0.0,0.0
2023-01-15,18134,45.0,45.0,1051.120218579235,0.0,784.0,78902.92676023357,15000.0,0.0,11400.0,0.0,0.0,57.0,1.0,3600.0,6.0,240.0,720.0,0.0,0.0,6.0,0.0,66.0,0.0,0.0,0.0
2023-01-16,18122,48.0,48.0,1115.9426229508197,0.0,831.0,78766.5242180356,13000.0,0.0,9400.0,0.0,0.0,47.0,1.0,3600.0,6.0,240.0,720.0,0.0,0.0,6.0,0.0,59.0,0.0,0.0,0.0
2023-01-17,18123,45.0,45.0,1178.7704918032787,0.0,876.0,78624.17432067335,12600.0,400.0,8600.0,0.0,0.0,43.0,1.0,3600.0,6.0,240.0,720.0,0.0,0.0,6.0,0.0,64.0,0.0,0.0,0.0
2023-01-18,18123,47.0,47.0,1260.5464480874318,0.0,940.0,78431.77697020402,16400.0,800.0,12000.0,0.0,0.0,60.0,1.0,3600.0,6.0,240.0,720.0,0.0,0.0,6.0,0.0,68.0,0.0,0.0,0.0
2023-01-19,18106,46.0,46.0,1332.3497267759562,0.0,994.0,78324.81946079471,14400.0,200.0,10600.0,0.0,0.0,53.0,1.0,3600.0,6.0,240.0,720.0,0.0,0.0,6.0,0.0,67.0,0.0,0.0,0.0
2023-01-20,18098,63.0,63.0,1398.169398907104,0.0,1042.0,78514.21115716497,13200.0,400.0,9200.0,0.0,0.0,46.0,1.0,3600.0,6.0,240.0,720.0,0.0,0.0,6.0,0.0,64.0,0.0,0.0,0.0
2023-01-21,18113,56.0,56.0,1461.9945355191257,0.0,1088.0,78386.46829877177,12800.0,400.0,8800.0,0.0,0.0,44.0,1.0,3600.0,6.0,240.0,720.0,0.0,0.0,6.0,0.0,62.0,0.0,0.0,0.0
2023-01-22,18123,52.0,52.0,1523.8251366120219,0.0,1132.0,78360.58951122405,12400.0,400.0,8400.0,0.0,0.0,42.0,1.0,3600.0,6.0,240.0,720.0,0.0,0.0,6.0,0.0,88.0,0.0,0.0,0.0
2023-01-23,18131,53.0,53.0,1609.5901639344263,0.0,1200.0,78216.30993318275,17200.0,1000.0,12600.0,0.0,0.0,63.0,1.0,3600.0,6.0,240.0,720.0,0.0,0.0,6.0,0.0,78.0,0.0,0.0,0.0
2023-01-24,18116,57.0,57.0,1677.4043715846994,0.0,1250.0,78113.08920649173,13600.0,1000.0,9000.0,0.0,0.0,45.0,1.0,3600.0,6.0,240.0,720.0,0.0,0.0,6.0,0.0,64.0,0.0,0.0,0.0
2023-01-25,18123,42.0,42.0,1746.2158469945355,0.0,1301.0,77918.57614564396,13800.0,200.0,10000.0,0.0,0.0,50.0,1.0,3600.0,6.0,240.0,720.0,0.0,0.0,6.0,0.0,59.0,0.0,0.0,0.0
2023-01-26,18114,59.0,59.0,1834.9726775956285,0.0,1372.0,77710.45628844455,17800.0,1000.0,13200.0,0.0,0.0,66.0,1.0,3600.0,6.0,240.0,720.0,0.0,0.0,6.0,0.0,69.0,0.0,0.0,0.0
2023-01-27,18102,43.0,43.0,1896.8032786885246,0.0,1416.0,77693.9610010644,12400.0,200.0,8600.0,0.0,0.0,43.0,1.0,3600.0,6.0,240.0,720.0,0.0,0.0,6.0,0.0,57.0,0.0,0.0,0.0
2023-01-28,18101,49.0,49.0,1971.5983606557377,0.0,1473.0,77261.9515262526,15000.0,600.0,10800.0,0.0,0.0,54.0,1.0,3600.0,6.0,240.0,720.0,0.0,0.0,6.0,0.0,78.0,0.0,0.0,0.0
2023-01-29,18093,66.0,66.0,2045.396174863388,0.0,1529.0,77202.96871229642,14800.0,800.0,10400.0,0.0,0.0,52.0,1.0,3600.0,6.0,240.0,720.0,0.0,0.0,6.0,0.0,63.0,0.0,0.0,0.0
2023-01-30,18103,56.0,56.0,2110.218579234973,0.0,1576.0,77125.16116106098,13000.0,200.0,9200.0,0.0,0.0,46.0,1.0,3600.0,6.0,240.0,720.0,0.0,0.0,6.0,0.0,80.0,0.0,0.0,0.0
2023-01-31,18112,47.0,47.0,2186.0109289617485,0.0,1634.0,76996.53551332439,15200.0,600.0,11000.0,0.0,0.0,55.0,1.0,3600.0,6.0,240.0,720.0,0.0,0.0,6.0,0.0,63.0,0.0,0.0,0.0
2023-02-01,18101,59.0,59.0,2263.7978142076504,0.0,1694.0,76898.98890894212,15600.0,800.0,11200.0,0.0,0.0,56.0,1.0,3600.0,6.0,240.0,720.0,0.0,0.0,6.0,0.0,56.0,0.0,0.0,0.0
2023-02-02,18100,52.0,52.0,2341.584699453552,0.0,1754.0,77007.1612552125,15600.0,400.0,11600.0,0.0,0.0,58.0,1.0,3600.0,6.0,240.0,720.0,0.0,0.0,6.0,0.0,63.0,0.0,0.0,0.0
2023-02-03,18092,56.0,56.0,2415.382513661202,0.0,1810.0,76618.44875003814,14800.0,1400.0,9800.0,0.0,0.0,49.0,1.0,3600.0,6.0,240.0,720.0,0.0,0.0,6.0,0.0,81.0,0.0,0.0,0.0
2023-02-04,18092,73.0,73.0,2476.2158469945357,0.0,1853.0,76712.95542768695,12200.0,400.0,8200.0,0.0,0.0,41.0,1.0,3600.0,6.0,240.0,720.0,0.0,0.0,6.0,0.0,67.0,0.0,0.0,0.0
2023-02-05,18122,55.0,55.0,2548.01912568306,0.0,1907.0,76267.36519501568,14400.0,800.0,10000.0,0.0,0.0,50.0,1.0,3600.0,6.0,240.0,720.0,0.0,0.0,6.0,0.0,65.0,0.0,0.0,0.0
2023-02-06,18123,49.0,49.0,2619.8224043715845,0.0,1961.0,76217.60321639868,14400.0,400.0,10400.0,0.0,0.0,52.0,1.0,3600.0,6.0,240.0,720.0,0.0,0.0,6.0,0.0,64.0,0.0,0.0,0.0
2023-02-07,18118,58.0,58.0,2688.6338797814205,0.0,2012.0,76236.34802713429,13800.0,400.0,9800.0,0.0,0.0,49.0,1.0,3600.0,6.0,240.0,720.0,0.0,0.0,6.0,0.0,77.0,0.0,0.0,0.0
2023-02-08,18125,52.0,52.0,2747.4726775956283,0.0,2053.0,76163.1718107081,11800.0,400.0,7800.0,0.0,0.0,39.0,1.0,3600.0,6.0,240.0,720.0,0.0,0.0,6.0,0.0,61.0,0.0,0.0,0.0
2023-02-09,18136,52.0,52.0,2803.3196721311474,0.0,2091.0,76194.9233173819,11200.0,200.0,7400.0,0.0,0.0,37.0,1.0,3600.0,6.0,240.0,720.0,0.0,0.0,6.0,0.0,55.0,0.0,0.0,0.0
2023-02-10,18150,48.0,48.0,2873.1284153005463,0.0,2143.0,76302.09163909747,14000.0,400.0,10000.0,0.0,0.0,50.0,1.0,3600.0,6.0,240.0,720.0,0.0,0.0,6.0,0.0,69.0,0.0,0.0,0.0
2023-02-11,18146,53.0,53.0,2932.9644808743165,0.0,2185.0,76264.25924849651,12000.0,400.0,8000.0,0.0,0.0,40.0,1.0,3600.0,6.0,240.0,720.0,0.0,0.0,6.0,0.0,65.0,0.0,0.0,0.0
2023-02-12,18157,56.0,56.0,3009.7540983606555,0.0,2244.0,76155.87138447374,15400.0,1000.0,10800.0,0.0,0.0,54.0,1.0,3600.0,6.0,240.0,720.0,0.0,0.0,6.0,0.0,71.0,0.0,0.0,0.0
2023-02-13,18154,51.0,51.0,3074.5765027322404,0.0,2291.0,76138.34676030182,13000.0,200.0,9200.0,0.0,0.0,46.0,1.0,3600.0,6.0,240.0,720.0,0.0,0.0,6.0,0.0,69.0,0.0,0.0,0.0
2023-02-14,18158,48.0,48.0,3133.415300546448,0.0,2332.0,76030.36143026035,11800.0,400.0,7800.0,0.0,0.0,39.0,1.0,3600.0,6.0,240.0,720.0,0.0,0.0,6.0,0.0,74.0,0.0,0.0,0.0
2023-02-15,18165,63.0,63.0,3209.207650273224,0.0,2390.0,75897.5841026082,15200.0,1000.0,10600.0,0.0,0.0,53.0,1.0,3600.0,6.0,240.0,720.0,0.0,0.0,6.0,0.0,65.0,0.0,0.0,0.0
2023-02-16,18170,43.0,43.0,3276.024590163934,0.0,2439.0,75842.67392760339,13400.0,400.0,9400.0,0.0,0.0,47.0,1.0,3600.0,6.0,240.0,720.0,0.0,0.0,6.0,0.0,60.0,0.0,0.0,0.0
2023-02-17,18164,51.0,51.0,3348.825136612022,0.0,2494.0,75607.69958795363,14600.0,800.0,10200.0,0.0,0.0,51.0,1.0,3600.0,6.0,240.0,720.0,0.0,0.0,6.0,0.0,73.0,0.0,0.0,0.0
2023-02-18,18160,68.0,68.0,3415.6420765027324,0.0,2543.0,75678.686314619,13400.0,800.0,9000.0,0.0,0.0,45.0,1.0,3600.0,6.0,240.0,720.0,0.0,0.0,6.0,0.0,68.0,0.0,0.0,0.0
2023-02-19,18179,41.0,41.0,3484.4535519125684,0.0,2594.0,75490.42799432448,13800.0,1200.0,9000.0,0.0,0.0,45.0,1.0,3600.0,6.0,240.0,720.0,0.0,0.0,6.0,0.0,89.0,0.0,0.0,0.0
2023-02-20,18169,53.0,53.0,3556.2568306010926,0.0,2648.0,75366.57128361454,14400.0,1200.0,9600.0,0.0,0.0,48.0,1.0,3600.0,6.0,240.0,720.0,0.0,0.0,6.0,0.0,79.0,0.0,0.0,0.0
2023-02-21,18168,54.0,54.0,3639.0300546448084,0.0,2713.0,75277.02818318753,16600.0,800.0,12200.0,0.0,0.0,61.0,1.0,3600.0,6.0,240.0,720.0,0.0,0.0,6.0,0.0,56.0,0.0,0.0,0.0
2023-02-22,18157,46.0,46.0,3706.844262295082,0.0,2763.0,75222.71583558622,13600.0,1000.0,9000.0,0.0,0.0,45.0,1.0,3600.0,6.0,240.0,720.0,0.0,0.0,6.0,0.0,76.0,0.0,0.0,0.0
2023-02-23,18153,50.0,50.0,3785.6284153005463,0.0,2824.0,75136.04604030118,15800.0,1000.0,11200.0,0.0,0.0,56.0,1.0,3600.0,6.0,240.0,720.0,0.0,0.0,6.0,0.0,75.0,0.0,0.0,0.0
2023-02-24,18142,56.0,56.0,3849.4535519125684,0.0,2870.0,75136.11461670176,12800.0,800.0,8400.0,0.0,0.0,42.0,1.0,3600.0,6.0,240.0,720.0,0.0,0.0,6.0,0.0,75.0,0.0,0.0,0.0
2023-02-25,18152,66.0,66.0,3908.292349726776,0.0,2911.0,74945.0219330232,11800.0,800.0,7400.0,0.0,0.0,37.0,1.0,3600.0,6.0,240.0,720.0,0.0,0.0,6.0,0.0,66.0,0.0,0.0,0.0
2023-02-26,18177,50.0,50.0,3988.073770491803,0.0,2973.0,75099.99061396933,16000.0,800.0,11600.0,0.0,0.0,58.0,1.0,3600.0,6.0,240.0,720.0,0.0,0.0,6.0,0.0,78.0,0.0,0.0,0.0
2023-02-27,18165,47.0,47.0,4053.8934426229507,0.0,3021.0,75108.27424940965,13200.0,800.0,8800.0,0.0,0.0,44.0,1.0,3600.0,6.0,240.0,720.0,0.0,0.0,6.0,0.0,73.0,0.0,0.0,0.0
2023-02-28,18164,37.0,37.0,4124.6994535519125,0.0,3074.0,74806.1076609911,14200.0,1000.0,9600.0,0.0,0.0,48.0,1.0,3600.0,6.0,240.0,720.0,0.0,0.0,6.0,0.0,70.0,0.0,0.0,0.0
2023-03-01,18148,48.0,48.0,4195.505464480875,0.0,3127.0,74582.38171147826,14200.0,600.0,10000.0,0.0,0.0,50.0,1.0,3600.0,6.0,240.0,720.0,0.0,0.0,6.0,0.0,58.0,0.0,0.0,0.0
2023-03-02,18143,56.0,56.0,4263.319672131148,0.0,3177.0,74374.0671051405,13600.0,800.0,9200.0,0.0,0.0,46.0,1.0,3600.0,6.0,240.0,720.0,0.0,0.0,6.0,0.0,77.0,0.0,0.0,0.0
2023-03-03,18149,43.0,43.0,4333.128415300546,0.0,3229.0,74244.7834093351,14000.0,400.0,10000.0,0.0,0.0,50.0,1.0,3600.0,6.0,240.0,720.0,0.0,0.0,6.0,0.0,73.0,0.0,0.0,0.0
2023-03-04,18140,50.0,50.0,4398.948087431694,0.0,3277.0,74227.80500019374,13200.0,600.0,9000.0,0.0,0.0,45.0,1.0,3600.0,6.0,240.0,720.0,0.0,0.0,6.0,0.0,67.0,0.0,0.0,0.0
2023-03-05,18142,43.0,43.0,4482.718579234972,0.0,3343.0,74102.81281930472,16800.0,400.0,12800.0,0.0,0.0,64.0,1.0,3600.0,6.0,240.0,720.0,0.0,0.0,6.0,0.0,57.0,0.0,0.0,0.0
2023-03-06,18119,50.0,50.0,4559.508196721311,0.0,3402.0,73714.20139909837,15400.0,400.0,11400.0,0.0,0.0,57.0,1.0,3600.0,6.0,240.0,720.0,0.0,0.0,6.0,0.0,66.0,0.0,0.0,0.0
2023-03-07,18110,49.0,49.0,4622.336065573771,0.0,3447.0,73638.16294137485,12600.0,400.0,8600.0,0.0,0.0,43.0,1.0,3600.0,6.0,240.0,720.0,0.0,0.0,6.0,0.0,62.0,0.0,0.0,0.0
2023-03-08,18114,51.0,51.0,4694.139344262295,0.0,3501.0,73487.30466235273,14400.0,600.0,10200.0,0.0,0.0,51.0,1.0,3600.0,6.0,240.0,720.0,0.0,0.0,6.0,0.0,78.0,0.0,0.0,0.0
2023-03-09,18111,45.0,45.0,4756.967213114754,0.0,3546.0,73298.14258865634,12600.0,600.0,8400.0,0.0,0.0,42.0,1.0,3600.0,6.0,240.0,720.0,0.0,0.0,6.0,0.0,66.0,0.0,0.0,0.0
2023-03-10,18111,49.0,49.0,4834.754098360656,0.0,3606.0,73350.31874943375,15600.0,200.0,11800.0,0.0,0.0,59.0,1.0,3600.0,6.0,240.0,720.0,0.0,0.0,6.0,0.0,72.0,0.0,0.0,0.0
2023-03-11,18100,59.0,59.0,4917.527322404372,0.0,3671.0,73091.41280526617,16600.0,600.0,12400.0,0.0,0.0,62.0,1.0,3600.0,6.0,240.0,720.0,0.0,0.0,6.0,0.0,67.0,0.0,0.0,0.0
2023-03-12,18094,73.0,73.0,4987.336065573771,0.0,3723.0,73157.87753409774,14000.0,800.0,9600.0,0.0,0.0,48.0,1.0,3600.0,6.0,240.0,720.0,0.0,0.0,6.0,0.0,59.0,0.0,0.0,0.0
2023-03-13,18115,50.0,50.0,5053.1557377049185,0.0,3771.0,73241.62582253825,13200.0,400.0,9200.0,0.0,0.0,46.0,1.0,3600.0,6.0,240.0,720.0,0.0,0.0,6.0,0.0,82.0,0.0,0.0,0.0
2023-03-14,18117,60.0,60.0,5124.959016393443,0.0,3825.0,72982.30210696059,14400.0,200.0,10600.0,0.0,0.0,53.0,1.0,3600.0,6.0,240.0,720.0,0.0,0.0,6.0,0.0,68.0,0.0,0.0,0.0
2023-03-15,18123,59.0,59.0,5205.737704918033,0.0,3888.0,72604.5393861413,16200.0,800.0,11800.0,0.0,0.0,59.0,1.0,3600.0,6.0,240.0,720.0,0.0,0.0,6.0,0.0,86.0,0.0,0.0,0.0
2023-03-16,18119,55.0,55.0,5270.560109289617,0.0,3935.0,72534.44295364959,13000.0,800.0,8600.0,0.0,0.0,43.0,1.0,3600.0,6.0,240.0,720.0,0.0,0.0,6.0,0.0,77.0,0.0,0.0,0.0
2023-03-17,18127,52.0,52.0,5337.377049180327,0.0,3984.0,72562.63721612238,13400.0,600.0,9200.0,0.0,0.0,46.0,1.0,3600.0,6.0,240.0,720.0,0.0,0.0,6.0,0.0,80.0,0.0,0.0,0.0
2023-03-18,18130,43.0,43.0,5418.155737704918,0.0,4047.0,72413.8220216951,16200.0,600.0,12000.0,0.0,0.0,60.0,1.0,3600.0,6.0,240.0,720.0,0.0,0.0,6.0,0.0,65.0,0.0,0.0,0.0
2023-03-19,18110,45.0,45.0,5483.975409836066,0.0,4095.0,72450.5268278143,13200.0,400.0,9200.0,0.0,0.0,46.0,1.0,3600.0,6.0,240.0,720.0,0.0,0.0,6.0,0.0,66.0,0.0,0.0,0.0
2023-03-20,18107,54.0,54.0,5538.825136612021,0.0,4132.0,72285.36174009844,11000.0,600.0,6800.0,0.0,0.0,34.0,1.0,3600.0,6.0,240.0,720.0,0.0,0.0,6.0,0.0,56.0,0.0,0.0,0.0
2023-03-21,18124,58.0,58.0,5606.639344262295,0.0,4182.0,72133.21368641526,13600.0,1200.0,8800.0,0.0,0.0,44.0,1.0,3600.0,6.0,240.0,720.0,0.0,0.0,6.0,0.0,63.0,0.0,0.0,0.0
2023-03-22,18132,49.0,49.0,5677.445355191257,0.0,4235.0,72086.27035885786,14200.0,0.0,10600.0,0.0,0.0,53.0,1.0,3600.0,6.0,240.0,720.0,0.0,0.0,6.0,0.0,63.0,0.0,0.0,0.0
2023-03-23,18128,42.0,42.0,5742.267759562841,0.0,4282.0,72337.66506395578,13000.0,200.0,9200.0,0.0,0.0,46.0,1.0,3600.0,6.0,240.0,720.0,0.0,0.0,6.0,0.0,71.0,0.0,0.0,0.0
2023-03-24,18123,43.0,43.0,5805.095628415301,0.0,4327.0,72267.14730014521,12600.0,400.0,8600.0,0.0,0.0,43.0,1.0,3600.0,6.0,240.0,720.0,0.0,0.0,6.0,0.0,82.0,0.0,0.0,0.0
2023-03-25,18121,44.0,44.0,5846.980874316939,0.0,4363.0,72188.58557750471,8400.0,400.0,6800.0,0.0,0.0,34.0,1.0,1200.0,2.0,90.0,240.0,0.0,0.0,2.0,0.0,18.0,0.0,0.0,0.0
2023-03-26,18129,59.0,59.0,5888.8661202185785,0.0,4405.0,72214.5472391075,8400.0,400.0,8000.0,0.0,0.0,40.0,1.0,0.0,0.0,0.0,0.0,0.0,0.0,0.0,0.0,0.0,0.0,0.0,0.0
2023-03-27,18146,55.0,55.0,5940.724043715846,0.0,4457.0,71735.32300813885,10400.0,1600.0,8800.0,0.0,0.0,44.0,1.0,0.0,0.0,0.0,0.0,0.0,0.0,0.0,0.0,0.0,0.0,0.0,0.0
2023-03-28,18149,57.0,57.0,6001.55737704918,0.0,4518.0,71461.33854316475,12200.0,1000.0,11200.0,0.0,0.0,56.0,1.0,0.0,0.0,0.0,0.0,0.0,0.0,0.0,0.0,0.0,0.0,0.0,0.0
2023-03-29,18145,44.0,44.0,6057.404371584699,0.0,4574.0,71270.14986354596,11200.0,1400.0,9800.0,0.0,0.0,49.0,1.0,0.0,0.0,0.0,0.0,0.0,0.0,0.0,0.0,0.0,0.0,0.0,0.0
2023-03-30,18133,43.0,43.0,6123.224043715846,0.0,4640.0,71181.79999470573,13200.0,1600.0,11600.0,0.0,0.0,58.0,1.0,0.0,0.0,0.0,0.0,0.0,0.0,0.0,0.0,0.0,0.0,0.0,0.0
2023-03-31,18110,51.0,51.0,6176.079234972678,0.0,4693.0,71169.65505233308,10600.0,1600.0,9000.0,0.0,0.0,45.0,1.0,0.0,0.0,0.0,0.0,0.0,0.0,0.0,0.0,0.0,0.0,0.0,0.0
2023-04-01,18108,61.0,61.0,6245.887978142077,0.0,4763.0,70796.44354746095,14000.0,2600.0,11400.0,0.0,0.0,57.0,1.0,0.0,0.0,0.0,0.0,0.0,0.0,0.0,0.0,0.0,0.0,0.0,0.0
2023-04-02,18099,54.0,54.0,6304.726775956285,0.0,4822.0,70532.73561133414,11800.0,3000.0,8800.0,0.0,0.0,44.0,1.0,0.0,0.0,0.0,0.0,0.0,0.0,0.0,0.0,0.0,0.0,0.0,0.0
2023-04-03,18094,48.0,48.0,6363.565573770492,0.0,4881.0,70066.50210874189,11800.0,4000.0,7800.0,0.0,0.0,39.0,1.0,0.0,0.0,0.0,0.0,0.0,0.0,0.0,0.0,0.0,0.0,0.0,0.0
2023-04-04,18083,46.0,46.0,6431.3797814207655,0.0,4949.0,69339.59516918565,13600.0,5000.0,8600.0,0.0,0.0,43.0,1.0,0.0,0.0,0.0,0.0,0.0,0.0,0.0,0.0,0.0,0.0,0.0,0.0
2023-04-05,18061,46.0,46.0,6505.177595628416,0.0,5023.0,68738.48171713806,14800.0,4800.0,10000.0,0.0,0.0,50.0,1.0,0.0,0.0,0.0,0.0,0.0,0.0,0.0,0.0,0.0,0.0,0.0,0.0
2023-04-06,18033,60.0,60.0,6569.002732240438,0.0,5087.0,68270.95700941895,12800.0,5200.0,7600.0,0.0,0.0,38.0,1.0,0.0,0.0,0.0,0.0,0.0,0.0,0.0,0.0,0.0,0.0,0.0,0.0
2023-04-07,18029,42.0,42.0,6660.751366120218,0.0,5179.0,67679.42214850002,18400.0,6400.0,12000.0,0.0,0.0,60.0,1.0,0.0,0.0,0.0,0.0,0.0,0.0,0.0,0.0,0.0,0.0,0.0,0.0
2023-04-08,17979,53.0,53.0,6763.469945355191,0.0,5282.0,66900.44348686867,20600.0,8200.0,12400.0,0.0,0.0,62.0,1.0,0.0,0.0,0.0,0.0,0.0,0.0,0.0,0.0,0.0,0.0,0.0,0.0
2023-04-09,17929,58.0,58.0,6866.188524590164,0.0,5385.0,66192.98741631539,20600.0,8600.0,12000.0,0.0,0.0,60.0,1.0,0.0,0.0,0.0,0.0,0.0,0.0,0.0,0.0,0.0,0.0,0.0,0.0
2023-04-10,17884,44.0,44.0,6965.915300546448,0.0,5485.0,65340.846540572704,20000.0,9600.0,10400.0,0.0,0.0,52.0,1.0,0.0,0.0,0.0,0.0,0.0,0.0,0.0,0.0,0.0,0.0,0.0,0.0
2023-04-11,17828,53.0,53.0,7058.661202185793,0.0,5578.0,64622.713254522605,18600.0,10000.0,8600.0,0.0,0.0,43.0,1.0,0.0,0.0,0.0,0.0,0.0,0.0,0.0,0.0,0.0,0.0,0.0,0.0
2023-04-12,17788,57.0,57.0,7145.4234972677605,0.0,5665.0,64128.776631095505,17400.0,10000.0,7400.0,0.0,0.0,37.0,1.0,0.0,0.0,0.0,0.0,0.0,0.0,0.0,0.0,0.0,0.0,0.0,0.0
2023-04-13,17758,49.0,49.0,7245.150273224044,0.0,5765.0,63155.98874991344,20000.0,10000.0,10000.0,0.0,0.0,50.0,1.0,0.0,0.0,0.0,0.0,0.0,0.0,0.0,0.0,0.0,0.0,0.0,0.0
2023-04-14,17707,51.0,51.0,7339.890710382514,0.0,5860.0,62732.775854887084,19000.0,10000.0,9000.0,0.0,0.0,45.0,1.0,0.0,0.0,0.0,0.0,0.0,0.0,0.0,0.0,0.0,0.0,0.0,0.0
2023-04-15,17663,55.0,55.0,7448.592896174863,0.0,5969.0,62220.441868177484,21800.0,10000.0,11800.0,0.0,0.0,59.0,1.0,0.0,0.0,0.0,0.0,0.0,0.0,0.0,0.0,0.0,0.0,0.0,0.0
2023-04-16,17609,50.0,50.0,7540.341530054645,0.0,6061.0,61734.83496650463,18400.0,10000.0,8400.0,0.0,0.0,42.0,1.0,0.0,0.0,0.0,0.0,0.0,0.0,0.0,0.0,0.0,0.0,0.0,0.0
2023-04-17,17567,48.0,48.0,7632.0901639344265,0.0,6153.0,61450.435989766636,18400.0,10000.0,8400.0,0.0,0.0,42.0,1.0,0.0,0.0,0.0,0.0,0.0,0.0,0.0,0.0,0.0,0.0,0.0,0.0
2023-04-18,17523,40.0,40.0,7715.860655737704,0.0,6237.0,60779.98377837227,16800.0,10000.0,6800.0,0.0,0.0,34.0,1.0,0.0,0.0,0.0,0.0,0.0,0.0,0.0,0.0,0.0,0.0,0.0,0.0
2023-04-19,17479,51.0,51.0,7802.622950819671,0.0,6324.0,59764.91842748649,17400.0,10000.0,7400.0,0.0,0.0,37.0,1.0,0.0,0.0,0.0,0.0,0.0,0.0,0.0,0.0,0.0,0.0,0.0,0.0
2023-04-20,17443,54.0,54.0,7892.377049180329,0.0,6414.0,59311.37545527671,18000.0,9800.0,8200.0,0.0,0.0,41.0,1.0,0.0,0.0,0.0,0.0,0.0,0.0,0.0,0.0,0.0,0.0,0.0,0.0
2023-04-21,17407,53.0,53.0,7977.144808743169,0.0,6499.0,58550.06568307055,17000.0,10000.0,7000.0,0.0,0.0,35.0,1.0,0.0,0.0,0.0,0.0,0.0,0.0,0.0,0.0,0.0,0.0,0.0,0.0
2023-04-22,17375,54.0,54.0,8070.8879781420765,0.0,6593.0,58024.92547241352,18800.0,10000.0,8800.0,0.0,0.0,44.0,1.0,0.0,0.0,0.0,0.0,0.0,0.0,0.0,0.0,0.0,0.0,0.0,0.0
2023-04-23,17335,48.0,48.0,8169.617486338798,0.0,6692.0,57777.73737709124,19800.0,10000.0,9800.0,0.0,0.0,49.0,1.0,0.0,0.0,0.0,0.0,0.0,0.0,0.0,0.0,0.0,0.0,0.0,0.0
2023-04-24,17284,57.0,57.0,8259.371584699455,0.0,6782.0,57710.24364091948,18000.0,9800.0,8200.0,0.0,0.0,41.0,1.0,0.0,0.0,0.0,0.0,0.0,0.0,0.0,0.0,0.0,0.0,0.0,0.0
2023-04-25,17251,51.0,51.0,8355.109289617487,0.0,6878.0,57379.87637418421,19200.0,9800.0,9400.0,0.0,0.0,47.0,1.0,0.0,0.0,0.0,0.0,0.0,0.0,0.0,0.0,0.0,0.0,0.0,0.0
2023-04-26,17206,48.0,48.0,8465.80601092896,0.0,6989.0,56668.733189962695,22200.0,10000.0,12200.0,0.0,0.0,61.0,1.0,0.0,0.0,0.0,0.0,0.0,0.0,0.0,0.0,0.0,0.0,0.0,0.0
2023-04-27,17143,54.0,54.0,8561.543715846994,0.0,7085.0,56488.01148715242,19200.0,9800.0,9400.0,0.0,0.0,47.0,1.0,0.0,0.0,0.0,0.0,0.0,0.0,0.0,0.0,0.0,0.0,0.0,0.0
2023-04-28,17101,58.0,58.0,8651.297814207652,0.0,7175.0,56162.319474689204,18000.0,10000.0,8000.0,0.0,0.0,40.0,1.0,0.0,0.0,0.0,0.0,0.0,0.0,0.0,0.0,0.0,0.0,0.0,0.0
2023-04-29,17069,52.0,52.0,8734.071038251366,0.0,7258.0,55641.3466587137,16600.0,10000.0,6600.0,0.0,0.0,33.0,1.0,0.0,0.0,0.0,0.0,0.0,0.0,0.0,0.0,0.0,0.0,0.0,0.0
2023-04-30,17038,56.0,56.0,8826.81693989071,0.0,7351.0,55150.07819268072,18600.0,10000.0,8600.0,0.0,0.0,43.0,1.0,0.0,0.0,0.0,0.0,0.0,0.0,0.0,0.0,0.0,0.0,0.0,0.0
2023-05-01,17001,50.0,50.0,8922.554644808744,0.0,7447.0,54496.31720867808,19200.0,10000.0,9200.0,0.0,0.0,46.0,1.0,0.0,0.0,0.0,0.0,0.0,0.0,0.0,0.0,0.0,0.0,0.0,0.0
2023-05-02,16955,62.0,62.0,9032.254098360654,0.0,7539.0,54078.84888478008,22000.0,7800.0,10600.0,0.0,0.0,53.0,1.0,3600.0,6.0,240.0,720.0,23.0,0.0,6.0,0.0,25.0,0.0,0.0,0.0
2023-05-03,16925,52.0,52.0,9112.035519125684,0.0,7601.0,53912.91476664382,16000.0,5200.0,7200.0,0.0,0.0,36.0,1.0,3600.0,6.0,240.0,720.0,29.0,0.0,6.0,0.0,34.0,0.0,0.0,0.0
2023-05-04,16915,52.0,52.0,9180.84699453552,0.0,7652.0,53941.88108490758,13800.0,3400.0,6800.0,0.0,0.0,34.0,1.0,3600.0,6.0,240.0,720.0,25.0,0.0,6.0,0.0,21.0,0.0,0.0,0.0
2023-05-05,16916,55.0,55.0,9251.65300546448,0.0,7705.0,53987.7254681596,14200.0,1600.0,9000.0,0.0,0.0,45.0,1.0,3600.0,6.0,240.0,720.0,34.0,0.0,6.0,0.0,28.0,0.0,0.0,0.0
2023-05-06,16918,51.0,51.0,9312.486338797815,0.0,7748.0,54082.27655191751,12200.0,0.0,8600.0,0.0,0.0,43.0,1.0,3600.0,6.0,240.0,720.0,26.0,0.0,6.0,0.0,21.0,0.0,0.0,0.0
2023-05-07,16926,53.0,53.0,9371.325136612022,0.0,7789.0,54156.39505983834,11800.0,0.0,8200.0,0.0,0.0,41.0,1.0,3600.0,6.0,240.0,720.0,28.0,0.0,6.0,0.0,27.0,0.0,0.0,0.0
2023-05-08,16938,41.0,41.0,9440.136612021857,0.0,7840.0,54174.22526084324,13800.0,0.0,10200.0,0.0,0.0,51.0,1.0,3600.0,6.0,240.0,720.0,34.0,0.0,6.0,0.0,20.0,0.0,0.0,0.0
2023-05-09,16928,49.0,49.0,9503.96174863388,0.0,7886.0,54219.226921243564,12800.0,0.0,9200.0,0.0,0.0,46.0,1.0,3600.0,6.0,240.0,720.0,20.0,0.0,6.0,0.0,19.0,0.0,0.0,0.0
2023-05-10,16931,57.0,57.0,9558.811475409837,0.0,7923.0,54445.499202789935,11000.0,0.0,7400.0,0.0,0.0,37.0,1.0,3600.0,6.0,240.0,720.0,26.0,0.0,6.0,0.0,28.0,0.0,0.0,0.0
2023-05-11,16951,41.0,41.0,9618.647540983606,0.0,7965.0,54504.74525325745,12000.0,0.0,8400.0,0.0,0.0,42.0,1.0,3600.0,6.0,240.0,720.0,25.0,0.0,6.0,0.0,25.0,0.0,0.0,0.0
2023-05-12,16950,49.0,49.0,9686.46174863388,0.0,8015.0,54447.32672864801,13600.0,0.0,10000.0,0.0,0.0,50.0,1.0,3600.0,6.0,240.0,720.0,42.0,0.0,6.0,0.0,22.0,0.0,0.0,0.0
2023-05-13,16949,55.0,55.0,9750.286885245901,0.0,8061.0,54573.333001919586,12800.0,0.0,9200.0,0.0,0.0,46.0,1.0,3600.0,6.0,240.0,720.0,38.0,0.0,6.0,0.0,23.0,0.0,0.0,0.0
2023-05-14,16958,51.0,51.0,9807.131147540984,0.0,8100.0,54730.106258758264,11400.0,0.0,7800.0,0.0,0.0,39.0,1.0,3600.0,6.0,240.0,720.0,27.0,0.0,6.0,0.0,24.0,0.0,0.0,0.0
2023-05-15,16970,49.0,49.0,9868.96174863388,0.0,8144.0,54711.96359100035,12400.0,0.0,8800.0,0.0,0.0,44.0,1.0,3600.0,6.0,240.0,720.0,27.0,0.0,6.0,0.0,30.0,0.0,0.0,0.0
2023-05-16,16975,61.0,61.0,9917.827868852459,0.0,8175.0,54846.83670684121,9800.0,0.0,6200.0,0.0,0.0,31.0,1.0,3600.0,6.0,240.0,720.0,34.0,0.0,6.0,0.0,19.0,0.0,0.0,0.0
2023-05-17,17005,64.0,64.0,9973.674863387978,0.0,8213.0,55031.989352193756,11200.0,0.0,7600.0,0.0,0.0,38.0,1.0,3600.0,6.0,240.0,720.0,34.0,0.0,6.0,0.0,14.0,0.0,0.0,0.0
2023-05-18,17031,46.0,46.0,10038.497267759562,0.0,8260.0,54991.91746729381,13000.0,600.0,8800.0,0.0,0.0,44.0,1.0,3600.0,6.0,240.0,720.0,23.0,0.0,6.0,0.0,24.0,0.0,0.0,0.0
2023-05-19,17030,64.0,64.0,10103.319672131147,0.0,8307.0,55109.47316337044,13000.0,1400.0,8000.0,0.0,0.0,40.0,1.0,3600.0,6.0,240.0,720.0,26.0,0.0,6.0,0.0,25.0,0.0,0.0,0.0
2023-05-20,17047,50.0,50.0,10179.112021857924,0.0,8365.0,55205.15995879336,15200.0,1000.0,10600.0,0.0,0.0,53.0,1.0,3600.0,6.0,240.0,720.0,29.0,0.0,6.0,0.0,19.0,0.0,0.0,0.0
2023-05-21,17039,55.0,55.0,10236.95355191257,0.0,8405.0,55181.82852731246,11600.0,600.0,7400.0,0.0,0.0,37.0,1.0,3600.0,6.0,240.0,720.0,23.0,0.0,6.0,0.0,14.0,0.0,0.0,0.0
2023-05-22,17054,47.0,47.0,10309.754098360654,0.0,8460.0,55131.42903149979,14600.0,800.0,10200.0,0.0,0.0,51.0,1.0,3600.0,6.0,240.0,720.0,28.0,0.0,6.0,0.0,24.0,0.0,0.0,0.0
2023-05-23,17046,63.0,63.0,10365.601092896175,0.0,8498.0,55250.53227907654,11200.0,0.0,7600.0,0.0,0.0,38.0,1.0,3600.0,6.0,240.0,720.0,41.0,0.0,6.0,0.0,22.0,0.0,0.0,0.0
2023-05-24,17071,38.0,38.0,10436.407103825137,0.0,8551.0,55165.4978518674,14200.0,800.0,9800.0,0.0,0.0,49.0,1.0,3600.0,6.0,240.0,720.0,32.0,0.0,6.0,0.0,22.0,0.0,0.0,0.0
2023-05-25,17056,57.0,57.0,10515.191256830602,0.0,8612.0,55323.58681640949,15800.0,800.0,11400.0,0.0,0.0,57.0,1.0,3600.0,6.0,240.0,720.0,24.0,0.0,6.0,0.0,30.0,0.0,0.0,0.0
2023-05-26,17052,33.0,33.0,10583.005464480875,0.0,8662.0,55231.6216386811,13600.0,400.0,9600.0,0.0,0.0,48.0,1.0,3600.0,6.0,240.0,720.0,28.0,0.0,6.0,0.0,26.0,0.0,0.0,0.0
2023-05-27,17035,44.0,44.0,10638.852459016394,0.0,8700.0,55206.70652222683,11200.0,600.0,7000.0,0.0,0.0,35.0,1.0,3600.0,6.0,240.0,720.0,31.0,0.0,6.0,0.0,23.0,0.0,0.0,0.0
2023-05-28,17041,49.0,49.0,10704.672131147541,0.0,8748.0,55270.248490238606,13200.0,600.0,9000.0,0.0,0.0,45.0,1.0,3600.0,6.0,240.0,720.0,25.0,0.0,6.0,0.0,25.0,0.0,0.0,0.0
2023-05-29,17042,51.0,51.0,10761.516393442622,0.0,8787.0,55303.00404032347,11400.0,1200.0,6600.0,0.0,0.0,33.0,1.0,3600.0,6.0,240.0,720.0,29.0,0.0,6.0,0.0,21.0,0.0,0.0,0.0
2023-05-30,17054,35.0,35.0,10817.363387978143,0.0,8825.0,55367.62355462128,11200.0,600.0,7000.0,0.0,0.0,35.0,1.0,3600.0,6.0,240.0,720.0,28.0,0.0,6.0,0.0,18.0,0.0,0.0,0.0
2023-05-31,17051,50.0,50.0,10890.163934426231,0.0,8880.0,55343.97000134406,14600.0,1200.0,9800.0,0.0,0.0,49.0,1.0,3600.0,6.0,240.0,720.0,28.0,0.0,6.0,0.0,18.0,0.0,0.0,0.0
2023-06-01,17046,48.0,48.0,10955.983606557378,0.0,8928.0,55230.254692092385,13200.0,600.0,9000.0,0.0,0.0,45.0,1.0,3600.0,6.0,240.0,720.0,33.0,0.0,6.0,0.0,26.0,0.0,0.0,0.0
2023-06-02,17046,44.0,44.0,11013.825136612022,0.0,8968.0,55350.86079192385,11600.0,200.0,7800.0,0.0,0.0,39.0,1.0,3600.0,6.0,240.0,720.0,18.0,0.0,6.0,0.0,36.0,0.0,0.0,0.0
2023-06-03,17050,46.0,46.0,11076.653005464479,0.0,9013.0,55377.8846643073,12600.0,600.0,8400.0,0.0,0.0,42.0,1.0,3600.0,6.0,240.0,720.0,30.0,0.0,6.0,0.0,23.0,0.0,0.0,0.0
2023-06-04,17051,44.0,44.0,11140.478142076503,0.0,9059.0,55244.93879039492,12800.0,400.0,8800.0,0.0,0.0,44.0,1.0,3600.0,6.0,240.0,720.0,33.0,0.0,6.0,0.0,19.0,0.0,0.0,0.0
2023-06-05,17049,45.0,45.0,11200.314207650274,0.0,9101.0,55265.79085230924,12000.0,200.0,8200.0,0.0,0.0,41.0,1.0,3600.0,6.0,240.0,720.0,26.0,0.0,6.0,0.0,20.0,0.0,0.0,0.0
2023-06-06,17052,51.0,51.0,11263.142076502734,0.0,9146.0,55284.523209003215,12600.0,600.0,8400.0,0.0,0.0,42.0,1.0,3600.0,6.0,240.0,720.0,27.0,0.0,6.0,0.0,31.0,0.0,0.0,0.0
2023-06-07,17058,50.0,50.0,11333.948087431692,0.0,9199.0,55301.56908913986,14200.0,200.0,10400.0,0.0,0.0,52.0,1.0,3600.0,6.0,240.0,720.0,35.0,0.0,6.0,0.0,25.0,0.0,0.0,0.0
2023-06-08,17055,48.0,48.0,11407.745901639346,0.0,9255.0,55328.607993134974,14800.0,1000.0,10200.0,0.0,0.0,51.0,1.0,3600.0,6.0,240.0,720.0,32.0,0.0,6.0,0.0,22.0,0.0,0.0,0.0
2023-06-09,17047,40.0,40.0,11483.538251366122,0.0,9313.0,55371.16510983014,15200.0,600.0,11000.0,0.0,0.0,55.0,1.0,3600.0,6.0,240.0,720.0,25.0,0.0,6.0,0.0,24.0,0.0,0.0,0.0
2023-06-10,17029,47.0,47.0,11554.34426229508,0.0,9366.0,55258.76243894383,14200.0,1000.0,9600.0,0.0,0.0,48.0,1.0,3600.0,6.0,240.0,720.0,19.0,0.0,6.0,0.0,22.0,0.0,0.0,0.0
2023-06-11,17023,57.0,57.0,11616.174863387978,0.0,9410.0,55245.1037939722,12400.0,400.0,8400.0,0.0,0.0,42.0,1.0,3600.0,6.0,240.0,720.0,35.0,0.0,6.0,0.0,28.0,0.0,0.0,0.0
2023-06-12,17036,54.0,54.0,11681.994535519125,0.0,9458.0,55212.484947707664,13200.0,400.0,9200.0,0.0,0.0,46.0,1.0,3600.0,6.0,240.0,720.0,24.0,0.0,6.0,0.0,22.0,0.0,0.0,0.0
2023-06-13,17042,50.0,50.0,11739.836065573769,0.0,9498.0,55324.36480304606,11600.0,0.0,8000.0,0.0,0.0,40.0,1.0,3600.0,6.0,240.0,720.0,32.0,0.0,6.0,0.0,21.0,0.0,0.0,0.0
2023-06-14,17052,50.0,50.0,11807.650273224042,0.0,9548.0,55280.09097511974,13600.0,800.0,9200.0,0.0,0.0,46.0,1.0,3600.0,6.0,240.0,720.0,24.0,0.0,6.0,0.0,21.0,0.0,0.0,0.0
2023-06-15,17052,42.0,42.0,11867.486338797815,0.0,9590.0,55229.60850311046,12000.0,400.0,8000.0,0.0,0.0,40.0,1.0,3600.0,6.0,240.0,720.0,31.0,0.0,6.0,0.0,19.0,0.0,0.0,0.0
2023-06-16,17052,53.0,53.0,11931.311475409835,0.0,9636.0,55253.39347918552,12800.0,800.0,8400.0,0.0,0.0,42.0,1.0,3600.0,6.0,240.0,720.0,33.0,0.0,6.0,0.0,23.0,0.0,0.0,0.0
2023-06-17,17059,44.0,44.0,11994.139344262294,0.0,9681.0,55276.1415226112,12600.0,200.0,8800.0,0.0,0.0,44.0,1.0,3600.0,6.0,240.0,720.0,23.0,0.0,6.0,0.0,22.0,0.0,0.0,0.0
2023-06-18,17058,58.0,58.0,12064.945355191256,0.0,9734.0,55017.48593775649,14200.0,2200.0,8400.0,0.0,0.0,42.0,1.0,3600.0,6.0,240.0,720.0,28.0,0.0,6.0,0.0,20.0,0.0,0.0,0.0
2023-06-19,17063,38.0,38.0,12122.786885245901,0.0,9774.0,54967.15709421979,11600.0,600.0,7400.0,0.0,0.0,37.0,1.0,3600.0,6.0,240.0,720.0,31.0,0.0,6.0,0.0,32.0,0.0,0.0,0.0
2023-06-20,17061,51.0,51.0,12198.579234972678,0.0,9832.0,54974.996110861764,15200.0,200.0,11400.0,0.0,0.0,57.0,1.0,3600.0,6.0,240.0,720.0,40.0,0.0,6.0,0.0,17.0,0.0,0.0,0.0
2023-06-21,17054,52.0,52.0,12248.442622950819,0.0,9864.0,55117.16238870179,10000.0,400.0,6000.0,0.0,0.0,30.0,1.0,3600.0,6.0,240.0,720.0,41.0,0.0,6.0,0.0,24.0,0.0,0.0,0.0
2023-06-22,17074,52.0,52.0,12322.240437158469,0.0,9920.0,54991.61734054938,14800.0,1000.0,10200.0,0.0,0.0,51.0,1.0,3600.0,6.0,240.0,720.0,23.0,0.0,6.0,0.0,17.0,0.0,0.0,0.0
2023-06-23,17070,57.0,57.0,12402.021857923497,0.0,9982.0,54878.43289798525,16000.0,1400.0,11000.0,0.0,0.0,55.0,1.0,3600.0,6.0,240.0,720.0,35.0,0.0,6.0,0.0,17.0,0.0,0.0,0.0
2023-06-24,17065,60.0,60.0,12468.838797814207,0.0,10031.0,54836.4217869065,13400.0,1400.0,8400.0,0.0,0.0,42.0,1.0,3600.0,6.0,240.0,720.0,41.0,0.0,6.0,0.0,20.0,0.0,0.0,0.0
2023-06-25,17076,62.0,62.0,12535.65573770492,0.0,10080.0,55165.90737600435,13400.0,800.0,9000.0,0.0,0.0,45.0,1.0,3600.0,6.0,240.0,720.0,35.0,0.0,6.0,0.0,22.0,0.0,0.0,0.0
2023-06-26,17089,47.0,47.0,12593.497267759563,0.0,10120.0,54996.8656991311,11600.0,800.0,7200.0,0.0,0.0,36.0,1.0,3600.0,6.0,240.0,720.0,35.0,0.0,6.0,0.0,23.0,0.0,0.0,0.0
2023-06-27,17096,48.0,48.0,12660.314207650274,0.0,10169.0,55132.56821054301,13400.0,600.0,9200.0,0.0,0.0,46.0,1.0,3600.0,6.0,240.0,720.0,29.0,0.0,6.0,0.0,29.0,0.0,0.0,0.0
2023-06-28,17095,60.0,60.0,12715.163934426231,0.0,10206.0,55216.92035073266,11000.0,0.0,7400.0,0.0,0.0,37.0,1.0,3600.0,6.0,240.0,720.0,31.0,0.0,6.0,0.0,24.0,0.0,0.0,0.0
2023-06-29,17118,63.0,63.0,12774.002732240437,0.0,10247.0,55324.86390072432,11800.0,400.0,7800.0,0.0,0.0,39.0,1.0,3600.0,6.0,240.0,720.0,29.0,0.0,6.0,0.0,19.0,0.0,0.0,0.0
2023-06-30,17140,56.0,56.0,12839.822404371585,0.0,10295.0,55181.31388674312,13200.0,600.0,9000.0,0.0,0.0,45.0,1.0,3600.0,6.0,240.0,720.0,22.0,0.0,6.0,0.0,24.0,0.0,0.0,0.0
2023-07-01,17148,40.0,40.0,12908.63387978142,0.0,10346.0,55148.50192762913,13800.0,800.0,9400.0,0.0,0.0,47.0,1.0,3600.0,6.0,240.0,720.0,36.0,0.0,6.0,0.0,17.0,0.0,0.0,0.0
2023-07-02,17137,45.0,45.0,12992.4043715847,0.0,10412.0,54713.920878421384,16800.0,1000.0,12200.0,0.0,0.0,61.0,1.0,3600.0,6.0,240.0,720.0,33.0,0.0,6.0,0.0,24.0,0.0,0.0,0.0
2023-07-03,17116,43.0,43.0,13056.22950819672,0.0,10458.0,54722.83649344326,12800.0,400.0,8800.0,0.0,0.0,44.0,1.0,3600.0,6.0,240.0,720.0,24.0,0.0,6.0,0.0,20.0,0.0,0.0,0.0
2023-07-04,17113,62.0,62.0,13137.008196721312,0.0,10521.0,54855.37845880847,16200.0,400.0,12200.0,0.0,0.0,61.0,1.0,3600.0,6.0,240.0,720.0,16.0,0.0,6.0,0.0,25.0,0.0,0.0,0.0
2023-07-05,17112,51.0,51.0,13207.814207650274,0.0,10574.0,54753.569682667294,14200.0,1400.0,9200.0,0.0,0.0,46.0,1.0,3600.0,6.0,240.0,720.0,35.0,0.0,6.0,0.0,21.0,0.0,0.0,0.0
2023-07-06,17110,51.0,51.0,13276.625683060109,0.0,10625.0,54751.73977554897,13800.0,400.0,9800.0,0.0,0.0,49.0,1.0,3600.0,6.0,240.0,720.0,21.0,0.0,6.0,0.0,22.0,0.0,0.0,0.0
2023-07-07,17110,53.0,53.0,13350.423497267759,0.0,10681.0,54763.90880041441,14800.0,600.0,10600.0,0.0,0.0,53.0,1.0,3600.0,6.0,240.0,720.0,43.0,0.0,6.0,0.0,20.0,0.0,0.0,0.0
2023-07-08,17107,42.0,42.0,13427.213114754099,0.0,10740.0,54831.36334708267,15400.0,600.0,11200.0,0.0,0.0,56.0,1.0,3600.0,6.0,240.0,720.0,29.0,0.0,6.0,0.0,17.0,0.0,0.0,0.0
2023-07-09,17090,54.0,54.0,13477.076502732241,0.0,10772.0,54907.791676652014,10000.0,0.0,6400.0,0.0,0.0,32.0,1.0,3600.0,6.0,240.0,720.0,34.0,0.0,6.0,0.0,22.0,0.0,0.0,0.0
2023-07-10,17112,49.0,49.0,13535.915300546447,0.0,10813.0,54987.49596874809,11800.0,400.0,7800.0,0.0,0.0,39.0,1.0,3600.0,6.0,240.0,720.0,31.0,0.0,6.0,0.0,21.0,0.0,0.0,0.0
2023-07-11,17120,57.0,57.0,13594.754098360654,0.0,10854.0,54964.292624807546,11800.0,400.0,7800.0,0.0,0.0,39.0,1.0,3600.0,6.0,240.0,720.0,27.0,0.0,6.0,0.0,28.0,0.0,0.0,0.0
2023-07-12,17136,51.0,51.0,13655.58743169399,0.0,10897.0,54940.13389815665,12200.0,800.0,7800.0,0.0,0.0,39.0,1.0,3600.0,6.0,240.0,720.0,43.0,0.0,6.0,0.0,23.0,0.0,0.0,0.0
2023-07-13,17144,37.0,37.0,13718.415300546447,0.0,10942.0,54847.363818267346,12600.0,800.0,8200.0,0.0,0.0,41.0,1.0,3600.0,6.0,240.0,720.0,33.0,0.0,6.0,0.0,26.0,0.0,0.0,0.0
2023-07-14,17136,50.0,50.0,13776.25683060109,0.0,10982.0,54696.34552630091,11600.0,1200.0,6800.0,0.0,0.0,34.0,1.0,3600.0,6.0,240.0,720.0,43.0,0.0,6.0,0.0,17.0,0.0,0.0,0.0
2023-07-15,17146,39.0,39.0,13859.030054644809,0.0,11047.0,54592.827678092675,16600.0,1800.0,11200.0,0.0,0.0,56.0,1.0,3600.0,6.0,240.0,720.0,35.0,0.0,6.0,0.0,15.0,0.0,0.0,0.0
2023-07-16,17120,53.0,53.0,13926.84426229508,0.0,11097.0,54589.79217697614,13600.0,600.0,9400.0,0.0,0.0,47.0,1.0,3600.0,6.0,240.0,720.0,34.0,0.0,6.0,0.0,25.0,0.0,0.0,0.0
2023-07-17,17123,48.0,48.0,13992.663934426231,0.0,11145.0,54755.63918209835,13200.0,0.0,9600.0,0.0,0.0,48.0,1.0,3600.0,6.0,240.0,720.0,32.0,0.0,6.0,0.0,20.0,0.0,0.0,0.0
2023-07-18,17123,43.0,43.0,14049.508196721312,0.0,11184.0,54832.789523261206,11400.0,400.0,7400.0,0.0,0.0,37.0,1.0,3600.0,6.0,240.0,720.0,37.0,0.0,6.0,0.0,32.0,0.0,0.0,0.0
2023-07-19,17127,45.0,45.0,14114.330601092895,0.0,11231.0,54782.38218142139,13000.0,1400.0,8000.0,0.0,0.0,40.0,1.0,3600.0,6.0,240.0,720.0,30.0,0.0,6.0,0.0,19.0,0.0,0.0,0.0
2023-07-20,17125,54.0,54.0,14187.131147540984,0.0,11286.0,54897.28813041699,14600.0,600.0,10400.0,0.0,0.0,52.0,1.0,3600.0,6.0,240.0,720.0,27.0,0.0,6.0,0.0,20.0,0.0,0.0,0.0
2023-07-21,17124,63.0,63.0,14250.956284153006,0.0,11332.0,54965.19738934883,12800.0,600.0,8600.0,0.0,0.0,43.0,1.0,3600.0,6.0,240.0,720.0,21.0,0.0,6.0,0.0,17.0,0.0,0.0,0.0
2023-07-22,17141,52.0,52.0,14314.781420765028,0.0,11378.0,54943.07497324026,12800.0,800.0,8400.0,0.0,0.0,42.0,1.0,3600.0,6.0,240.0,720.0,30.0,0.0,6.0,0.0,19.0,0.0,0.0,0.0
2023-07-23,17147,50.0,50.0,14379.603825136612,0.0,11425.0,55035.9804915639,13000.0,800.0,8600.0,0.0,0.0,43.0,1.0,3600.0,6.0,240.0,720.0,35.0,0.0,6.0,0.0,26.0,0.0,0.0,0.0
2023-07-24,17150,43.0,43.0,14439.439890710382,0.0,11479.0,54993.084458048696,12000.0,1200.0,9600.0,0.0,0.0,48.0,1.0,1200.0,2.0,90.0,240.0,6.0,0.0,2.0,0.0,9.0,0.0,0.0,0.0
2023-07-25,17139,55.0,55.0,14488.306010928962,0.0,11528.0,55052.51993068227,9800.0,1200.0,8600.0,0.0,0.0,43.0,1.0,0.0,0.0,0.0,0.0,0.0,0.0,0.0,0.0,0.0,0.0,0.0,0.0
2023-07-26,17145,43.0,43.0,14534.180327868853,0.0,11574.0,54848.922809034164,9200.0,2000.0,7200.0,0.0,0.0,36.0,1.0,0.0,0.0,0.0,0.0,0.0,0.0,0.0,0.0,0.0,0.0,0.0,0.0
2023-07-27,17142,51.0,51.0,14589.030054644809,0.0,11629.0,54930.83928109146,11000.0,2200.0,8800.0,0.0,0.0,44.0,1.0,0.0,0.0,0.0,0.0,0.0,0.0,0.0,0.0,0.0,0.0,0.0,0.0
2023-07-28,17138,69.0,69.0,14652.855191256833,0.0,11693.0,54864.74071951658,12800.0,2600.0,10200.0,0.0,0.0,51.0,1.0,0.0,0.0,0.0,0.0,0.0,0.0,0.0,0.0,0.0,0.0,0.0,0.0
2023-07-29,17143,44.0,44.0,14715.68306010929,0.0,11756.0,54660.846558229714,12600.0,3200.0,9400.0,0.0,0.0,47.0,1.0,0.0,0.0,0.0,0.0,0.0,0.0,0.0,0.0,0.0,0.0,0.0,0.0
2023-07-30,17124,50.0,50.0,14765.54644808743,0.0,11806.0,54564.840510680806,10000.0,3200.0,6800.0,0.0,0.0,34.0,1.0,0.0,0.0,0.0,0.0,0.0,0.0,0.0,0.0,0.0,0.0,0.0,0.0
2023-07-31,17124,63.0,63.0,14826.379781420766,0.0,11867.0,54559.19791467624,12200.0,3200.0,9000.0,0.0,0.0,45.0,1.0,0.0,0.0,0.0,0.0,0.0,0.0,0.0,0.0,0.0,0.0,0.0,0.0
2023-08-01,17126,54.0,54.0,14881.22950819672,0.0,11922.0,54453.65835584072,11000.0,3800.0,7200.0,0.0,0.0,36.0,1.0,0.0,0.0,0.0,0.0,0.0,0.0,0.0,0.0,0.0,0.0,0.0,0.0
2023-08-02,17125,61.0,61.0,14938.073770491803,0.0,11979.0,54169.709017338886,11400.0,4600.0,6800.0,0.0,0.0,34.0,1.0,0.0,0.0,0.0,0.0,0.0,0.0,0.0,0.0,0.0,0.0,0.0,0.0
2023-08-03,17129,46.0,46.0,14989.93169398907,0.0,12031.0,53921.61315155586,10400.0,4800.0,5600.0,0.0,0.0,28.0,1.0,0.0,0.0,0.0,0.0,0.0,0.0,0.0,0.0,0.0,0.0,0.0,0.0
2023-08-04,17123,46.0,46.0,15073.70218579235,0.0,12115.0,53573.5873815939,16800.0,6200.0,10600.0,0.0,0.0,53.0,1.0,0.0,0.0,0.0,0.0,0.0,0.0,0.0,0.0,0.0,0.0,0.0,0.0
2023-08-05,17085,51.0,51.0,15171.434426229507,0.0,12213.0,53185.93384247773,19600.0,6600.0,13000.0,0.0,0.0,65.0,1.0,0.0,0.0,0.0,0.0,0.0,0.0,0.0,0.0,0.0,0.0,0.0,0.0
2023-08-06,17038,48.0,48.0,15251.215846994533,0.0,12293.0,52809.420815165664,16000.0,6600.0,9400.0,0.0,0.0,47.0,1.0,0.0,0.0,0.0,0.0,0.0,0.0,0.0,0.0,0.0,0.0,0.0,0.0
2023-08-07,17006,37.0,37.0,15350.942622950823,0.0,12393.0,52211.56363636437,20000.0,7800.0,12200.0,0.0,0.0,61.0,1.0,0.0,0.0,0.0,0.0,0.0,0.0,0.0,0.0,0.0,0.0,0.0,0.0
2023-08-08,16943,55.0,55.0,15437.704918032789,0.0,12480.0,51685.87872484206,17400.0,8600.0,8800.0,0.0,0.0,44.0,1.0,0.0,0.0,0.0,0.0,0.0,0.0,0.0,0.0,0.0,0.0,0.0,0.0
2023-08-09,16911,46.0,46.0,15528.456284153006,0.0,12571.0,51320.791689944315,18200.0,9600.0,8600.0,0.0,0.0,43.0,1.0,0.0,0.0,0.0,0.0,0.0,0.0,0.0,0.0,0.0,0.0,0.0,0.0
2023-08-10,16866,39.0,39.0,15623.196721311475,0.0,12666.0,50858.45265451153,19000.0,10000.0,9000.0,0.0,0.0,45.0,1.0,0.0,0.0,0.0,0.0,0.0,0.0,0.0,0.0,0.0,0.0,0.0,0.0
2023-08-11,16810,46.0,46.0,15715.942622950823,0.0,12759.0,50477.093837565546,18600.0,10000.0,8600.0,0.0,0.0,43.0,1.0,0.0,0.0,0.0,0.0,0.0,0.0,0.0,0.0,0.0,0.0,0.0,0.0
2023-08-12,16763,36.0,36.0,15799.713114754099,0.0,12843.0,49954.24121250011,16800.0,10000.0,6800.0,0.0,0.0,34.0,1.0,0.0,0.0,0.0,0.0,0.0,0.0,0.0,0.0,0.0,0.0,0.0,0.0
2023-08-13,16715,54.0,54.0,15894.453551912566,0.0,12938.0,49575.51447902358,19000.0,10000.0,9000.0,0.0,0.0,45.0,1.0,0.0,0.0,0.0,0.0,0.0,0.0,0.0,0.0,0.0,0.0,0.0,0.0
2023-08-14,16674,48.0,48.0,15985.204918032789,0.0,13029.0,49168.445483074196,18200.0,10000.0,8200.0,0.0,0.0,41.0,1.0,0.0,0.0,0.0,0.0,0.0,0.0,0.0,0.0,0.0,0.0,0.0,0.0
2023-08-15,16631,50.0,50.0,16083.934426229507,0.0,13128.0,48823.4185255821,19800.0,10000.0,9800.0,0.0,0.0,49.0,1.0,0.0,0.0,0.0,0.0,0.0,0.0,0.0,0.0,0.0,0.0,0.0,0.0
2023-08-16,16582,64.0,64.0,16183.661202185793,0.0,13228.0,48338.682369725306,20000.0,10000.0,10000.0,0.0,0.0,50.0,1.0,0.0,0.0,0.0,0.0,0.0,0.0,0.0,0.0,0.0,0.0,0.0,0.0
2023-08-17,16546,56.0,56.0,16264.439890710382,0.0,13309.0,48055.06042691471,16200.0,10000.0,6200.0,0.0,0.0,31.0,1.0,0.0,0.0,0.0,0.0,0.0,0.0,0.0,0.0,0.0,0.0,0.0,0.0
2023-08-18,16521,49.0,49.0,16346.215846994533,0.0,13391.0,47670.7119930852,16400.0,9800.0,6600.0,0.0,0.0,33.0,1.0,0.0,0.0,0.0,0.0,0.0,0.0,0.0,0.0,0.0,0.0,0.0,0.0
2023-08-19,16488,46.0,46.0,16445.94262295082,0.0,13491.0,47303.84932680585,20000.0,9800.0,10200.0,0.0,0.0,51.0,1.0,0.0,0.0,0.0,0.0,0.0,0.0,0.0,0.0,0.0,0.0,0.0,0.0
2023-08-20,16434,45.0,45.0,16535.696721311473,0.0,13581.0,46885.79414996232,18000.0,9800.0,8200.0,0.0,0.0,41.0,1.0,0.0,0.0,0.0,0.0,0.0,0.0,0.0,0.0,0.0,0.0,0.0,0.0
2023-08-21,16389,35.0,35.0,16633.428961748632,0.0,13679.0,46296.473118943955,19600.0,10000.0,9600.0,0.0,0.0,48.0,1.0,0.0,0.0,0.0,0.0,0.0,0.0,0.0,0.0,0.0,0.0,0.0,0.0
2023-08-22,16326,56.0,56.0,16725.177595628415,0.0,13771.0,45725.266727746784,18400.0,10000.0,8400.0,0.0,0.0,42.0,1.0,0.0,0.0,0.0,0.0,0.0,0.0,0.0,0.0,0.0,0.0,0.0,0.0
2023-08-23,16290,47.0,47.0,16809.945355191256,0.0,13856.0,45354.03488303041,17000.0,10000.0,7000.0,0.0,0.0,35.0,1.0,0.0,0.0,0.0,0.0,0.0,0.0,0.0,0.0,0.0,0.0,0.0,0.0
2023-08-24,16252,42.0,42.0,16908.67486338798,0.0,13955.0,44987.49992130464,19800.0,10000.0,9800.0,0.0,0.0,49.0,1.0,0.0,0.0,0.0,0.0,0.0,0.0,0.0,0.0,0.0,0.0,0.0,0.0
2023-08-25,16195,43.0,43.0,16996.43442622951,0.0,14043.0,44631.65149690615,17600.0,10000.0,7600.0,0.0,0.0,38.0,1.0,0.0,0.0,0.0,0.0,0.0,0.0,0.0,0.0,0.0,0.0,0.0,0.0
2023-08-26,16150,42.0,42.0,17071.229508196724,0.0,14118.0,44131.51937540344,15000.0,10000.0,5000.0,0.0,0.0,25.0,1.0,0.0,0.0,0.0,0.0,0.0,0.0,0.0,0.0,0.0,0.0,0.0,0.0
2023-08-27,16117,41.0,41.0,17150.013661202185,0.0,14197.0,43606.86425425866,15800.0,10000.0,5800.0,0.0,0.0,29.0,1.0,0.0,0.0,0.0,0.0,0.0,0.0,0.0,0.0,0.0,0.0,0.0,0.0
2023-08-28,16079,55.0,55.0,17248.74316939891,0.0,14296.0,43316.20993035995,19800.0,9800.0,10000.0,0.0,0.0,50.0,1.0,0.0,0.0,0.0,0.0,0.0,0.0,0.0,0.0,0.0,0.0,0.0,0.0
2023-08-29,16035,55.0,55.0,17338.497267759565,0.0,14386.0,42963.49530866977,18000.0,10000.0,8000.0,0.0,0.0,40.0,1.0,0.0,0.0,0.0,0.0,0.0,0.0,0.0,0.0,0.0,0.0,0.0,0.0
2023-08-30,16000,48.0,48.0,17425.25956284153,0.0,14473.0,42598.93591574081,17400.0,10000.0,7400.0,0.0,0.0,37.0,1.0,0.0,0.0,0.0,0.0,0.0,0.0,0.0,0.0,0.0,0.0,0.0,0.0
2023-08-31,15961,48.0,48.0,17524.986338797815,0.0,14555.0,42366.11559667741,20000.0,7400.0,9000.0,0.0,0.0,45.0,1.0,3600.0,6.0,240.0,720.0,15.0,0.0,6.0,0.0,24.0,0.0,0.0,0.0
2023-09-01,15927,49.0,49.0,17609.754098360656,0.0,14622.0,42344.919483555146,17000.0,4000.0,9400.0,0.0,0.0,47.0,1.0,3600.0,6.0,240.0,720.0,15.0,0.0,6.0,0.0,23.0,0.0,0.0,0.0
2023-09-02,15909,48.0,48.0,17678.56557377049,0.0,14673.0,42259.05522586564,13800.0,2200.0,8000.0,0.0,0.0,40.0,1.0,3600.0,6.0,240.0,720.0,13.0,0.0,6.0,0.0,17.0,0.0,0.0,0.0
2023-09-03,15906,55.0,55.0,17735.409836065573,0.0,14712.0,42350.88332512095,11400.0,0.0,7800.0,0.0,0.0,39.0,1.0,3600.0,6.0,240.0,720.0,23.0,0.0,6.0,0.0,25.0,0.0,0.0,0.0
2023-09-04,15922,64.0,64.0,17796.24316939891,0.0,14755.0,42537.73115572689,12200.0,0.0,8600.0,0.0,0.0,43.0,1.0,3600.0,6.0,240.0,720.0,18.0,0.0,6.0,0.0,20.0,0.0,0.0,0.0
2023-09-05,15943,40.0,40.0,17849.098360655735,0.0,14790.0,42678.39645676119,10600.0,0.0,7000.0,0.0,0.0,35.0,1.0,3600.0,6.0,240.0,720.0,23.0,0.0,6.0,0.0,23.0,0.0,0.0,0.0
2023-09-06,15948,58.0,58.0,17907.937158469947,0.0,14831.0,42832.997773808485,11800.0,0.0,8200.0,0.0,0.0,41.0,1.0,3600.0,6.0,240.0,720.0,12.0,0.0,6.0,0.0,23.0,0.0,0.0,0.0
2023-09-07,15965,47.0,47.0,17962.7868852459,0.0,14868.0,42954.887398218096,11000.0,0.0,7400.0,0.0,0.0,37.0,1.0,3600.0,6.0,240.0,720.0,16.0,0.0,6.0,0.0,24.0,0.0,0.0,0.0
2023-09-08,15975,54.0,54.0,18025.614754098362,0.0,14913.0,42988.042154742994,12600.0,0.0,9000.0,0.0,0.0,45.0,1.0,3600.0,6.0,240.0,720.0,17.0,0.0,6.0,0.0,15.0,0.0,0.0,0.0
2023-09-09,15984,51.0,51.0,18088.44262295082,0.0,14958.0,43147.76444878741,12600.0,0.0,9000.0,0.0,0.0,45.0,1.0,3600.0,6.0,240.0,720.0,21.0,0.0,6.0,0.0,21.0,0.0,0.0,0.0
2023-09-10,15990,51.0,51.0,18146.28415300547,0.0,14998.0,43250.255173687874,11600.0,0.0,8000.0,0.0,0.0,40.0,1.0,3600.0,6.0,240.0,720.0,23.0,0.0,6.0,0.0,29.0,0.0,0.0,0.0
2023-09-11,16001,62.0,62.0,18197.14480874317,0.0,15031.0,43875.557136172705,10200.0,0.0,6600.0,0.0,0.0,33.0,1.0,3600.0,6.0,240.0,720.0,28.0,0.0,6.0,0.0,23.0,0.0,0.0,0.0
2023-09-12,16030,61.0,61.0,18260.96994535519,0.0,15077.0,44066.90949724952,12800.0,0.0,9200.0,0.0,0.0,46.0,1.0,3600.0,6.0,240.0,720.0,22.0,0.0,6.0,0.0,17.0,0.0,0.0,0.0
2023-09-13,16045,51.0,51.0,18320.80601092896,0.0,15119.0,44264.04670065334,12000.0,0.0,8400.0,0.0,0.0,42.0,1.0,3600.0,6.0,240.0,720.0,18.0,0.0,6.0,0.0,17.0,0.0,0.0,0.0
2023-09-14,16054,47.0,47.0,18370.669398907103,0.0,15151.0,44369.275366785856,10000.0,0.0,6400.0,0.0,0.0,32.0,1.0,3600.0,6.0,240.0,720.0,16.0,0.0,6.0,0.0,20.0,0.0,0.0,0.0
2023-09-15,16069,53.0,53.0,18414.549180327867,0.0,15177.0,44418.42910073892,8800.0,0.0,5200.0,0.0,0.0,26.0,1.0,3600.0,6.0,240.0,720.0,13.0,0.0,6.0,0.0,25.0,0.0,0.0,0.0
2023-09-16,16096,52.0,52.0,18488.34699453552,0.0,15233.0,44393.42341416366,14800.0,1400.0,9800.0,0.0,0.0,49.0,1.0,3600.0,6.0,240.0,720.0,17.0,0.0,6.0,0.0,17.0,0.0,0.0,0.0
2023-09-17,16092,40.0,40.0,18553.169398907103,0.0,15280.0,44316.73382354379,13000.0,800.0,8600.0,0.0,0.0,43.0,1.0,3600.0,6.0,240.0,720.0,20.0,0.0,6.0,0.0,22.0,0.0,0.0,0.0
2023-09-18,16085,38.0,38.0,18611.01092896175,0.0,15320.0,44381.42740879423,11600.0,0.0,8000.0,0.0,0.0,40.0,1.0,3600.0,6.0,240.0,720.0,20.0,0.0,6.0,0.0,19.0,0.0,0.0,0.0
2023-09-19,16083,60.0,60.0,18673.83879781421,0.0,15365.0,44420.89662707719,12600.0,1000.0,8000.0,0.0,0.0,40.0,1.0,3600.0,6.0,240.0,720.0,14.0,0.0,6.0,0.0,16.0,0.0,0.0,0.0
2023-09-20,16098,47.0,47.0,18751.625683060112,0.0,15425.0,44351.34028350115,15600.0,800.0,11200.0,0.0,0.0,56.0,1.0,3600.0,6.0,240.0,720.0,20.0,0.0,6.0,0.0,23.0,0.0,0.0,0.0
2023-09-21,16085,45.0,45.0,18818.44262295082,0.0,15474.0,44352.53725522134,13400.0,600.0,9200.0,0.0,0.0,46.0,1.0,3600.0,6.0,240.0,720.0,21.0,0.0,6.0,0.0,25.0,0.0,0.0,0.0
2023-09-22,16081,46.0,46.0,18873.292349726777,0.0,15511.0,44441.47816920337,11000.0,200.0,7200.0,0.0,0.0,36.0,1.0,3600.0,6.0,240.0,720.0,19.0,0.0,6.0,0.0,23.0,0.0,0.0,0.0
2023-09-23,16090,49.0,49.0,18935.122950819674,0.0,15555.0,44403.64894145996,12400.0,1000.0,7800.0,0.0,0.0,39.0,1.0,3600.0,6.0,240.0,720.0,21.0,0.0,6.0,0.0,23.0,0.0,0.0,0.0
2023-09-24,16095,51.0,51.0,18997.950819672133,0.0,15600.0,44473.27015072321,12600.0,600.0,8400.0,0.0,0.0,42.0,1.0,3600.0,6.0,240.0,720.0,20.0,0.0,6.0,0.0,21.0,0.0,0.0,0.0
2023-09-25,16101,37.0,37.0,19046.816939890712,0.0,15631.0,44652.08330791263,9800.0,200.0,6000.0,0.0,0.0,30.0,1.0,3600.0,6.0,240.0,720.0,19.0,0.0,6.0,0.0,21.0,0.0,0.0,0.0
2023-09-26,16107,46.0,46.0,19112.636612021855,0.0,15679.0,44794.26257757536,13200.0,1200.0,8400.0,0.0,0.0,42.0,1.0,3600.0,6.0,240.0,720.0,22.0,0.0,6.0,0.0,22.0,0.0,0.0,0.0
2023-09-27,16105,40.0,40.0,19182.445355191256,0.0,15731.0,44739.74074115707,14000.0,800.0,9600.0,0.0,0.0,48.0,1.0,3600.0,6.0,240.0,720.0,11.0,0.0,6.0,0.0,18.0,0.0,0.0,0.0
2023-09-28,16093,41.0,41.0,19239.289617486338,0.0,15770.0,44726.05577378261,11400.0,400.0,7400.0,0.0,0.0,37.0,1.0,3600.0,6.0,240.0,720.0,11.0,0.0,6.0,0.0,30.0,0.0,0.0,0.0
2023-09-29,16095,61.0,61.0,19302.117486338797,0.0,15815.0,44769.45752554574,12600.0,1000.0,8000.0,0.0,0.0,40.0,1.0,3600.0,6.0,240.0,720.0,15.0,0.0,6.0,0.0,21.0,0.0,0.0,0.0
2023-09-30,16111,54.0,54.0,19348.98907103825,0.0,15844.0,44903.75644344581,9400.0,200.0,5600.0,0.0,0.0,28.0,1.0,3600.0,6.0,240.0,720.0,19.0,0.0,6.0,0.0,20.0,0.0,0.0,0.0
2023-10-01,16136,47.0,47.0,19411.816939890712,0.0,15889.0,44701.71532285234,12600.0,600.0,8400.0,0.0,0.0,42.0,1.0,3600.0,6.0,240.0,720.0,18.0,0.0,6.0,0.0,19.0,0.0,0.0,0.0
2023-10-02,16138,49.0,49.0,19467.66393442623,0.0,15927.0,44833.43655021953,11200.0,0.0,7600.0,0.0,0.0,38.0,1.0,3600.0,6.0,240.0,720.0,19.0,0.0,6.0,0.0,26.0,0.0,0.0,0.0
2023-10-03,16149,49.0,49.0,19542.45901639344,0.0,15984.0,44673.00616366273,15000.0,400.0,11000.0,0.0,0.0,55.0,1.0,3600.0,6.0,240.0,720.0,24.0,0.0,6.0,0.0,19.0,0.0,0.0,0.0
2023-10-04,16141,43.0,43.0,19603.292349726777,0.0,16027.0,44880.09351829128,12200.0,400.0,8200.0,0.0,0.0,41.0,1.0,3600.0,6.0,240.0,720.0,18.0,0.0,6.0,0.0,31.0,0.0,0.0,0.0
2023-10-05,16141,51.0,51.0,19668.114754098362,0.0,16074.0,44932.658492715644,13000.0,0.0,9400.0,0.0,0.0,47.0,1.0,3600.0,6.0,240.0,720.0,21.0,0.0,6.0,0.0,23.0,0.0,0.0,0.0
2023-10-06,16145,68.0,68.0,19740.915300546447,0.0,16129.0,45087.52646692397,14600.0,800.0,10200.0,0.0,0.0,51.0,1.0,3600.0,6.0,240.0,720.0,23.0,0.0,6.0,0.0,15.0,0.0,0.0,0.0
2023-10-07,16158,55.0,55.0,19805.737704918032,0.0,16176.0,45120.51727766897,13000.0,200.0,9200.0,0.0,0.0,46.0,1.0,3600.0,6.0,240.0,720.0,19.0,0.0,6.0,0.0,19.0,0.0,0.0,0.0
2023-10-08,16166,42.0,42.0,19854.60382513661,0.0,16207.0,45116.03054958085,9800.0,800.0,5400.0,0.0,0.0,27.0,1.0,3600.0,6.0,240.0,720.0,18.0,0.0,6.0,0.0,15.0,0.0,0.0,0.0
2023-10-09,16177,45.0,45.0,19914.439890710382,0.0,16249.0,45171.066616068296,12000.0,600.0,7800.0,0.0,0.0,39.0,1.0,3600.0,6.0,240.0,720.0,20.0,0.0,6.0,0.0,22.0,0.0,0.0,0.0
2023-10-10,16180,46.0,46.0,19971.28415300547,0.0,16288.0,45326.09067970518,11400.0,200.0,7600.0,0.0,0.0,38.0,1.0,3600.0,6.0,240.0,720.0,23.0,0.0,6.0,0.0,25.0,0.0,0.0,0.0
2023-10-11,16187,48.0,48.0,20026.13387978142,0.0,16325.0,45419.47580835039,11000.0,200.0,7200.0,0.0,0.0,36.0,1.0,3600.0,6.0,240.0,720.0,23.0,0.0,6.0,0.0,20.0,0.0,0.0,0.0
2023-10-12,16198,52.0,52.0,20091.953551912567,0.0,16373.0,45450.98501660809,13200.0,600.0,9000.0,0.0,0.0,45.0,1.0,3600.0,6.0,240.0,720.0,20.0,0.0,6.0,0.0,17.0,0.0,0.0,0.0
2023-10-13,16202,48.0,48.0,20159.76775956284,0.0,16423.0,45374.31046462497,13600.0,1000.0,9000.0,0.0,0.0,45.0,1.0,3600.0,6.0,240.0,720.0,15.0,0.0,6.0,0.0,26.0,0.0,0.0,0.0
2023-10-14,16200,55.0,55.0,20219.60382513661,0.0,16465.0,45404.45288059841,12000.0,600.0,7800.0,0.0,0.0,39.0,1.0,3600.0,6.0,240.0,720.0,14.0,0.0,6.0,0.0,25.0,0.0,0.0,0.0
2023-10-15,16213,45.0,45.0,20281.43442622951,0.0,16509.0,45360.843287743926,12400.0,1000.0,7800.0,0.0,0.0,39.0,1.0,3600.0,6.0,240.0,720.0,15.0,0.0,6.0,0.0,21.0,0.0,0.0,0.0
2023-10-16,16214,38.0,38.0,20336.28415300547,0.0,16546.0,45218.59484827142,11000.0,1600.0,5800.0,0.0,0.0,29.0,1.0,3600.0,6.0,240.0,720.0,19.0,0.0,6.0,0.0,15.0,0.0,0.0,0.0
2023-10-17,16215,60.0,60.0,20401.106557377047,0.0,16593.0,45153.40026441923,13000.0,1000.0,8400.0,0.0,0.0,42.0,1.0,3600.0,6.0,240.0,720.0,23.0,0.0,6.0,0.0,21.0,0.0,0.0,0.0
2023-10-18,16228,46.0,46.0,20464.93169398907,0.0,16639.0,45142.592533170384,12800.0,1200.0,8000.0,0.0,0.0,40.0,1.0,3600.0,6.0,240.0,720.0,21.0,0.0,6.0,0.0,22.0,0.0,0.0,0.0
2023-10-19,16228,51.0,51.0,20531.748633879783,0.0,16688.0,45180.81051526908,13400.0,600.0,9200.0,0.0,0.0,46.0,1.0,3600.0,6.0,240.0,720.0,20.0,0.0,6.0,0.0,30.0,0.0,0.0,0.0
2023-10-20,16230,50.0,50.0,20589.590163934427,0.0,16728.0,45196.52852093545,11600.0,400.0,7600.0,0.0,0.0,38.0,1.0,3600.0,6.0,240.0,720.0,16.0,0.0,6.0,0.0,32.0,0.0,0.0,0.0
2023-10-21,16240,61.0,61.0,20654.412568306012,0.0,16775.0,45229.78722046601,13000.0,0.0,9400.0,0.0,0.0,47.0,1.0,3600.0,6.0,240.0,720.0,16.0,0.0,6.0,0.0,24.0,0.0,0.0,0.0
2023-10-22,16254,60.0,60.0,20713.251366120217,0.0,16816.0,45278.31803347185,11800.0,200.0,8000.0,0.0,0.0,40.0,1.0,3600.0,6.0,240.0,720.0,22.0,0.0,6.0,0.0,22.0,0.0,0.0,0.0
2023-10-23,16273,54.0,54.0,20767.10382513661,0.0,16852.0,45312.94887932503,10800.0,1000.0,6200.0,0.0,0.0,31.0,1.0,3600.0,6.0,240.0,720.0,19.0,0.0,6.0,0.0,11.0,0.0,0.0,0.0
2023-10-24,16291,55.0,55.0,20824.945355191256,0.0,16892.0,45509.29270446186,11600.0,400.0,7600.0,0.0,0.0,38.0,1.0,3600.0,6.0,240.0,720.0,22.0,0.0,6.0,0.0,17.0,0.0,0.0,0.0
2023-10-25,16306,39.0,39.0,20894.754098360656,0.0,16944.0,45484.02709859546,14000.0,400.0,10000.0,0.0,0.0,50.0,1.0,3600.0,6.0,240.0,720.0,22.0,0.0,6.0,0.0,17.0,0.0,0.0,0.0
2023-10-26,16293,51.0,51.0,20955.587431693988,0.0,16987.0,45924.834473268595,12200.0,400.0,8200.0,0.0,0.0,41.0,1.0,3600.0,6.0,240.0,720.0,17.0,0.0,6.0,0.0,20.0,0.0,0.0,0.0
2023-10-27,16301,50.0,50.0,21012.43169398907,0.0,17026.0,46007.19696148539,11400.0,600.0,7200.0,0.0,0.0,36.0,1.0,3600.0,6.0,240.0,720.0,15.0,0.0,6.0,0.0,32.0,0.0,0.0,0.0
2023-10-28,16312,57.0,57.0,21088.224043715847,0.0,17084.0,46095.341990145156,15200.0,1000.0,10600.0,0.0,0.0,53.0,1.0,3600.0,6.0,240.0,720.0,16.0,0.0,6.0,0.0,21.0,0.0,0.0,0.0
2023-10-29,16311,54.0,54.0,21145.06830601093,0.0,17123.0,46239.692132219236,11400.0,400.0,7400.0,0.0,0.0,37.0,1.0,3600.0,6.0,240.0,720.0,23.0,0.0,6.0,0.0,24.0,0.0,0.0,0.0
2023-10-30,16326,56.0,56.0,21202.909836065573,0.0,17163.0,46301.36403548304,11600.0,600.0,7400.0,0.0,0.0,37.0,1.0,3600.0,6.0,240.0,720.0,23.0,0.0,6.0,0.0,25.0,0.0,0.0,0.0
2023-10-31,16342,43.0,43.0,21262.745901639344,0.0,17205.0,46222.24586244104,12000.0,600.0,7800.0,0.0,0.0,39.0,1.0,3600.0,6.0,240.0,720.0,16.0,0.0,6.0,0.0,22.0,0.0,0.0,0.0
2023-11-01,16343,52.0,52.0,21320.587431693988,0.0,17245.0,46264.07275042189,11600.0,400.0,7600.0,0.0,0.0,38.0,1.0,3600.0,6.0,240.0,720.0,12.0,0.0,6.0,0.0,20.0,0.0,0.0,0.0
2023-11-02,16355,42.0,42.0,21397.37704918033,0.0,17304.0,46312.53864353273,15400.0,800.0,11000.0,0.0,0.0,55.0,1.0,3600.0,6.0,240.0,720.0,14.0,0.0,6.0,0.0,15.0,0.0,0.0,0.0
2023-11-03,16338,49.0,49.0,21463.196721311473,0.0,17352.0,46484.004681285944,13200.0,400.0,9200.0,0.0,0.0,46.0,1.0,3600.0,6.0,240.0,720.0,18.0,0.0,6.0,0.0,20.0,0.0,0.0,0.0
2023-11-04,16339,47.0,47.0,21527.021857923497,0.0,17398.0,46460.71842423635,12800.0,1000.0,8200.0,0.0,0.0,41.0,1.0,3600.0,6.0,240.0,720.0,20.0,0.0,6.0,0.0,23.0,0.0,0.0,0.0
2023-11-05,16340,42.0,42.0,21591.844262295082,0.0,17445.0,46294.42995173806,13000.0,1400.0,8000.0,0.0,0.0,40.0,1.0,3600.0,6.0,240.0,720.0,19.0,0.0,6.0,0.0,27.0,0.0,0.0,0.0
2023-11-06,16335,48.0,48.0,21674.617486338797,0.0,17510.0,46366.818929545545,16600.0,1000.0,12000.0,0.0,0.0,60.0,1.0,3600.0,6.0,240.0,720.0,19.0,0.0,6.0,0.0,25.0,0.0,0.0,0.0
2023-11-07,16318,66.0,66.0,21738.44262295082,0.0,17556.0,46307.00747224993,12800.0,1200.0,8000.0,0.0,0.0,40.0,1.0,3600.0,6.0,240.0,720.0,19.0,0.0,6.0,0.0,21.0,0.0,0.0,0.0
2023-11-08,16338,59.0,59.0,21801.27049180328,0.0,17601.0,46239.68747124218,12600.0,800.0,8200.0,0.0,0.0,41.0,1.0,3600.0,6.0,240.0,720.0,23.0,0.0,6.0,0.0,20.0,0.0,0.0,0.0
2023-11-09,16352,53.0,53.0,21869.084699453553,0.0,17651.0,46388.124088921984,13600.0,200.0,9800.0,0.0,0.0,49.0,1.0,3600.0,6.0,240.0,720.0,21.0,0.0,6.0,0.0,24.0,0.0,0.0,0.0
2023-11-10,16355,54.0,54.0,21923.93442622951,0.0,17688.0,46360.46695467358,11000.0,600.0,6800.0,0.0,0.0,34.0,1.0,3600.0,6.0,240.0,720.0,17.0,0.0,6.0,0.0,16.0,0.0,0.0,0.0
2023-11-11,16372,49.0,49.0,21991.748633879783,0.0,17738.0,46414.998662683734,13600.0,200.0,9800.0,0.0,0.0,49.0,1.0,3600.0,6.0,240.0,720.0,19.0,0.0,6.0,0.0,22.0,0.0,0.0,0.0
2023-11-12,16371,58.0,58.0,22061.55737704918,0.0,17790.0,46398.70301706313,14000.0,600.0,9800.0,0.0,0.0,49.0,1.0,3600.0,6.0,240.0,720.0,22.0,0.0,6.0,0.0,21.0,0.0,0.0,0.0
2023-11-13,16377,47.0,47.0,22117.4043715847,0.0,17828.0,46436.27198048304,11200.0,400.0,7200.0,0.0,0.0,36.0,1.0,3600.0,6.0,240.0,720.0,10.0,0.0,6.0,0.0,22.0,0.0,0.0,0.0
2023-11-14,16386,54.0,54.0,22177.240437158467,0.0,17870.0,46487.24491239733,12000.0,1000.0,7400.0,0.0,0.0,37.0,1.0,3600.0,6.0,240.0,720.0,24.0,0.0,6.0,0.0,25.0,0.0,0.0,0.0
2023-11-15,16398,46.0,46.0,22236.079234972676,0.0,17911.0,46477.515125392834,11800.0,1000.0,7200.0,0.0,0.0,36.0,1.0,3600.0,6.0,240.0,720.0,17.0,0.0,6.0,0.0,21.0,0.0,0.0,0.0
2023-11-16,16403,54.0,54.0,22295.915300546447,0.0,17953.0,46710.695124015925,12000.0,200.0,8200.0,0.0,0.0,41.0,1.0,3600.0,6.0,240.0,720.0,29.0,0.0,6.0,0.0,21.0,0.0,0.0,0.0
2023-11-17,16415,50.0,50.0,22366.721311475412,0.0,18006.0,46888.73001896864,14200.0,1000.0,9600.0,0.0,0.0,48.0,1.0,3600.0,6.0,240.0,720.0,16.0,0.0,6.0,0.0,19.0,0.0,0.0,0.0
2023-11-18,16412,41.0,41.0,22430.546448087433,0.0,18052.0,46933.05283072979,12800.0,600.0,8600.0,0.0,0.0,43.0,1.0,3600.0,6.0,240.0,720.0,18.0,0.0,6.0,0.0,26.0,0.0,0.0,0.0
2023-11-19,16407,49.0,49.0,22498.360655737706,0.0,18102.0,46965.841244150615,13600.0,600.0,9400.0,0.0,0.0,47.0,1.0,3600.0,6.0,240.0,720.0,12.0,0.0,5.0,0.0,15.0,0.0,0.0,0.0
2023-11-20,16406,67.0,67.0,22566.17486338798,0.0,18152.0,47075.30854001901,13600.0,400.0,9600.0,0.0,0.0,48.0,1.0,3600.0,6.0,240.0,720.0,14.0,0.0,6.0,0.0,16.0,0.0,0.0,0.0
2023-11-21,16423,66.0,66.0,22627.00819672131,0.0,18195.0,47237.67873588947,12200.0,1000.0,7600.0,0.0,0.0,38.0,1.0,3600.0,6.0,240.0,720.0,29.0,0.0,6.0,0.0,23.0,0.0,0.0,0.0
2023-11-22,16446,51.0,51.0,22676.871584699453,0.0,18239.0,47111.867182246475,10000.0,1600.0,7200.0,0.0,0.0,36.0,1.0,1200.0,2.0,90.0,240.0,7.0,0.0,2.0,0.0,7.0,0.0,0.0,0.0
2023-11-23,16453,48.0,48.0,22710.778688524588,0.0,18273.0,47228.24764879562,6800.0,1200.0,5600.0,0.0,0.0,28.0,1.0,0.0,0.0,0.0,0.0,0.0,0.0,0.0,0.0,0.0,0.0,0.0,0.0
2023-11-24,16467,57.0,57.0,22759.64480874317,0.0,18322.0,47236.51322722187,9800.0,1400.0,8400.0,0.0,0.0,42.0,1.0,0.0,0.0,0.0,0.0,0.0,0.0,0.0,0.0,0.0,0.0,0.0,0.0
2023-11-25,16475,45.0,45.0,22823.46994535519,0.0,18386.0,47191.123927891735,12800.0,2000.0,10800.0,0.0,0.0,54.0,1.0,0.0,0.0,0.0,0.0,0.0,0.0,0.0,0.0,0.0,0.0,0.0,0.0
2023-11-26,16456,44.0,44.0,22884.303278688527,0.0,18447.0,47039.86554024861,12200.0,3000.0,9200.0,0.0,0.0,46.0,1.0,0.0,0.0,0.0,0.0,0.0,0.0,0.0,0.0,0.0,0.0,0.0,0.0
2023-11-27,16439,41.0,41.0,22937.158469945356,0.0,18500.0,46833.04717517872,10600.0,3000.0,7600.0,0.0,0.0,38.0,1.0,0.0,0.0,0.0,0.0,0.0,0.0,0.0,0.0,0.0,0.0,0.0,0.0
2023-11-28,16427,53.0,53.0,22998.98907103825,0.0,18562.0,46528.42048078362,12400.0,3400.0,9000.0,0.0,0.0,45.0,1.0,0.0,0.0,0.0,0.0,0.0,0.0,0.0,0.0,0.0,0.0,0.0,0.0
2023-11-29,16418,56.0,56.0,23063.81147540984,0.0,18627.0,46522.32612018485,13000.0,2800.0,10200.0,0.0,0.0,51.0,1.0,0.0,0.0,0.0,0.0,0.0,0.0,0.0,0.0,0.0,0.0,0.0,0.0
2023-11-30,16409,36.0,36.0,23116.666666666664,0.0,18680.0,46492.14120256075,10600.0,2600.0,8000.0,0.0,0.0,40.0,1.0,0.0,0.0,0.0,0.0,0.0,0.0,0.0,0.0,0.0,0.0,0.0,0.0
2023-12-01,16392,56.0,56.0,23182.48633879782,0.0,18746.0,46423.389713463526,13200.0,4000.0,9200.0,0.0,0.0,46.0,1.0,0.0,0.0,0.0,0.0,0.0,0.0,0.0,0.0,0.0,0.0,0.0,0.0
2023-12-02,16382,42.0,42.0,23248.306010928958,0.0,18812.0,46058.1776619689,13200.0,4400.0,8800.0,0.0,0.0,44.0,1.0,0.0,0.0,0.0,0.0,0.0,0.0,0.0,0.0,0.0,0.0,0.0,0.0
2023-12-03,16358,53.0,53.0,23317.117486338797,0.0,18881.0,45786.74342140309,13800.0,5600.0,8200.0,0.0,0.0,41.0,1.0,0.0,0.0,0.0,0.0,0.0,0.0,0.0,0.0,0.0,0.0,0.0,0.0
2023-12-04,16342,40.0,40.0,23386.926229508197,0.0,18951.0,45510.52709534121,14000.0,6000.0,8000.0,0.0,0.0,40.0,1.0,0.0,0.0,0.0,0.0,0.0,0.0,0.0,0.0,0.0,0.0,0.0,0.0
2023-12-05,16312,56.0,56.0,23469.699453551915,0.0,19034.0,44984.841277587344,16600.0,7000.0,9600.0,0.0,0.0,48.0,1.0,0.0,0.0,0.0,0.0,0.0,0.0,0.0,0.0,0.0,0.0,0.0,0.0
2023-12-06,16285,63.0,63.0,23550.478142076503,0.0,19115.0,44803.390517366315,16200.0,7400.0,8800.0,0.0,0.0,44.0,1.0,0.0,0.0,0.0,0.0,0.0,0.0,0.0,0.0,0.0,0.0,0.0,0.0
2023-12-07,16267,53.0,53.0,23628.265027322403,0.0,19193.0,44347.80939427192,15600.0,8200.0,7400.0,0.0,0.0,37.0,1.0,0.0,0.0,0.0,0.0,0.0,0.0,0.0,0.0,0.0,0.0,0.0,0.0
2023-12-08,16242,35.0,35.0,23710.04098360656,0.0,19275.0,43845.55045601538,16400.0,9400.0,7000.0,0.0,0.0,35.0,1.0,0.0,0.0,0.0,0.0,0.0,0.0,0.0,0.0,0.0,0.0,0.0,0.0
2023-12-09,16195,54.0,54.0,23809.76775956284,0.0,19375.0,43521.372966802024,20000.0,10000.0,10000.0,0.0,0.0,50.0,1.0,0.0,0.0,0.0,0.0,0.0,0.0,0.0,0.0,0.0,0.0,0.0,0.0
2023-12-10,16149,54.0,54.0,23898.524590163935,0.0,19464.0,43174.803683261154,17800.0,10000.0,7800.0,0.0,0.0,39.0,1.0,0.0,0.0,0.0,0.0,0.0,0.0,0.0,0.0,0.0,0.0,0.0,0.0
2023-12-11,16114,48.0,48.0,23976.31147540984,0.0,19542.0,42802.462855681224,15600.0,10000.0,5600.0,0.0,0.0,28.0,1.0,0.0,0.0,0.0,0.0,0.0,0.0,0.0,0.0,0.0,0.0,0.0,0.0
2023-12-12,16084,60.0,60.0,24061.079234972676,0.0,19627.0,42443.416607360225,17000.0,10000.0,7000.0,0.0,0.0,35.0,1.0,0.0,0.0,0.0,0.0,0.0,0.0,0.0,0.0,0.0,0.0,0.0,0.0
2023-12-13,16059,57.0,57.0,24154.822404371585,0.0,19721.0,41984.52625672483,18800.0,10000.0,8800.0,0.0,0.0,44.0,1.0,0.0,0.0,0.0,0.0,0.0,0.0,0.0,0.0,0.0,0.0,0.0,0.0
2023-12-14,16022,48.0,48.0,24244.576502732245,0.0,19811.0,41500.312313602786,18000.0,10000.0,8000.0,0.0,0.0,40.0,1.0,0.0,0.0,0.0,0.0,0.0,0.0,0.0,0.0,0.0,0.0,0.0,0.0
2023-12-15,15980,54.0,54.0,24330.341530054644,0.0,19897.0,41225.20881105188,17200.0,10000.0,7200.0,0.0,0.0,36.0,1.0,0.0,0.0,0.0,0.0,0.0,0.0,0.0,0.0,0.0,0.0,0.0,0.0
2023-12-16,15948,44.0,44.0,24409.125683060112,0.0,19976.0,40902.64314263198,15800.0,10000.0,5800.0,0.0,0.0,29.0,1.0,0.0,0.0,0.0,0.0,0.0,0.0,0.0,0.0,0.0,0.0,0.0,0.0
2023-12-17,15913,48.0,48.0,24501.871584699453,0.0,20069.0,40545.718216764624,18600.0,10000.0,8600.0,0.0,0.0,43.0,1.0,0.0,0.0,0.0,0.0,0.0,0.0,0.0,0.0,0.0,0.0,0.0,0.0
2023-12-18,15868,51.0,51.0,24588.63387978142,0.0,20156.0,40253.18347003733,17400.0,10000.0,7400.0,0.0,0.0,37.0,1.0,0.0,0.0,0.0,0.0,0.0,0.0,0.0,0.0,0.0,0.0,0.0,0.0
2023-12-19,15832,50.0,50.0,24689.357923497268,0.0,20257.0,39852.160527403845,20200.0,10000.0,10200.0,0.0,0.0,51.0,1.0,0.0,0.0,0.0,0.0,0.0,0.0,0.0,0.0,0.0,0.0,0.0,0.0
2023-12-20,15781,41.0,41.0,24770.13661202186,0.0,20338.0,39550.15193444009,16200.0,10000.0,6200.0,0.0,0.0,31.0,1.0,0.0,0.0,0.0,0.0,0.0,0.0,0.0,0.0,0.0,0.0,0.0,0.0
2023-12-21,15741,38.0,38.0,24869.86338797814,0.0,20438.0,39460.89507765841,20000.0,10000.0,10000.0,0.0,0.0,50.0,1.0,0.0,0.0,0.0,0.0,0.0,0.0,0.0,0.0,0.0,0.0,0.0,0.0
2023-12-22,15679,49.0,49.0,24962.60928961749,0.0,20531.0,39264.76530493819,18600.0,10000.0,8600.0,0.0,0.0,43.0,1.0,0.0,0.0,0.0,0.0,0.0,0.0,0.0,0.0,0.0,0.0,0.0,0.0
2023-12-23,15635,40.0,40.0,25049.371584699453,0.0,20618.0,38781.81747972878,17400.0,9800.0,7600.0,0.0,0.0,38.0,1.0,0.0,0.0,0.0,0.0,0.0,0.0,0.0,0.0,0.0,0.0,0.0,0.0
2023-12-24,15588,47.0,47.0,25140.12295081967,0.0,20709.0,38485.25896723404,18200.0,10000.0,8200.0,0.0,0.0,41.0,1.0,0.0,0.0,0.0,0.0,0.0,0.0,0.0,0.0,0.0,0.0,0.0,0.0
2023-12-25,15544,50.0,50.0,25233.86612021858,0.0,20803.0,38180.844957532914,18800.0,9800.0,9000.0,0.0,0.0,45.0,1.0,0.0,0.0,0.0,0.0,0.0,0.0,0.0,0.0,0.0,0.0,0.0,0.0
2023-12-26,15500,52.0,52.0,25326.612021857924,0.0,20896.0,37804.26666800756,18600.0,9800.0,8800.0,0.0,0.0,44.0,1.0,0.0,0.0,0.0,0.0,0.0,0.0,0.0,0.0,0.0,0.0,0.0,0.0
2023-12-27,15459,62.0,62.0,25425.341530054644,0.0,20995.0,37725.69810292844,19800.0,10000.0,9800.0,0.0,0.0,49.0,1.0,0.0,0.0,0.0,0.0,0.0,0.0,0.0,0.0,0.0,0.0,0.0,0.0
2023-12-28,15422,58.0,58.0,25515.0956284153,0.0,21085.0,37279.29760958703,18000.0,10000.0,8000.0,0.0,0.0,40.0,1.0,0.0,0.0,0.0,0.0,0.0,0.0,0.0,0.0,0.0,0.0,0.0,0.0
2023-12-29,15390,51.0,51.0,25603.852459016394,0.0,21174.0,36839.486116523025,17800.0,10000.0,7800.0,0.0,0.0,39.0,1.0,0.0,0.0,0.0,0.0,0.0,0.0,0.0,0.0,0.0,0.0,0.0,0.0
2023-12-30,15352,46.0,46.0,25711.55737704918,0.0,21282.0,36485.39138754178,21600.0,10000.0,11600.0,0.0,0.0,58.0,1.0,0.0,0.0,0.0,0.0,0.0,0.0,0.0,0.0,0.0,0.0,0.0,0.0
2023-12-31,15290,55.0,55.0,25803.306010928958,0.0,21374.0,36308.5478671765,18400.0,10000.0,8400.0,0.0,0.0,42.0,1.0,0.0,0.0,0.0,0.0,0.0,0.0,0.0,0.0,0.0,0.0,0.0,0.0
