datetime,active_leaks,new_leaks,n_tags,rolling_cost_estimate,rolling_cost_estimate_b,cum_repaired_leaks,daily_emissions_kg,total_daily_cost,repair_cost,nat_repair_cost,verification_cost,natural_redund_tags,natural_n_tags,OGI_prop_sites_avail,OGI_cost,OGI_sites_visited,OGI_travel_time,OGI_survey_time,OGI_redund_tags,OGI_missed_leaks,OGI_sites_vis_w_leaks,OGI_eff_flags,OGI_n_tags,OGI_flags_redund1,OGI_flags_redund2,OGI_flag_wo_vent
2023-01-01,18174,42.0,42.0,72.80054644808743,0.0,55.0,79141.44454031112,14600.0,0.0,11000.0,0.0,0.0,55.0,1.0,3600.0,6.0,240.0,720.0,0.0,0.0,6.0,0.0,50.0,0.0,0.0,0.0
2023-01-02,18161,48.0,48.0,142.60928961748633,0.0,107.0,79386.78154193678,14000.0,0.0,10400.0,0.0,0.0,52.0,1.0,3600.0,6.0,240.0,720.0,0.0,0.0,6.0,0.0,73.0,0.0,0.0,0.0
2023-01-03,18157,46.0,46.0,208.4289617486339,0.0,155.0,79346.24571080261,13200.0,0.0,9600.0,0.0,0.0,48.0,1.0,3600.0,6.0,240.0,720.0,0.0,0.0,6.0,0.0,51.0,0.0,0.0,0.0
2023-01-04,18155,49.0,49.0,287.21311475409834,0.0,216.0,79254.14412451473,15800.0,0.0,12200.0,0.0,0.0,61.0,1.0,3600.0,6.0,240.0,720.0,0.0,0.0,6.0,0.0,76.0,0.0,0.0,0.0
2023-01-05,18143,51.0,51.0,357.02185792349724,0.0,268.0,79152.37184654865,14000.0,0.0,10400.0,0.0,0.0,52.0,1.0,3600.0,6.0,240.0,720.0,0.0,0.0,6.0,0.0,66.0,0.0,0.0,0.0
2023-01-06,18142,42.0,42.0,421.84426229508193,0.0,315.0,79030.09367983021,13000.0,0.0,9400.0,0.0,0.0,47.0,1.0,3600.0,6.0,240.0,720.0,0.0,0.0,6.0,0.0,65.0,0.0,0.0,0.0
2023-01-07,18137,47.0,47.0,499.6311475409836,0.0,375.0,79010.73230887252,15600.0,0.0,12000.0,0.0,0.0,60.0,1.0,3600.0,6.0,240.0,720.0,0.0,0.0,6.0,0.0,71.0,0.0,0.0,0.0
2023-01-08,18124,51.0,51.0,570.4371584699453,0.0,428.0,78909.31966703146,14200.0,0.0,10600.0,0.0,0.0,53.0,1.0,3600.0,6.0,240.0,720.0,0.0,0.0,6.0,0.0,55.0,0.0,0.0,0.0
2023-01-09,18122,48.0,48.0,630.2732240437159,0.0,470.0,78818.41027576008,12000.0,0.0,8400.0,0.0,0.0,42.0,1.0,3600.0,6.0,240.0,720.0,0.0,0.0,6.0,0.0,54.0,0.0,0.0,0.0
2023-01-10,18128,55.0,55.0,713.0464480874318,0.0,535.0,78849.74966080896,16600.0,0.0,13000.0,0.0,0.0,65.0,1.0,3600.0,6.0,240.0,720.0,0.0,0.0,6.0,0.0,73.0,0.0,0.0,0.0
2023-01-11,18118,51.0,51.0,779.8633879781421,0.0,584.0,78844.33022768231,13400.0,0.0,9800.0,0.0,0.0,49.0,1.0,3600.0,6.0,240.0,720.0,0.0,0.0,6.0,0.0,84.0,0.0,0.0,0.0
2023-01-12,18120,49.0,49.0,840.6967213114754,0.0,627.0,78712.54525623978,12200.0,0.0,8600.0,0.0,0.0,43.0,1.0,3600.0,6.0,240.0,720.0,0.0,0.0,6.0,0.0,75.0,0.0,0.0,0.0
2023-01-13,18126,51.0,51.0,911.5027322404371,0.0,680.0,78657.26776366912,14200.0,0.0,10600.0,0.0,0.0,53.0,1.0,3600.0,6.0,240.0,720.0,0.0,0.0,6.0,0.0,73.0,0.0,0.0,0.0
2023-01-14,18124,57.0,57.0,976.3251366120219,0.0,727.0,78992.05157430662,13000.0,0.0,9400.0,0.0,0.0,47.0,1.0,3600.0,6.0,240.0,720.0,0.0,0.0,6.0,0.0,64.0,0.0,0.0,0.0
2023-01-15,18134,45.0,45.0,1051.120218579235,0.0,784.0,78902.92676023357,15000.0,0.0,11400.0,0.0,0.0,57.0,1.0,3600.0,6.0,240.0,720.0,0.0,0.0,6.0,0.0,66.0,0.0,0.0,0.0
2023-01-16,18122,48.0,48.0,1115.9426229508197,0.0,831.0,78766.5242180356,13000.0,0.0,9400.0,0.0,0.0,47.0,1.0,3600.0,6.0,240.0,720.0,0.0,0.0,6.0,0.0,59.0,0.0,0.0,0.0
2023-01-17,18123,45.0,45.0,1178.7704918032787,0.0,876.0,78624.17432067335,12600.0,400.0,8600.0,0.0,0.0,43.0,1.0,3600.0,6.0,240.0,720.0,0.0,0.0,6.0,0.0,64.0,0.0,0.0,0.0
2023-01-18,18123,47.0,47.0,1260.5464480874318,0.0,940.0,78302.08784582546,16400.0,800.0,12000.0,0.0,0.0,60.0,1.0,3600.0,6.0,240.0,720.0,0.0,0.0,6.0,0.0,68.0,0.0,0.0,0.0
2023-01-19,18106,46.0,46.0,1335.3415300546446,0.0,997.0,77942.25333713205,15000.0,800.0,10600.0,0.0,0.0,53.0,1.0,3600.0,6.0,240.0,720.0,0.0,0.0,6.0,0.0,67.0,0.0,0.0,0.0
2023-01-20,18095,63.0,63.0,1399.1666666666665,0.0,1043.0,78167.89652753175,12800.0,0.0,9200.0,0.0,0.0,46.0,1.0,3600.0,6.0,240.0,720.0,0.0,0.0,6.0,0.0,64.0,0.0,0.0,0.0
2023-01-21,18112,56.0,56.0,1462.9918032786884,0.0,1089.0,77944.3810787086,12800.0,400.0,8800.0,0.0,0.0,44.0,1.0,3600.0,6.0,240.0,720.0,0.0,0.0,6.0,0.0,62.0,0.0,0.0,0.0
2023-01-22,18122,52.0,52.0,1525.8196721311476,0.0,1134.0,77820.01162389226,12600.0,600.0,8400.0,0.0,0.0,42.0,1.0,3600.0,6.0,240.0,720.0,0.0,0.0,6.0,0.0,88.0,0.0,0.0,0.0
2023-01-23,18129,53.0,53.0,1609.5901639344263,0.0,1200.0,77582.07338920426,16800.0,600.0,12600.0,0.0,0.0,63.0,1.0,3600.0,6.0,240.0,720.0,0.0,0.0,6.0,0.0,78.0,0.0,0.0,0.0
2023-01-24,18116,57.0,57.0,1674.412568306011,0.0,1247.0,77527.2174888998,13000.0,400.0,9000.0,0.0,0.0,45.0,1.0,3600.0,6.0,240.0,720.0,0.0,0.0,6.0,0.0,64.0,0.0,0.0,0.0
2023-01-25,18126,42.0,42.0,1744.22131147541,0.0,1299.0,77319.76848826182,14000.0,200.0,10200.0,0.0,0.0,51.0,1.0,3600.0,6.0,240.0,720.0,0.0,0.0,6.0,0.0,59.0,0.0,0.0,0.0
2023-01-26,18116,59.0,59.0,1832.9781420765028,0.0,1370.0,77048.2376588254,17800.0,1000.0,13200.0,0.0,0.0,66.0,1.0,3600.0,6.0,240.0,720.0,0.0,0.0,6.0,0.0,69.0,0.0,0.0,0.0
2023-01-27,18104,43.0,43.0,1896.8032786885246,0.0,1416.0,76802.92827491232,12800.0,400.0,8800.0,0.0,0.0,44.0,1.0,3600.0,6.0,240.0,720.0,0.0,0.0,6.0,0.0,57.0,0.0,0.0,0.0
2023-01-28,18101,49.0,49.0,1973.5928961748637,0.0,1475.0,76256.3771736156,15400.0,1000.0,10800.0,0.0,0.0,54.0,1.0,3600.0,6.0,240.0,720.0,0.0,0.0,6.0,0.0,78.0,0.0,0.0,0.0
2023-01-29,18091,66.0,66.0,2046.3934426229507,0.0,1530.0,76094.20861814392,14600.0,600.0,10400.0,0.0,0.0,52.0,1.0,3600.0,6.0,240.0,720.0,0.0,0.0,6.0,0.0,63.0,0.0,0.0,0.0
2023-01-30,18102,56.0,56.0,2112.2131147540986,0.0,1578.0,75974.77083190868,13200.0,400.0,9200.0,0.0,0.0,46.0,1.0,3600.0,6.0,240.0,720.0,0.0,0.0,6.0,0.0,80.0,0.0,0.0,0.0
2023-01-31,18110,47.0,47.0,2186.0109289617485,0.0,1634.0,75880.89636040802,14800.0,200.0,11000.0,0.0,0.0,55.0,1.0,3600.0,6.0,240.0,720.0,0.0,0.0,6.0,0.0,63.0,0.0,0.0,0.0
2023-02-01,18101,59.0,59.0,2260.8060109289618,0.0,1691.0,75850.8590267754,15000.0,200.0,11200.0,0.0,0.0,56.0,1.0,3600.0,6.0,240.0,720.0,0.0,0.0,6.0,0.0,56.0,0.0,0.0,0.0
2023-02-02,18103,52.0,52.0,2338.5928961748637,0.0,1751.0,75899.23634803384,15600.0,400.0,11600.0,0.0,0.0,58.0,1.0,3600.0,6.0,240.0,720.0,0.0,0.0,6.0,0.0,63.0,0.0,0.0,0.0
2023-02-03,18095,56.0,56.0,2410.396174863388,0.0,1805.0,75463.98470338498,14400.0,1000.0,9800.0,0.0,0.0,49.0,1.0,3600.0,6.0,240.0,720.0,0.0,0.0,6.0,0.0,81.0,0.0,0.0,0.0
2023-02-04,18097,73.0,73.0,2472.226775956284,0.0,1849.0,75473.60346515733,12400.0,400.0,8400.0,0.0,0.0,42.0,1.0,3600.0,6.0,240.0,720.0,0.0,0.0,6.0,0.0,67.0,0.0,0.0,0.0
2023-02-05,18126,55.0,55.0,2547.0218579234975,0.0,1906.0,74864.93118117486,15000.0,1400.0,10000.0,0.0,0.0,50.0,1.0,3600.0,6.0,240.0,720.0,0.0,0.0,6.0,0.0,65.0,0.0,0.0,0.0
2023-02-06,18124,49.0,49.0,2621.8169398907107,0.0,1963.0,74589.64189403219,15000.0,1000.0,10400.0,0.0,0.0,52.0,1.0,3600.0,6.0,240.0,720.0,0.0,0.0,6.0,0.0,64.0,0.0,0.0,0.0
2023-02-07,18116,58.0,58.0,2692.622950819672,0.0,2016.0,74462.9038796131,14200.0,800.0,9800.0,0.0,0.0,49.0,1.0,3600.0,6.0,240.0,720.0,0.0,0.0,6.0,0.0,77.0,0.0,0.0,0.0
2023-02-08,18121,52.0,52.0,2751.4617486338802,0.0,2057.0,74351.46163336055,11800.0,400.0,7800.0,0.0,0.0,39.0,1.0,3600.0,6.0,240.0,720.0,0.0,0.0,6.0,0.0,61.0,0.0,0.0,0.0
2023-02-09,18132,52.0,52.0,2810.3005464480875,0.0,2098.0,74196.61795172615,11800.0,800.0,7400.0,0.0,0.0,37.0,1.0,3600.0,6.0,240.0,720.0,0.0,0.0,6.0,0.0,55.0,0.0,0.0,0.0
2023-02-10,18143,48.0,48.0,2884.098360655738,0.0,2154.0,73949.07844314935,14800.0,1200.0,10000.0,0.0,0.0,50.0,1.0,3600.0,6.0,240.0,720.0,0.0,0.0,6.0,0.0,69.0,0.0,0.0,0.0
2023-02-11,18135,53.0,53.0,2945.928961748634,0.0,2198.0,73801.42216616511,12400.0,800.0,8000.0,0.0,0.0,40.0,1.0,3600.0,6.0,240.0,720.0,0.0,0.0,6.0,0.0,65.0,0.0,0.0,0.0
2023-02-12,18144,56.0,56.0,3021.72131147541,0.0,2256.0,73516.91172870435,15200.0,800.0,10800.0,0.0,0.0,54.0,1.0,3600.0,6.0,240.0,720.0,0.0,0.0,6.0,0.0,71.0,0.0,0.0,0.0
2023-02-13,18142,51.0,51.0,3086.5437158469945,0.0,2303.0,73427.43364408368,13000.0,200.0,9200.0,0.0,0.0,46.0,1.0,3600.0,6.0,240.0,720.0,0.0,0.0,6.0,0.0,69.0,0.0,0.0,0.0
2023-02-14,18146,48.0,48.0,3145.382513661202,0.0,2344.0,73268.98113822094,11800.0,600.0,7600.0,0.0,0.0,38.0,1.0,3600.0,6.0,240.0,720.0,0.0,0.0,6.0,0.0,74.0,0.0,0.0,0.0
2023-02-15,18153,63.0,63.0,3219.1803278688526,0.0,2400.0,73059.87454416313,14800.0,800.0,10400.0,0.0,0.0,52.0,1.0,3600.0,6.0,240.0,720.0,0.0,0.0,6.0,0.0,65.0,0.0,0.0,0.0
2023-02-16,18160,43.0,43.0,3285.997267759563,0.0,2449.0,72990.64358288427,13400.0,600.0,9200.0,0.0,0.0,46.0,1.0,3600.0,6.0,240.0,720.0,0.0,0.0,6.0,0.0,60.0,0.0,0.0,0.0
2023-02-17,18154,51.0,51.0,3356.8032786885246,0.0,2502.0,72782.88507555438,14200.0,400.0,10200.0,0.0,0.0,51.0,1.0,3600.0,6.0,240.0,720.0,0.0,0.0,6.0,0.0,73.0,0.0,0.0,0.0
2023-02-18,18152,68.0,68.0,3422.622950819672,0.0,2550.0,72734.33535335457,13200.0,600.0,9000.0,0.0,0.0,45.0,1.0,3600.0,6.0,240.0,720.0,0.0,0.0,6.0,0.0,68.0,0.0,0.0,0.0
2023-02-19,18172,41.0,41.0,3486.448087431694,0.0,2596.0,72641.78264903073,12800.0,200.0,9000.0,0.0,0.0,45.0,1.0,3600.0,6.0,240.0,720.0,0.0,0.0,6.0,0.0,89.0,0.0,0.0,0.0
2023-02-20,18167,53.0,53.0,3555.2595628415306,0.0,2647.0,72470.54253778596,13800.0,600.0,9600.0,0.0,0.0,48.0,1.0,3600.0,6.0,240.0,720.0,0.0,0.0,6.0,0.0,79.0,0.0,0.0,0.0
2023-02-21,18169,54.0,54.0,3635.040983606558,0.0,2709.0,72419.64915428226,16000.0,200.0,12200.0,0.0,0.0,61.0,1.0,3600.0,6.0,240.0,720.0,0.0,0.0,6.0,0.0,56.0,0.0,0.0,0.0
2023-02-22,18161,46.0,46.0,3698.8661202185795,0.0,2755.0,72419.75750976343,12800.0,0.0,9200.0,0.0,0.0,46.0,1.0,3600.0,6.0,240.0,720.0,0.0,0.0,6.0,0.0,76.0,0.0,0.0,0.0
2023-02-23,18161,50.0,50.0,3775.655737704918,0.0,2814.0,72331.78764729752,15400.0,200.0,11600.0,0.0,0.0,58.0,1.0,3600.0,6.0,240.0,720.0,0.0,0.0,6.0,0.0,75.0,0.0,0.0,0.0
2023-02-24,18152,56.0,56.0,3837.486338797814,0.0,2858.0,72349.80203382886,12400.0,400.0,8400.0,0.0,0.0,42.0,1.0,3600.0,6.0,240.0,720.0,0.0,0.0,6.0,0.0,75.0,0.0,0.0,0.0
2023-02-25,18164,66.0,66.0,3895.327868852459,0.0,2898.0,72115.29394410805,11600.0,600.0,7400.0,0.0,0.0,37.0,1.0,3600.0,6.0,240.0,720.0,0.0,0.0,6.0,0.0,66.0,0.0,0.0,0.0
2023-02-26,18190,50.0,50.0,3973.11475409836,0.0,2958.0,72209.4739712082,15600.0,400.0,11600.0,0.0,0.0,58.0,1.0,3600.0,6.0,240.0,720.0,0.0,0.0,6.0,0.0,78.0,0.0,0.0,0.0
2023-02-27,18180,47.0,47.0,4037.9371584699456,0.0,3005.0,72125.06995202543,13000.0,600.0,8800.0,0.0,0.0,44.0,1.0,3600.0,6.0,240.0,720.0,0.0,0.0,6.0,0.0,73.0,0.0,0.0,0.0
2023-02-28,18180,37.0,37.0,4107.745901639344,0.0,3057.0,71771.28818585498,14000.0,600.0,9800.0,0.0,0.0,49.0,1.0,3600.0,6.0,240.0,720.0,0.0,0.0,6.0,0.0,70.0,0.0,0.0,0.0
2023-03-01,18165,48.0,48.0,4182.540983606557,0.0,3114.0,71077.65225221823,15000.0,1400.0,10000.0,0.0,0.0,50.0,1.0,3600.0,6.0,240.0,720.0,0.0,0.0,6.0,0.0,58.0,0.0,0.0,0.0
2023-03-02,18156,56.0,56.0,4253.34699453552,0.0,3167.0,70668.98759561189,14200.0,1200.0,9400.0,0.0,0.0,47.0,1.0,3600.0,6.0,240.0,720.0,0.0,0.0,6.0,0.0,77.0,0.0,0.0,0.0
2023-03-03,18159,43.0,43.0,4323.1557377049185,0.0,3219.0,70462.8469480905,14000.0,600.0,9800.0,0.0,0.0,49.0,1.0,3600.0,6.0,240.0,720.0,0.0,0.0,6.0,0.0,73.0,0.0,0.0,0.0
2023-03-04,18150,50.0,50.0,4386.98087431694,0.0,3265.0,70426.52450093182,12800.0,200.0,9000.0,0.0,0.0,45.0,1.0,3600.0,6.0,240.0,720.0,0.0,0.0,6.0,0.0,67.0,0.0,0.0,0.0
2023-03-05,18154,43.0,43.0,4470.751366120219,0.0,3331.0,70218.50806037903,16800.0,400.0,12800.0,0.0,0.0,64.0,1.0,3600.0,6.0,240.0,720.0,0.0,0.0,6.0,0.0,57.0,0.0,0.0,0.0
2023-03-06,18131,50.0,50.0,4545.546448087432,0.0,3388.0,69922.8668832671,15000.0,200.0,11200.0,0.0,0.0,56.0,1.0,3600.0,6.0,240.0,720.0,0.0,0.0,6.0,0.0,66.0,0.0,0.0,0.0
2023-03-07,18124,49.0,49.0,4609.371584699454,0.0,3434.0,69659.03578709559,12800.0,600.0,8600.0,0.0,0.0,43.0,1.0,3600.0,6.0,240.0,720.0,0.0,0.0,6.0,0.0,62.0,0.0,0.0,0.0
2023-03-08,18127,51.0,51.0,4685.163934426229,0.0,3492.0,69291.778892324,15200.0,1400.0,10200.0,0.0,0.0,51.0,1.0,3600.0,6.0,240.0,720.0,0.0,0.0,6.0,0.0,78.0,0.0,0.0,0.0
2023-03-09,18120,45.0,45.0,4748.9890710382515,0.0,3538.0,68962.08549982378,12800.0,800.0,8400.0,0.0,0.0,42.0,1.0,3600.0,6.0,240.0,720.0,0.0,0.0,6.0,0.0,66.0,0.0,0.0,0.0
2023-03-10,18119,49.0,49.0,4828.770491803279,0.0,3600.0,68865.96792226464,16000.0,600.0,11800.0,0.0,0.0,59.0,1.0,3600.0,6.0,240.0,720.0,0.0,0.0,6.0,0.0,72.0,0.0,0.0,0.0
2023-03-11,18106,59.0,59.0,4912.540983606557,0.0,3666.0,68551.01823957657,16800.0,800.0,12400.0,0.0,0.0,62.0,1.0,3600.0,6.0,240.0,720.0,0.0,0.0,6.0,0.0,67.0,0.0,0.0,0.0
2023-03-12,18099,73.0,73.0,4986.338797814207,0.0,3722.0,68273.82807774501,14800.0,1600.0,9600.0,0.0,0.0,48.0,1.0,3600.0,6.0,240.0,720.0,0.0,0.0,6.0,0.0,59.0,0.0,0.0,0.0
2023-03-13,18116,50.0,50.0,5052.158469945355,0.0,3770.0,68284.26313021351,13200.0,600.0,9000.0,0.0,0.0,45.0,1.0,3600.0,6.0,240.0,720.0,0.0,0.0,6.0,0.0,82.0,0.0,0.0,0.0
2023-03-14,18118,60.0,60.0,5124.959016393443,0.0,3825.0,67984.74449062723,14600.0,400.0,10600.0,0.0,0.0,53.0,1.0,3600.0,6.0,240.0,720.0,0.0,0.0,6.0,0.0,68.0,0.0,0.0,0.0
2023-03-15,18123,59.0,59.0,5202.745901639344,0.0,3885.0,67594.7194152489,15600.0,600.0,11400.0,0.0,0.0,57.0,1.0,3600.0,6.0,240.0,720.0,0.0,0.0,6.0,0.0,86.0,0.0,0.0,0.0
2023-03-16,18122,55.0,55.0,5265.573770491803,0.0,3930.0,67506.72460078851,12600.0,400.0,8600.0,0.0,0.0,43.0,1.0,3600.0,6.0,240.0,720.0,0.0,0.0,6.0,0.0,77.0,0.0,0.0,0.0
2023-03-17,18132,52.0,52.0,5330.396174863388,0.0,3977.0,67525.59172619777,13000.0,200.0,9200.0,0.0,0.0,46.0,1.0,3600.0,6.0,240.0,720.0,0.0,0.0,6.0,0.0,80.0,0.0,0.0,0.0
2023-03-18,18137,43.0,43.0,5412.17213114754,0.0,4041.0,67209.79414584191,16400.0,1000.0,11800.0,0.0,0.0,59.0,1.0,3600.0,6.0,240.0,720.0,0.0,0.0,6.0,0.0,65.0,0.0,0.0,0.0
2023-03-19,18116,45.0,45.0,5479.986338797815,0.0,4091.0,67032.02824814567,13600.0,800.0,9200.0,0.0,0.0,46.0,1.0,3600.0,6.0,240.0,720.0,0.0,0.0,6.0,0.0,66.0,0.0,0.0,0.0
2023-03-20,18111,54.0,54.0,5535.833333333334,0.0,4129.0,66746.47675852047,11200.0,800.0,6800.0,0.0,0.0,34.0,1.0,3600.0,6.0,240.0,720.0,0.0,0.0,6.0,0.0,56.0,0.0,0.0,0.0
2023-03-21,18127,58.0,58.0,5600.655737704918,0.0,4176.0,66567.67622725267,13000.0,800.0,8600.0,0.0,0.0,43.0,1.0,3600.0,6.0,240.0,720.0,0.0,0.0,6.0,0.0,63.0,0.0,0.0,0.0
2023-03-22,18138,49.0,49.0,5674.453551912568,0.0,4232.0,66380.8753991434,14800.0,600.0,10600.0,0.0,0.0,53.0,1.0,3600.0,6.0,240.0,720.0,0.0,0.0,6.0,0.0,63.0,0.0,0.0,0.0
2023-03-23,18131,42.0,42.0,5739.275956284154,0.0,4279.0,66647.32602183317,13000.0,200.0,9200.0,0.0,0.0,46.0,1.0,3600.0,6.0,240.0,720.0,0.0,0.0,6.0,0.0,71.0,0.0,0.0,0.0
2023-03-24,18126,43.0,43.0,5799.112021857923,0.0,4321.0,66626.10176410191,12000.0,0.0,8400.0,0.0,0.0,42.0,1.0,3600.0,6.0,240.0,720.0,0.0,0.0,6.0,0.0,82.0,0.0,0.0,0.0
2023-03-25,18127,44.0,44.0,5844.986338797815,0.0,4361.0,66302.20422279976,9200.0,1200.0,6800.0,0.0,0.0,34.0,1.0,1200.0,2.0,90.0,240.0,0.0,0.0,2.0,0.0,18.0,0.0,0.0,0.0
2023-03-26,18131,59.0,59.0,5887.868852459016,0.0,4404.0,66235.91886798164,8600.0,600.0,8000.0,0.0,0.0,40.0,1.0,0.0,0.0,0.0,0.0,0.0,0.0,0.0,0.0,0.0,0.0,0.0,0.0
2023-03-27,18147,55.0,55.0,5939.726775956285,0.0,4456.0,65617.45914780936,10400.0,1600.0,8800.0,0.0,0.0,44.0,1.0,0.0,0.0,0.0,0.0,0.0,0.0,0.0,0.0,0.0,0.0,0.0,0.0
2023-03-28,18150,57.0,57.0,6002.554644808743,0.0,4519.0,65210.42540472467,12600.0,1600.0,11000.0,0.0,0.0,55.0,1.0,0.0,0.0,0.0,0.0,0.0,0.0,0.0,0.0,0.0,0.0,0.0,0.0
2023-03-29,18144,44.0,44.0,6060.396174863388,0.0,4577.0,64888.58962873902,11600.0,2000.0,9600.0,0.0,0.0,48.0,1.0,0.0,0.0,0.0,0.0,0.0,0.0,0.0,0.0,0.0,0.0,0.0,0.0
2023-03-30,18130,43.0,43.0,6126.215846994535,0.0,4643.0,64638.04537707063,13200.0,1800.0,11400.0,0.0,0.0,57.0,1.0,0.0,0.0,0.0,0.0,0.0,0.0,0.0,0.0,0.0,0.0,0.0,0.0
2023-03-31,18107,51.0,51.0,6182.062841530054,0.0,4699.0,64264.07748044125,11200.0,2200.0,9000.0,0.0,0.0,45.0,1.0,0.0,0.0,0.0,0.0,0.0,0.0,0.0,0.0,0.0,0.0,0.0,0.0
2023-04-01,18102,61.0,61.0,6255.860655737705,0.0,4773.0,63364.07276330614,14800.0,3400.0,11400.0,0.0,0.0,57.0,1.0,0.0,0.0,0.0,0.0,0.0,0.0,0.0,0.0,0.0,0.0,0.0,0.0
2023-04-02,18089,54.0,54.0,6321.680327868853,0.0,4839.0,62710.68466943549,13200.0,4000.0,9200.0,0.0,0.0,46.0,1.0,0.0,0.0,0.0,0.0,0.0,0.0,0.0,0.0,0.0,0.0,0.0,0.0
2023-04-03,18077,48.0,48.0,6383.5109289617485,0.0,4901.0,61894.37895431119,12400.0,4800.0,7600.0,0.0,0.0,38.0,1.0,0.0,0.0,0.0,0.0,0.0,0.0,0.0,0.0,0.0,0.0,0.0,0.0
2023-04-04,18063,46.0,46.0,6454.31693989071,0.0,4972.0,60978.35997373458,14200.0,5600.0,8600.0,0.0,0.0,43.0,1.0,0.0,0.0,0.0,0.0,0.0,0.0,0.0,0.0,0.0,0.0,0.0,0.0
2023-04-05,18038,46.0,46.0,6533.101092896175,0.0,5051.0,60087.58330302047,15800.0,5800.0,10000.0,0.0,0.0,50.0,1.0,0.0,0.0,0.0,0.0,0.0,0.0,0.0,0.0,0.0,0.0,0.0,0.0
2023-04-06,18005,60.0,60.0,6598.920765027322,0.0,5117.0,59420.70373350448,13200.0,5400.0,7800.0,0.0,0.0,39.0,1.0,0.0,0.0,0.0,0.0,0.0,0.0,0.0,0.0,0.0,0.0,0.0,0.0
2023-04-07,17999,42.0,42.0,6690.669398907104,0.0,5209.0,58386.47063418282,18400.0,6400.0,12000.0,0.0,0.0,60.0,1.0,0.0,0.0,0.0,0.0,0.0,0.0,0.0,0.0,0.0,0.0,0.0,0.0
2023-04-08,17949,53.0,53.0,6789.398907103825,0.0,5308.0,57386.50256024954,19800.0,7600.0,12200.0,0.0,0.0,61.0,1.0,0.0,0.0,0.0,0.0,0.0,0.0,0.0,0.0,0.0,0.0,0.0,0.0
2023-04-09,17903,58.0,58.0,6892.117486338798,0.0,5411.0,56427.288459398515,20600.0,8400.0,12200.0,0.0,0.0,61.0,1.0,0.0,0.0,0.0,0.0,0.0,0.0,0.0,0.0,0.0,0.0,0.0,0.0
2023-04-10,17858,44.0,44.0,6991.844262295082,0.0,5511.0,55394.728677104635,20000.0,9400.0,10600.0,0.0,0.0,53.0,1.0,0.0,0.0,0.0,0.0,0.0,0.0,0.0,0.0,0.0,0.0,0.0,0.0
2023-04-11,17802,53.0,53.0,7084.5901639344265,0.0,5604.0,54292.35175633466,18600.0,9800.0,8800.0,0.0,0.0,44.0,1.0,0.0,0.0,0.0,0.0,0.0,0.0,0.0,0.0,0.0,0.0,0.0,0.0
2023-04-12,17762,57.0,57.0,7170.355191256831,0.0,5690.0,53441.81366622311,17200.0,10000.0,7200.0,0.0,0.0,36.0,1.0,0.0,0.0,0.0,0.0,0.0,0.0,0.0,0.0,0.0,0.0,0.0,0.0
2023-04-13,17733,49.0,49.0,7270.081967213116,0.0,5790.0,52527.32964273067,20000.0,10000.0,10000.0,0.0,0.0,50.0,1.0,0.0,0.0,0.0,0.0,0.0,0.0,0.0,0.0,0.0,0.0,0.0,0.0
2023-04-14,17682,51.0,51.0,7363.825136612021,0.0,5884.0,51854.61570054134,18800.0,10000.0,8800.0,0.0,0.0,44.0,1.0,0.0,0.0,0.0,0.0,0.0,0.0,0.0,0.0,0.0,0.0,0.0,0.0
2023-04-15,17639,55.0,55.0,7471.530054644809,0.0,5992.0,51168.8211044857,21600.0,10000.0,11600.0,0.0,0.0,58.0,1.0,0.0,0.0,0.0,0.0,0.0,0.0,0.0,0.0,0.0,0.0,0.0,0.0
2023-04-16,17586,50.0,50.0,7563.278688524589,0.0,6084.0,50439.94641660007,18400.0,10000.0,8400.0,0.0,0.0,42.0,1.0,0.0,0.0,0.0,0.0,0.0,0.0,0.0,0.0,0.0,0.0,0.0,0.0
2023-04-17,17544,48.0,48.0,7655.027322404372,0.0,6176.0,50027.086683155685,18400.0,10000.0,8400.0,0.0,0.0,42.0,1.0,0.0,0.0,0.0,0.0,0.0,0.0,0.0,0.0,0.0,0.0,0.0,0.0
2023-04-18,17500,40.0,40.0,7737.8005464480875,0.0,6259.0,49372.322307319,16600.0,10000.0,6600.0,0.0,0.0,33.0,1.0,0.0,0.0,0.0,0.0,0.0,0.0,0.0,0.0,0.0,0.0,0.0,0.0
2023-04-19,17457,51.0,51.0,7821.571038251365,0.0,6343.0,48702.07841572655,16800.0,10000.0,6800.0,0.0,0.0,34.0,1.0,0.0,0.0,0.0,0.0,0.0,0.0,0.0,0.0,0.0,0.0,0.0,0.0
2023-04-20,17424,54.0,54.0,7912.322404371585,0.0,6434.0,48191.25909722278,18200.0,10000.0,8200.0,0.0,0.0,41.0,1.0,0.0,0.0,0.0,0.0,0.0,0.0,0.0,0.0,0.0,0.0,0.0,0.0
2023-04-21,17387,53.0,53.0,7999.084699453552,0.0,6521.0,47673.025863619885,17400.0,10000.0,7400.0,0.0,0.0,37.0,1.0,0.0,0.0,0.0,0.0,0.0,0.0,0.0,0.0,0.0,0.0,0.0,0.0
2023-04-22,17353,54.0,54.0,8092.82786885246,0.0,6615.0,47189.73736300537,18800.0,10000.0,8800.0,0.0,0.0,44.0,1.0,0.0,0.0,0.0,0.0,0.0,0.0,0.0,0.0,0.0,0.0,0.0,0.0
2023-04-23,17313,48.0,48.0,8192.554644808744,0.0,6715.0,46797.15417429505,20000.0,10000.0,10000.0,0.0,0.0,50.0,1.0,0.0,0.0,0.0,0.0,0.0,0.0,0.0,0.0,0.0,0.0,0.0,0.0
2023-04-24,17261,57.0,57.0,8283.30601092896,0.0,6806.0,46671.1149846309,18200.0,10000.0,8200.0,0.0,0.0,41.0,1.0,0.0,0.0,0.0,0.0,0.0,0.0,0.0,0.0,0.0,0.0,0.0,0.0
2023-04-25,17227,51.0,51.0,8380.040983606557,0.0,6903.0,46258.77879629402,19400.0,10000.0,9400.0,0.0,0.0,47.0,1.0,0.0,0.0,0.0,0.0,0.0,0.0,0.0,0.0,0.0,0.0,0.0,0.0
2023-04-26,17181,48.0,48.0,8486.748633879783,0.0,7010.0,45780.50844167521,21400.0,10000.0,11400.0,0.0,0.0,57.0,1.0,0.0,0.0,0.0,0.0,0.0,0.0,0.0,0.0,0.0,0.0,0.0,0.0
2023-04-27,17122,54.0,54.0,8581.48907103825,0.0,7105.0,45601.90742533151,19000.0,10000.0,9000.0,0.0,0.0,45.0,1.0,0.0,0.0,0.0,0.0,0.0,0.0,0.0,0.0,0.0,0.0,0.0,0.0
2023-04-28,17081,58.0,58.0,8671.243169398907,0.0,7195.0,45250.85432571149,18000.0,10000.0,8000.0,0.0,0.0,40.0,1.0,0.0,0.0,0.0,0.0,0.0,0.0,0.0,0.0,0.0,0.0,0.0,0.0
2023-04-29,17049,52.0,52.0,8755.013661202185,0.0,7279.0,44900.9963486573,16800.0,10000.0,6800.0,0.0,0.0,34.0,1.0,0.0,0.0,0.0,0.0,0.0,0.0,0.0,0.0,0.0,0.0,0.0,0.0
2023-04-30,17017,56.0,56.0,8849.754098360654,0.0,7374.0,44485.92000089335,19000.0,10000.0,9000.0,0.0,0.0,45.0,1.0,0.0,0.0,0.0,0.0,0.0,0.0,0.0,0.0,0.0,0.0,0.0,0.0
2023-05-01,16978,50.0,50.0,8942.5,0.0,7467.0,44048.19658396823,18600.0,10000.0,8600.0,0.0,0.0,43.0,1.0,0.0,0.0,0.0,0.0,0.0,0.0,0.0,0.0,0.0,0.0,0.0,0.0
2023-05-02,16935,62.0,62.0,9053.196721311477,0.0,7560.0,43881.08652063118,22200.0,9200.0,9400.0,0.0,0.0,47.0,1.0,3600.0,6.0,240.0,720.0,23.0,0.0,6.0,0.0,25.0,0.0,0.0,0.0
2023-05-03,16904,52.0,52.0,9136.967213114754,0.0,7626.0,43775.986154807695,16800.0,6600.0,6600.0,0.0,0.0,33.0,1.0,3600.0,6.0,240.0,720.0,32.0,0.0,6.0,0.0,34.0,0.0,0.0,0.0
2023-05-04,16890,52.0,52.0,9213.756830601093,0.0,7685.0,43783.36754800652,15400.0,5000.0,6800.0,0.0,0.0,34.0,1.0,3600.0,6.0,240.0,720.0,18.0,0.0,6.0,0.0,21.0,0.0,0.0,0.0
2023-05-05,16883,55.0,55.0,9292.540983606557,0.0,7746.0,43776.55453067589,15800.0,3000.0,9200.0,0.0,0.0,46.0,1.0,3600.0,6.0,240.0,720.0,36.0,0.0,6.0,0.0,28.0,0.0,0.0,0.0
2023-05-06,16877,51.0,51.0,9359.357923497266,0.0,7795.0,43858.61226115944,13400.0,1400.0,8400.0,0.0,0.0,42.0,1.0,3600.0,6.0,240.0,720.0,26.0,0.0,6.0,0.0,21.0,0.0,0.0,0.0
2023-05-07,16879,53.0,53.0,9423.18306010929,0.0,7841.0,43917.29829461512,12800.0,0.0,9200.0,0.0,0.0,46.0,1.0,3600.0,6.0,240.0,720.0,29.0,0.0,6.0,0.0,27.0,0.0,0.0,0.0
2023-05-08,16886,41.0,41.0,9492.991803278688,0.0,7893.0,43938.43565644526,14000.0,0.0,10400.0,0.0,0.0,52.0,1.0,3600.0,6.0,240.0,720.0,25.0,0.0,6.0,0.0,20.0,0.0,0.0,0.0
2023-05-09,16875,49.0,49.0,9556.81693989071,0.0,7939.0,44025.06874281549,12800.0,0.0,9200.0,0.0,0.0,46.0,1.0,3600.0,6.0,240.0,720.0,23.0,0.0,6.0,0.0,19.0,0.0,0.0,0.0
2023-05-10,16878,57.0,57.0,9609.672131147541,0.0,7974.0,44272.34012361884,10600.0,0.0,7000.0,0.0,0.0,35.0,1.0,3600.0,6.0,240.0,720.0,18.0,0.0,6.0,0.0,28.0,0.0,0.0,0.0
2023-05-11,16900,41.0,41.0,9665.51912568306,0.0,8012.0,44411.360769311024,11200.0,0.0,7600.0,0.0,0.0,38.0,1.0,3600.0,6.0,240.0,720.0,25.0,0.0,6.0,0.0,25.0,0.0,0.0,0.0
2023-05-12,16903,49.0,49.0,9729.344262295082,0.0,8058.0,44412.60683513495,12800.0,0.0,9200.0,0.0,0.0,46.0,1.0,3600.0,6.0,240.0,720.0,39.0,0.0,6.0,0.0,22.0,0.0,0.0,0.0
2023-05-13,16906,55.0,55.0,9791.174863387978,0.0,8102.0,44632.83158346826,12400.0,0.0,8800.0,0.0,0.0,44.0,1.0,3600.0,6.0,240.0,720.0,36.0,0.0,6.0,0.0,23.0,0.0,0.0,0.0
2023-05-14,16917,51.0,51.0,9850.013661202185,0.0,8143.0,44792.91190851752,11800.0,0.0,8200.0,0.0,0.0,41.0,1.0,3600.0,6.0,240.0,720.0,32.0,0.0,6.0,0.0,24.0,0.0,0.0,0.0
2023-05-15,16927,49.0,49.0,9908.852459016394,0.0,8184.0,44831.35834540668,11800.0,0.0,8200.0,0.0,0.0,41.0,1.0,3600.0,6.0,240.0,720.0,24.0,0.0,6.0,0.0,30.0,0.0,0.0,0.0
2023-05-16,16935,61.0,61.0,9958.715846994535,0.0,8216.0,44991.29173467503,10000.0,0.0,6400.0,0.0,0.0,32.0,1.0,3600.0,6.0,240.0,720.0,32.0,0.0,6.0,0.0,19.0,0.0,0.0,0.0
2023-05-17,16964,64.0,64.0,10016.557377049181,0.0,8256.0,45167.60567742864,11600.0,0.0,8000.0,0.0,0.0,40.0,1.0,3600.0,6.0,240.0,720.0,29.0,0.0,6.0,0.0,14.0,0.0,0.0,0.0
2023-05-18,16988,46.0,46.0,10076.39344262295,0.0,8298.0,45216.440306939716,12000.0,0.0,8400.0,0.0,0.0,42.0,1.0,3600.0,6.0,240.0,720.0,27.0,0.0,6.0,0.0,24.0,0.0,0.0,0.0
2023-05-19,16992,64.0,64.0,10140.218579234974,0.0,8344.0,45311.95813644038,12800.0,800.0,8400.0,0.0,0.0,42.0,1.0,3600.0,6.0,240.0,720.0,23.0,0.0,6.0,0.0,25.0,0.0,0.0,0.0
2023-05-20,17010,50.0,50.0,10217.008196721312,0.0,8403.0,45244.065720926796,15400.0,1000.0,10800.0,0.0,0.0,54.0,1.0,3600.0,6.0,240.0,720.0,31.0,0.0,6.0,0.0,19.0,0.0,0.0,0.0
2023-05-21,17001,55.0,55.0,10273.852459016394,0.0,8442.0,45265.93825123331,11400.0,600.0,7200.0,0.0,0.0,36.0,1.0,3600.0,6.0,240.0,720.0,30.0,0.0,6.0,0.0,14.0,0.0,0.0,0.0
2023-05-22,17017,47.0,47.0,10339.672131147541,0.0,8490.0,45337.94765305984,13200.0,400.0,9200.0,0.0,0.0,46.0,1.0,3600.0,6.0,240.0,720.0,26.0,0.0,6.0,0.0,24.0,0.0,0.0,0.0
2023-05-23,17016,63.0,63.0,10395.51912568306,0.0,8528.0,45459.663228606536,11200.0,400.0,7200.0,0.0,0.0,36.0,1.0,3600.0,6.0,240.0,720.0,46.0,0.0,6.0,0.0,22.0,0.0,0.0,0.0
2023-05-24,17041,38.0,38.0,10464.330601092895,0.0,8579.0,45418.1712716207,13800.0,400.0,9800.0,0.0,0.0,49.0,1.0,3600.0,6.0,240.0,720.0,35.0,0.0,6.0,0.0,22.0,0.0,0.0,0.0
2023-05-25,17028,57.0,57.0,10544.112021857924,0.0,8641.0,45537.368350309785,16000.0,800.0,11600.0,0.0,0.0,58.0,1.0,3600.0,6.0,240.0,720.0,29.0,0.0,6.0,0.0,30.0,0.0,0.0,0.0
2023-05-26,17023,33.0,33.0,10608.934426229507,0.0,8688.0,45474.74489513768,13000.0,400.0,9000.0,0.0,0.0,45.0,1.0,3600.0,6.0,240.0,720.0,25.0,0.0,6.0,0.0,26.0,0.0,0.0,0.0
2023-05-27,17009,44.0,44.0,10661.789617486338,0.0,8723.0,45474.617746677875,10600.0,600.0,6400.0,0.0,0.0,32.0,1.0,3600.0,6.0,240.0,720.0,25.0,0.0,6.0,0.0,23.0,0.0,0.0,0.0
2023-05-28,17018,49.0,49.0,10726.612021857924,0.0,8770.0,45474.60253961007,13000.0,800.0,8600.0,0.0,0.0,43.0,1.0,3600.0,6.0,240.0,720.0,30.0,0.0,6.0,0.0,25.0,0.0,0.0,0.0
2023-05-29,17020,51.0,51.0,10777.47267759563,0.0,8803.0,45573.27414390327,10200.0,200.0,6400.0,0.0,0.0,32.0,1.0,3600.0,6.0,240.0,720.0,31.0,0.0,6.0,0.0,21.0,0.0,0.0,0.0
2023-05-30,17038,35.0,35.0,10830.327868852459,0.0,8838.0,45684.15910115327,10600.0,400.0,6600.0,0.0,0.0,33.0,1.0,3600.0,6.0,240.0,720.0,34.0,0.0,6.0,0.0,18.0,0.0,0.0,0.0
2023-05-31,17038,50.0,50.0,10901.13387978142,0.0,8891.0,45641.74423399734,14200.0,1200.0,9400.0,0.0,0.0,47.0,1.0,3600.0,6.0,240.0,720.0,32.0,0.0,6.0,0.0,18.0,0.0,0.0,0.0
2023-06-01,17035,48.0,48.0,10964.959016393444,0.0,8937.0,45548.04117349689,12800.0,400.0,8800.0,0.0,0.0,44.0,1.0,3600.0,6.0,240.0,720.0,24.0,0.0,6.0,0.0,26.0,0.0,0.0,0.0
2023-06-02,17037,44.0,44.0,11023.79781420765,0.0,8978.0,45624.32253942441,11800.0,400.0,7800.0,0.0,0.0,39.0,1.0,3600.0,6.0,240.0,720.0,19.0,0.0,6.0,0.0,36.0,0.0,0.0,0.0
2023-06-03,17040,46.0,46.0,11086.625683060109,0.0,9023.0,45638.95379314104,12600.0,400.0,8600.0,0.0,0.0,43.0,1.0,3600.0,6.0,240.0,720.0,26.0,0.0,6.0,0.0,23.0,0.0,0.0,0.0
2023-06-04,17041,44.0,44.0,11150.450819672133,0.0,9069.0,45517.70170096593,12800.0,600.0,8600.0,0.0,0.0,43.0,1.0,3600.0,6.0,240.0,720.0,39.0,0.0,6.0,0.0,19.0,0.0,0.0,0.0
2023-06-05,17039,45.0,45.0,11207.295081967213,0.0,9108.0,45619.34434331411,11400.0,200.0,7600.0,0.0,0.0,38.0,1.0,3600.0,6.0,240.0,720.0,28.0,0.0,6.0,0.0,20.0,0.0,0.0,0.0
2023-06-06,17045,51.0,51.0,11271.120218579234,0.0,9154.0,45661.09739388654,12800.0,200.0,9000.0,0.0,0.0,45.0,1.0,3600.0,6.0,240.0,720.0,37.0,0.0,6.0,0.0,31.0,0.0,0.0,0.0
2023-06-07,17050,50.0,50.0,11340.928961748634,0.0,9206.0,45702.00055981912,14000.0,200.0,10200.0,0.0,0.0,51.0,1.0,3600.0,6.0,240.0,720.0,32.0,0.0,6.0,0.0,25.0,0.0,0.0,0.0
2023-06-08,17048,48.0,48.0,11411.734972677596,0.0,9259.0,45724.806212943426,14200.0,800.0,9800.0,0.0,0.0,49.0,1.0,3600.0,6.0,240.0,720.0,32.0,0.0,6.0,0.0,22.0,0.0,0.0,0.0
2023-06-09,17043,40.0,40.0,11488.524590163934,0.0,9318.0,45780.18943382053,15400.0,600.0,11200.0,0.0,0.0,56.0,1.0,3600.0,6.0,240.0,720.0,31.0,0.0,6.0,0.0,24.0,0.0,0.0,0.0
2023-06-10,17024,47.0,47.0,11557.336065573769,0.0,9369.0,45663.32189361474,13800.0,800.0,9400.0,0.0,0.0,47.0,1.0,3600.0,6.0,240.0,720.0,25.0,0.0,6.0,0.0,22.0,0.0,0.0,0.0
2023-06-11,17020,57.0,57.0,11620.163934426231,0.0,9414.0,45590.13360901297,12600.0,800.0,8200.0,0.0,0.0,41.0,1.0,3600.0,6.0,240.0,720.0,36.0,0.0,6.0,0.0,28.0,0.0,0.0,0.0
2023-06-12,17032,54.0,54.0,11684.986338797815,0.0,9461.0,45485.13771492901,13000.0,600.0,8800.0,0.0,0.0,44.0,1.0,3600.0,6.0,240.0,720.0,29.0,0.0,6.0,0.0,22.0,0.0,0.0,0.0
2023-06-13,17039,50.0,50.0,11745.819672131147,0.0,9504.0,45584.38759723942,12200.0,400.0,8200.0,0.0,0.0,41.0,1.0,3600.0,6.0,240.0,720.0,25.0,0.0,6.0,0.0,21.0,0.0,0.0,0.0
2023-06-14,17046,50.0,50.0,11809.644808743167,0.0,9550.0,45549.230521766614,12800.0,800.0,8400.0,0.0,0.0,42.0,1.0,3600.0,6.0,240.0,720.0,24.0,0.0,6.0,0.0,21.0,0.0,0.0,0.0
2023-06-15,17050,42.0,42.0,11867.486338797815,0.0,9590.0,45528.486246487984,11600.0,400.0,7600.0,0.0,0.0,38.0,1.0,3600.0,6.0,240.0,720.0,28.0,0.0,6.0,0.0,19.0,0.0,0.0,0.0
2023-06-16,17052,53.0,53.0,11930.314207650274,0.0,9635.0,45571.6881460223,12600.0,1000.0,8000.0,0.0,0.0,40.0,1.0,3600.0,6.0,240.0,720.0,31.0,0.0,6.0,0.0,23.0,0.0,0.0,0.0
2023-06-17,17060,44.0,44.0,11999.125683060109,0.0,9686.0,45369.65802744485,13800.0,1200.0,9000.0,0.0,0.0,45.0,1.0,3600.0,6.0,240.0,720.0,25.0,0.0,6.0,0.0,22.0,0.0,0.0,0.0
2023-06-18,17053,58.0,58.0,12063.948087431692,0.0,9733.0,45114.70165957761,13000.0,1200.0,8200.0,0.0,0.0,41.0,1.0,3600.0,6.0,240.0,720.0,29.0,0.0,6.0,0.0,20.0,0.0,0.0,0.0
2023-06-19,17064,38.0,38.0,12127.773224043716,0.0,9779.0,44914.37535350206,12800.0,2000.0,7200.0,0.0,0.0,36.0,1.0,3600.0,6.0,240.0,720.0,27.0,0.0,6.0,0.0,32.0,0.0,0.0,0.0
2023-06-20,17056,51.0,51.0,12212.540983606556,0.0,9846.0,44765.92976643862,17000.0,1800.0,11600.0,0.0,0.0,58.0,1.0,3600.0,6.0,240.0,720.0,39.0,0.0,6.0,0.0,17.0,0.0,0.0,0.0
2023-06-21,17040,52.0,52.0,12268.387978142076,0.0,9884.0,44785.510197186566,11200.0,1400.0,6200.0,0.0,0.0,31.0,1.0,3600.0,6.0,240.0,720.0,37.0,0.0,6.0,0.0,24.0,0.0,0.0,0.0
2023-06-22,17054,52.0,52.0,12343.18306010929,0.0,9941.0,44591.39739988233,15000.0,2000.0,9400.0,0.0,0.0,47.0,1.0,3600.0,6.0,240.0,720.0,21.0,0.0,6.0,0.0,17.0,0.0,0.0,0.0
2023-06-23,17049,57.0,57.0,12424.959016393444,0.0,10005.0,44423.75588919954,16400.0,1800.0,11000.0,0.0,0.0,55.0,1.0,3600.0,6.0,240.0,720.0,33.0,0.0,6.0,0.0,17.0,0.0,0.0,0.0
2023-06-24,17042,60.0,60.0,12484.795081967213,0.0,10047.0,44481.96602441433,12000.0,800.0,7600.0,0.0,0.0,38.0,1.0,3600.0,6.0,240.0,720.0,34.0,0.0,6.0,0.0,20.0,0.0,0.0,0.0
2023-06-25,17060,62.0,62.0,12556.598360655737,0.0,10101.0,44660.539771195356,14400.0,1200.0,9600.0,0.0,0.0,48.0,1.0,3600.0,6.0,240.0,720.0,38.0,0.0,6.0,0.0,22.0,0.0,0.0,0.0
2023-06-26,17068,47.0,47.0,12621.420765027322,0.0,10148.0,44407.11156104942,13000.0,1800.0,7600.0,0.0,0.0,38.0,1.0,3600.0,6.0,240.0,720.0,32.0,0.0,6.0,0.0,23.0,0.0,0.0,0.0
2023-06-27,17068,48.0,48.0,12690.232240437157,0.0,10199.0,44493.21274625176,13800.0,800.0,9400.0,0.0,0.0,47.0,1.0,3600.0,6.0,240.0,720.0,30.0,0.0,6.0,0.0,29.0,0.0,0.0,0.0
2023-06-28,17065,60.0,60.0,12745.081967213115,0.0,10236.0,44617.55272374672,11000.0,0.0,7400.0,0.0,0.0,37.0,1.0,3600.0,6.0,240.0,720.0,36.0,0.0,6.0,0.0,24.0,0.0,0.0,0.0
2023-06-29,17088,63.0,63.0,12807.909836065573,0.0,10281.0,44692.77500259761,12600.0,400.0,8600.0,0.0,0.0,43.0,1.0,3600.0,6.0,240.0,720.0,30.0,0.0,6.0,0.0,19.0,0.0,0.0,0.0
2023-06-30,17106,56.0,56.0,12865.751366120217,0.0,10321.0,44678.422842699074,11600.0,400.0,7600.0,0.0,0.0,38.0,1.0,3600.0,6.0,240.0,720.0,29.0,0.0,6.0,0.0,24.0,0.0,0.0,0.0
2023-07-01,17122,40.0,40.0,12937.554644808744,0.0,10375.0,44625.62957742029,14400.0,800.0,10000.0,0.0,0.0,50.0,1.0,3600.0,6.0,240.0,720.0,34.0,0.0,6.0,0.0,17.0,0.0,0.0,0.0
2023-07-02,17108,45.0,45.0,13026.311475409835,0.0,10446.0,44072.57628943896,17800.0,1800.0,12400.0,0.0,0.0,62.0,1.0,3600.0,6.0,240.0,720.0,35.0,0.0,6.0,0.0,24.0,0.0,0.0,0.0
2023-07-03,17082,43.0,43.0,13097.117486338799,0.0,10499.0,43946.69959112486,14200.0,1400.0,9200.0,0.0,0.0,46.0,1.0,3600.0,6.0,240.0,720.0,31.0,0.0,6.0,0.0,20.0,0.0,0.0,0.0
2023-07-04,17072,62.0,62.0,13184.877049180328,0.0,10569.0,43968.432363263666,17600.0,1600.0,12400.0,0.0,0.0,62.0,1.0,3600.0,6.0,240.0,720.0,23.0,0.0,6.0,0.0,25.0,0.0,0.0,0.0
2023-07-05,17064,51.0,51.0,13255.68306010929,0.0,10622.0,43921.89420282252,14200.0,1600.0,9000.0,0.0,0.0,45.0,1.0,3600.0,6.0,240.0,720.0,27.0,0.0,6.0,0.0,21.0,0.0,0.0,0.0
2023-07-06,17062,51.0,51.0,13326.489071038251,0.0,10675.0,43884.281414078476,14200.0,800.0,9800.0,0.0,0.0,49.0,1.0,3600.0,6.0,240.0,720.0,24.0,0.0,6.0,0.0,22.0,0.0,0.0,0.0
2023-07-07,17060,53.0,53.0,13403.27868852459,0.0,10734.0,43826.86228181635,15400.0,800.0,11000.0,0.0,0.0,55.0,1.0,3600.0,6.0,240.0,720.0,42.0,0.0,6.0,0.0,20.0,0.0,0.0,0.0
2023-07-08,17054,42.0,42.0,13477.076502732241,0.0,10790.0,43921.80398277214,14800.0,600.0,10600.0,0.0,0.0,53.0,1.0,3600.0,6.0,240.0,720.0,30.0,0.0,6.0,0.0,17.0,0.0,0.0,0.0
2023-07-09,17040,54.0,54.0,13527.937158469944,0.0,10823.0,44001.9199609166,10200.0,400.0,6200.0,0.0,0.0,31.0,1.0,3600.0,6.0,240.0,720.0,37.0,0.0,6.0,0.0,22.0,0.0,0.0,0.0
2023-07-10,17061,49.0,49.0,13586.775956284155,0.0,10864.0,44149.03643121197,11800.0,0.0,8200.0,0.0,0.0,41.0,1.0,3600.0,6.0,240.0,720.0,31.0,0.0,6.0,0.0,21.0,0.0,0.0,0.0
2023-07-11,17069,57.0,57.0,13642.622950819672,0.0,10902.0,44209.94240870783,11200.0,0.0,7600.0,0.0,0.0,38.0,1.0,3600.0,6.0,240.0,720.0,26.0,0.0,6.0,0.0,28.0,0.0,0.0,0.0
2023-07-12,17088,51.0,51.0,13701.461748633878,0.0,10943.0,44175.37737391218,11800.0,600.0,7600.0,0.0,0.0,38.0,1.0,3600.0,6.0,240.0,720.0,42.0,0.0,6.0,0.0,23.0,0.0,0.0,0.0
2023-07-13,17098,37.0,37.0,13764.289617486338,0.0,10988.0,44066.07775290305,12600.0,1200.0,7800.0,0.0,0.0,39.0,1.0,3600.0,6.0,240.0,720.0,25.0,0.0,6.0,0.0,26.0,0.0,0.0,0.0
2023-07-14,17090,50.0,50.0,13820.136612021857,0.0,11026.0,43949.4774264121,11200.0,1600.0,6000.0,0.0,0.0,30.0,1.0,3600.0,6.0,240.0,720.0,34.0,0.0,6.0,0.0,17.0,0.0,0.0,0.0
2023-07-15,17102,39.0,39.0,13895.928961748634,0.0,11084.0,43962.22254333966,15200.0,600.0,11000.0,0.0,0.0,55.0,1.0,3600.0,6.0,240.0,720.0,32.0,0.0,6.0,0.0,15.0,0.0,0.0,0.0
2023-07-16,17083,53.0,53.0,13957.759562841531,0.0,11128.0,43984.611459731,12400.0,600.0,8200.0,0.0,0.0,41.0,1.0,3600.0,6.0,240.0,720.0,33.0,0.0,6.0,0.0,25.0,0.0,0.0,0.0
2023-07-17,17092,48.0,48.0,14023.579234972678,0.0,11176.0,44162.03839057479,13200.0,0.0,9600.0,0.0,0.0,48.0,1.0,3600.0,6.0,240.0,720.0,28.0,0.0,6.0,0.0,20.0,0.0,0.0,0.0
2023-07-18,17092,43.0,43.0,14079.426229508197,0.0,11214.0,44231.76487842191,11200.0,400.0,7200.0,0.0,0.0,36.0,1.0,3600.0,6.0,240.0,720.0,29.0,0.0,6.0,0.0,32.0,0.0,0.0,0.0
2023-07-19,17097,45.0,45.0,14141.25683060109,0.0,11258.0,44159.51121649193,12400.0,600.0,8200.0,0.0,0.0,41.0,1.0,3600.0,6.0,240.0,720.0,24.0,0.0,6.0,0.0,19.0,0.0,0.0,0.0
2023-07-20,17098,54.0,54.0,14206.079234972678,0.0,11305.0,44403.19624424875,13000.0,0.0,9400.0,0.0,0.0,47.0,1.0,3600.0,6.0,240.0,720.0,23.0,0.0,6.0,0.0,20.0,0.0,0.0,0.0
2023-07-21,17105,63.0,63.0,14268.907103825137,0.0,11350.0,44506.58309755524,12600.0,400.0,8600.0,0.0,0.0,43.0,1.0,3600.0,6.0,240.0,720.0,27.0,0.0,6.0,0.0,17.0,0.0,0.0,0.0
2023-07-22,17123,52.0,52.0,14331.734972677596,0.0,11395.0,44477.67515253931,12600.0,600.0,8400.0,0.0,0.0,42.0,1.0,3600.0,6.0,240.0,720.0,29.0,0.0,6.0,0.0,19.0,0.0,0.0,0.0
2023-07-23,17130,50.0,50.0,14395.560109289618,0.0,11441.0,44530.495488210625,12800.0,800.0,8400.0,0.0,0.0,42.0,1.0,3600.0,6.0,240.0,720.0,44.0,0.0,6.0,0.0,26.0,0.0,0.0,0.0
2023-07-24,17134,43.0,43.0,14449.41256830601,0.0,11489.0,44613.48784359009,10800.0,400.0,9200.0,0.0,0.0,46.0,1.0,1200.0,2.0,90.0,240.0,5.0,0.0,2.0,0.0,9.0,0.0,0.0,0.0
2023-07-25,17129,55.0,55.0,14489.303278688523,0.0,11529.0,44811.992059028766,8000.0,0.0,8000.0,0.0,0.0,40.0,1.0,0.0,0.0,0.0,0.0,0.0,0.0,0.0,0.0,0.0,0.0,0.0,0.0
2023-07-26,17144,43.0,43.0,14530.191256830602,0.0,11570.0,44713.67371569878,8200.0,600.0,7600.0,0.0,0.0,38.0,1.0,0.0,0.0,0.0,0.0,0.0,0.0,0.0,0.0,0.0,0.0,0.0,0.0
2023-07-27,17146,51.0,51.0,14578.060109289618,0.0,11618.0,44887.75813988428,9600.0,400.0,9200.0,0.0,0.0,46.0,1.0,0.0,0.0,0.0,0.0,0.0,0.0,0.0,0.0,0.0,0.0,0.0,0.0
2023-07-28,17149,69.0,69.0,14631.91256830601,0.0,11672.0,44888.728142153675,10800.0,1200.0,9600.0,0.0,0.0,48.0,1.0,0.0,0.0,0.0,0.0,0.0,0.0,0.0,0.0,0.0,0.0,0.0,0.0
2023-07-29,17164,44.0,44.0,14684.767759562843,0.0,11725.0,44775.809863024704,10600.0,1400.0,9200.0,0.0,0.0,46.0,1.0,0.0,0.0,0.0,0.0,0.0,0.0,0.0,0.0,0.0,0.0,0.0,0.0
2023-07-30,17155,50.0,50.0,14727.650273224042,0.0,11768.0,44711.86581726537,8600.0,1000.0,7600.0,0.0,0.0,38.0,1.0,0.0,0.0,0.0,0.0,0.0,0.0,0.0,0.0,0.0,0.0,0.0,0.0
2023-07-31,17162,63.0,63.0,14775.519125683059,0.0,11816.0,44806.1942960146,9600.0,1200.0,8400.0,0.0,0.0,42.0,1.0,0.0,0.0,0.0,0.0,0.0,0.0,0.0,0.0,0.0,0.0,0.0,0.0
2023-08-01,17177,54.0,54.0,14823.387978142076,0.0,11864.0,44690.50598190257,9600.0,1600.0,8000.0,0.0,0.0,40.0,1.0,0.0,0.0,0.0,0.0,0.0,0.0,0.0,0.0,0.0,0.0,0.0,0.0
2023-08-02,17183,61.0,61.0,14868.265027322404,0.0,11909.0,44517.522422090726,9000.0,2600.0,6400.0,0.0,0.0,32.0,1.0,0.0,0.0,0.0,0.0,0.0,0.0,0.0,0.0,0.0,0.0,0.0,0.0
2023-08-03,17199,46.0,46.0,14913.142076502734,0.0,11954.0,44283.13997349057,9000.0,3200.0,5800.0,0.0,0.0,29.0,1.0,0.0,0.0,0.0,0.0,0.0,0.0,0.0,0.0,0.0,0.0,0.0,0.0
2023-08-04,17200,46.0,46.0,14992.923497267759,0.0,12034.0,43748.49246189985,16000.0,5200.0,10800.0,0.0,0.0,54.0,1.0,0.0,0.0,0.0,0.0,0.0,0.0,0.0,0.0,0.0,0.0,0.0,0.0
2023-08-05,17166,51.0,51.0,15087.663934426231,0.0,12129.0,43338.75436583634,19000.0,5800.0,13200.0,0.0,0.0,66.0,1.0,0.0,0.0,0.0,0.0,0.0,0.0,0.0,0.0,0.0,0.0,0.0,0.0
2023-08-06,17122,48.0,48.0,15169.439890710382,0.0,12211.0,42757.46993262755,16400.0,7600.0,8800.0,0.0,0.0,44.0,1.0,0.0,0.0,0.0,0.0,0.0,0.0,0.0,0.0,0.0,0.0,0.0,0.0
2023-08-07,17088,37.0,37.0,15274.153005464479,0.0,12316.0,42126.37364423008,21000.0,8000.0,13000.0,0.0,0.0,65.0,1.0,0.0,0.0,0.0,0.0,0.0,0.0,0.0,0.0,0.0,0.0,0.0,0.0
2023-08-08,17020,55.0,55.0,15354.93169398907,0.0,12397.0,41622.91813276141,16200.0,8400.0,7800.0,0.0,0.0,39.0,1.0,0.0,0.0,0.0,0.0,0.0,0.0,0.0,0.0,0.0,0.0,0.0,0.0
2023-08-09,16994,46.0,46.0,15447.677595628415,0.0,12490.0,41155.45021818028,18600.0,9600.0,9000.0,0.0,0.0,45.0,1.0,0.0,0.0,0.0,0.0,0.0,0.0,0.0,0.0,0.0,0.0,0.0,0.0
2023-08-10,16947,39.0,39.0,15546.407103825137,0.0,12589.0,40645.93459849893,19800.0,10000.0,9800.0,0.0,0.0,49.0,1.0,0.0,0.0,0.0,0.0,0.0,0.0,0.0,0.0,0.0,0.0,0.0,0.0
2023-08-11,16887,46.0,46.0,15639.153005464479,0.0,12682.0,40342.27678816175,18600.0,10000.0,8600.0,0.0,0.0,43.0,1.0,0.0,0.0,0.0,0.0,0.0,0.0,0.0,0.0,0.0,0.0,0.0,0.0
2023-08-12,16840,36.0,36.0,15724.918032786885,0.0,12768.0,39919.84454325695,17200.0,10000.0,7200.0,0.0,0.0,36.0,1.0,0.0,0.0,0.0,0.0,0.0,0.0,0.0,0.0,0.0,0.0,0.0,0.0
2023-08-13,16790,54.0,54.0,15814.672131147541,0.0,12858.0,39649.52270217805,18000.0,10000.0,8000.0,0.0,0.0,40.0,1.0,0.0,0.0,0.0,0.0,0.0,0.0,0.0,0.0,0.0,0.0,0.0,0.0
2023-08-14,16754,48.0,48.0,15904.426229508197,0.0,12948.0,39492.810427893775,18000.0,10000.0,8000.0,0.0,0.0,40.0,1.0,0.0,0.0,0.0,0.0,0.0,0.0,0.0,0.0,0.0,0.0,0.0,0.0
2023-08-15,16712,50.0,50.0,16007.14480874317,0.0,13051.0,39153.90155264796,20600.0,9800.0,10800.0,0.0,0.0,54.0,1.0,0.0,0.0,0.0,0.0,0.0,0.0,0.0,0.0,0.0,0.0,0.0,0.0
2023-08-16,16659,64.0,64.0,16108.86612021858,0.0,13153.0,38811.07993919473,20400.0,10000.0,10400.0,0.0,0.0,52.0,1.0,0.0,0.0,0.0,0.0,0.0,0.0,0.0,0.0,0.0,0.0,0.0,0.0
2023-08-17,16621,56.0,56.0,16191.639344262294,0.0,13236.0,38631.01992823833,16600.0,10000.0,6600.0,0.0,0.0,33.0,1.0,0.0,0.0,0.0,0.0,0.0,0.0,0.0,0.0,0.0,0.0,0.0,0.0
2023-08-18,16594,49.0,49.0,16277.404371584698,0.0,13322.0,38317.642970569555,17200.0,10000.0,7200.0,0.0,0.0,36.0,1.0,0.0,0.0,0.0,0.0,0.0,0.0,0.0,0.0,0.0,0.0,0.0,0.0
2023-08-19,16557,46.0,46.0,16377.131147540984,0.0,13422.0,38080.73122223169,20000.0,10000.0,10000.0,0.0,0.0,50.0,1.0,0.0,0.0,0.0,0.0,0.0,0.0,0.0,0.0,0.0,0.0,0.0,0.0
2023-08-20,16503,45.0,45.0,16467.882513661203,0.0,13513.0,37799.71017899791,18200.0,10000.0,8200.0,0.0,0.0,41.0,1.0,0.0,0.0,0.0,0.0,0.0,0.0,0.0,0.0,0.0,0.0,0.0,0.0
2023-08-21,16457,35.0,35.0,16563.620218579235,0.0,13609.0,37478.07281292591,19200.0,10000.0,9200.0,0.0,0.0,46.0,1.0,0.0,0.0,0.0,0.0,0.0,0.0,0.0,0.0,0.0,0.0,0.0,0.0
2023-08-22,16396,56.0,56.0,16657.363387978145,0.0,13703.0,37209.58148542625,18800.0,10000.0,8800.0,0.0,0.0,44.0,1.0,0.0,0.0,0.0,0.0,0.0,0.0,0.0,0.0,0.0,0.0,0.0,0.0
2023-08-23,16358,47.0,47.0,16744.125683060112,0.0,13790.0,36955.73580506442,17400.0,10000.0,7400.0,0.0,0.0,37.0,1.0,0.0,0.0,0.0,0.0,0.0,0.0,0.0,0.0,0.0,0.0,0.0,0.0
2023-08-24,16318,42.0,42.0,16842.85519125683,0.0,13889.0,36724.89262300736,19800.0,10000.0,9800.0,0.0,0.0,49.0,1.0,0.0,0.0,0.0,0.0,0.0,0.0,0.0,0.0,0.0,0.0,0.0,0.0
2023-08-25,16261,43.0,43.0,16929.617486338797,0.0,13976.0,36493.21387529871,17400.0,10000.0,7400.0,0.0,0.0,37.0,1.0,0.0,0.0,0.0,0.0,0.0,0.0,0.0,0.0,0.0,0.0,0.0,0.0
2023-08-26,16217,42.0,42.0,17004.412568306012,0.0,14051.0,36269.70780112419,15000.0,10000.0,5000.0,0.0,0.0,25.0,1.0,0.0,0.0,0.0,0.0,0.0,0.0,0.0,0.0,0.0,0.0,0.0,0.0
2023-08-27,16184,41.0,41.0,17084.19398907104,0.0,14131.0,35996.27421201698,16000.0,10000.0,6000.0,0.0,0.0,30.0,1.0,0.0,0.0,0.0,0.0,0.0,0.0,0.0,0.0,0.0,0.0,0.0,0.0
2023-08-28,16145,55.0,55.0,17184.918032786885,0.0,14232.0,35907.251937255816,20200.0,10000.0,10200.0,0.0,0.0,51.0,1.0,0.0,0.0,0.0,0.0,0.0,0.0,0.0,0.0,0.0,0.0,0.0,0.0
2023-08-29,16099,55.0,55.0,17272.677595628415,0.0,14320.0,35741.129133131966,17600.0,10000.0,7600.0,0.0,0.0,38.0,1.0,0.0,0.0,0.0,0.0,0.0,0.0,0.0,0.0,0.0,0.0,0.0,0.0
2023-08-30,16066,48.0,48.0,17359.439890710382,0.0,14407.0,35589.12293981698,17400.0,10000.0,7400.0,0.0,0.0,37.0,1.0,0.0,0.0,0.0,0.0,0.0,0.0,0.0,0.0,0.0,0.0,0.0,0.0
2023-08-31,16027,48.0,48.0,17454.180327868853,0.0,14484.0,35463.9424075652,19000.0,6600.0,8800.0,0.0,0.0,44.0,1.0,3600.0,6.0,240.0,720.0,17.0,0.0,6.0,0.0,24.0,0.0,0.0,0.0
2023-09-01,15998,49.0,49.0,17538.948087431694,0.0,14551.0,35517.02432803875,17000.0,4000.0,9400.0,0.0,0.0,47.0,1.0,3600.0,6.0,240.0,720.0,21.0,0.0,6.0,0.0,23.0,0.0,0.0,0.0
2023-09-02,15980,48.0,48.0,17601.775956284153,0.0,14596.0,35540.549907799024,12600.0,1800.0,7200.0,0.0,0.0,36.0,1.0,3600.0,6.0,240.0,720.0,15.0,0.0,6.0,0.0,17.0,0.0,0.0,0.0
2023-09-03,15983,55.0,55.0,17654.631147540986,0.0,14631.0,35682.6397962022,10600.0,0.0,7000.0,0.0,0.0,35.0,1.0,3600.0,6.0,240.0,720.0,24.0,0.0,6.0,0.0,25.0,0.0,0.0,0.0
2023-09-04,16003,64.0,64.0,17716.46174863388,0.0,14675.0,35882.64950035115,12400.0,0.0,8800.0,0.0,0.0,44.0,1.0,3600.0,6.0,240.0,720.0,18.0,0.0,6.0,0.0,20.0,0.0,0.0,0.0
2023-09-05,16023,40.0,40.0,17771.311475409835,0.0,14712.0,36016.755988006495,11000.0,0.0,7400.0,0.0,0.0,37.0,1.0,3600.0,6.0,240.0,720.0,22.0,0.0,6.0,0.0,23.0,0.0,0.0,0.0
2023-09-06,16026,58.0,58.0,17829.15300546448,0.0,14752.0,36197.985606611226,11600.0,0.0,8000.0,0.0,0.0,40.0,1.0,3600.0,6.0,240.0,720.0,15.0,0.0,6.0,0.0,23.0,0.0,0.0,0.0
2023-09-07,16044,47.0,47.0,17887.99180327869,0.0,14793.0,36306.60129425766,11800.0,0.0,8200.0,0.0,0.0,41.0,1.0,3600.0,6.0,240.0,720.0,18.0,0.0,6.0,0.0,24.0,0.0,0.0,0.0
2023-09-08,16050,54.0,54.0,17950.819672131147,0.0,14838.0,36383.153080354,12600.0,0.0,9000.0,0.0,0.0,45.0,1.0,3600.0,6.0,240.0,720.0,16.0,0.0,6.0,0.0,15.0,0.0,0.0,0.0
2023-09-09,16059,51.0,51.0,18012.650273224044,0.0,14882.0,36589.236680688045,12400.0,0.0,8800.0,0.0,0.0,44.0,1.0,3600.0,6.0,240.0,720.0,16.0,0.0,6.0,0.0,21.0,0.0,0.0,0.0
2023-09-10,16066,51.0,51.0,18071.48907103825,0.0,14923.0,36719.34813454139,11800.0,0.0,8200.0,0.0,0.0,41.0,1.0,3600.0,6.0,240.0,720.0,19.0,0.0,6.0,0.0,29.0,0.0,0.0,0.0
2023-09-11,16076,62.0,62.0,18126.33879781421,0.0,14960.0,37335.610180388925,11000.0,0.0,7400.0,0.0,0.0,37.0,1.0,3600.0,6.0,240.0,720.0,29.0,0.0,6.0,0.0,23.0,0.0,0.0,0.0
2023-09-12,16101,61.0,61.0,18189.166666666664,0.0,15005.0,37551.22134958108,12600.0,0.0,9000.0,0.0,0.0,45.0,1.0,3600.0,6.0,240.0,720.0,19.0,0.0,6.0,0.0,17.0,0.0,0.0,0.0
2023-09-13,16117,51.0,51.0,18248.005464480877,0.0,15046.0,37777.43828620673,11800.0,0.0,8200.0,0.0,0.0,41.0,1.0,3600.0,6.0,240.0,720.0,21.0,0.0,6.0,0.0,17.0,0.0,0.0,0.0
2023-09-14,16127,47.0,47.0,18301.857923497268,0.0,15082.0,37864.023277556604,10800.0,0.0,7200.0,0.0,0.0,36.0,1.0,3600.0,6.0,240.0,720.0,17.0,0.0,6.0,0.0,20.0,0.0,0.0,0.0
2023-09-15,16138,53.0,53.0,18344.74043715847,0.0,15107.0,37934.89191286313,8600.0,0.0,5000.0,0.0,0.0,25.0,1.0,3600.0,6.0,240.0,720.0,18.0,0.0,6.0,0.0,25.0,0.0,0.0,0.0
2023-09-16,16166,52.0,52.0,18417.54098360656,0.0,15162.0,37914.86558479403,14600.0,600.0,10400.0,0.0,0.0,52.0,1.0,3600.0,6.0,240.0,720.0,24.0,0.0,6.0,0.0,17.0,0.0,0.0,0.0
2023-09-17,16163,40.0,40.0,18483.360655737706,0.0,15210.0,37750.8073637618,13200.0,1200.0,8400.0,0.0,0.0,42.0,1.0,3600.0,6.0,240.0,720.0,16.0,0.0,6.0,0.0,22.0,0.0,0.0,0.0
2023-09-18,16155,38.0,38.0,18549.180327868853,0.0,15258.0,37756.81669112516,13200.0,400.0,9200.0,0.0,0.0,46.0,1.0,3600.0,6.0,240.0,720.0,21.0,0.0,6.0,0.0,19.0,0.0,0.0,0.0
2023-09-19,16145,60.0,60.0,18608.01912568306,0.0,15299.0,37785.48639434306,11800.0,800.0,7400.0,0.0,0.0,37.0,1.0,3600.0,6.0,240.0,720.0,16.0,0.0,6.0,0.0,16.0,0.0,0.0,0.0
2023-09-20,16164,47.0,47.0,18680.819672131147,0.0,15354.0,37753.994262659304,14600.0,800.0,10200.0,0.0,0.0,51.0,1.0,3600.0,6.0,240.0,720.0,24.0,0.0,6.0,0.0,23.0,0.0,0.0,0.0
2023-09-21,16156,45.0,45.0,18750.628415300547,0.0,15406.0,37662.30560402046,14000.0,800.0,9600.0,0.0,0.0,48.0,1.0,3600.0,6.0,240.0,720.0,20.0,0.0,6.0,0.0,25.0,0.0,0.0,0.0
2023-09-22,16149,46.0,46.0,18807.47267759563,0.0,15445.0,37675.679681059395,11400.0,600.0,7200.0,0.0,0.0,36.0,1.0,3600.0,6.0,240.0,720.0,25.0,0.0,6.0,0.0,23.0,0.0,0.0,0.0
2023-09-23,16156,49.0,49.0,18863.319672131147,0.0,15483.0,37702.39729307495,11200.0,200.0,7400.0,0.0,0.0,37.0,1.0,3600.0,6.0,240.0,720.0,19.0,0.0,6.0,0.0,23.0,0.0,0.0,0.0
2023-09-24,16167,51.0,51.0,18934.125683060112,0.0,15536.0,37699.66644449214,14200.0,600.0,10000.0,0.0,0.0,50.0,1.0,3600.0,6.0,240.0,720.0,20.0,0.0,6.0,0.0,21.0,0.0,0.0,0.0
2023-09-25,16165,37.0,37.0,18986.98087431694,0.0,15571.0,37840.78680837472,10600.0,400.0,6600.0,0.0,0.0,33.0,1.0,3600.0,6.0,240.0,720.0,22.0,0.0,6.0,0.0,21.0,0.0,0.0,0.0
2023-09-26,16167,46.0,46.0,19050.80601092896,0.0,15617.0,37967.000435917216,12800.0,600.0,8600.0,0.0,0.0,43.0,1.0,3600.0,6.0,240.0,720.0,26.0,0.0,6.0,0.0,22.0,0.0,0.0,0.0
2023-09-27,16167,40.0,40.0,19114.631147540986,0.0,15663.0,37995.09334484093,12800.0,400.0,8800.0,0.0,0.0,44.0,1.0,3600.0,6.0,240.0,720.0,16.0,0.0,6.0,0.0,18.0,0.0,0.0,0.0
2023-09-28,16161,41.0,41.0,19169.48087431694,0.0,15700.0,38004.851746067216,11000.0,200.0,7200.0,0.0,0.0,36.0,1.0,3600.0,6.0,240.0,720.0,19.0,0.0,6.0,0.0,30.0,0.0,0.0,0.0
2023-09-29,16165,61.0,61.0,19230.314207650274,0.0,15743.0,38055.14797277134,12200.0,400.0,8200.0,0.0,0.0,41.0,1.0,3600.0,6.0,240.0,720.0,13.0,0.0,6.0,0.0,21.0,0.0,0.0,0.0
2023-09-30,16183,54.0,54.0,19281.17486338798,0.0,15776.0,38170.74046639176,10200.0,400.0,6200.0,0.0,0.0,31.0,1.0,3600.0,6.0,240.0,720.0,15.0,0.0,6.0,0.0,20.0,0.0,0.0,0.0
2023-10-01,16204,47.0,47.0,19345.997267759565,0.0,15823.0,37982.06468581467,13000.0,600.0,8800.0,0.0,0.0,44.0,1.0,3600.0,6.0,240.0,720.0,23.0,0.0,6.0,0.0,19.0,0.0,0.0,0.0
2023-10-02,16204,49.0,49.0,19403.83879781421,0.0,15863.0,38079.78677803177,11600.0,400.0,7600.0,0.0,0.0,38.0,1.0,3600.0,6.0,240.0,720.0,14.0,0.0,6.0,0.0,26.0,0.0,0.0,0.0
2023-10-03,16213,49.0,49.0,19473.647540983606,0.0,15915.0,37891.756960270955,14000.0,800.0,9600.0,0.0,0.0,48.0,1.0,3600.0,6.0,240.0,720.0,15.0,0.0,6.0,0.0,19.0,0.0,0.0,0.0
2023-10-04,16210,43.0,43.0,19533.483606557376,0.0,15957.0,37997.480750108436,12000.0,400.0,8000.0,0.0,0.0,40.0,1.0,3600.0,6.0,240.0,720.0,18.0,0.0,6.0,0.0,31.0,0.0,0.0,0.0
2023-10-05,16211,51.0,51.0,19598.30601092896,0.0,16004.0,38005.54800604307,13000.0,400.0,9000.0,0.0,0.0,45.0,1.0,3600.0,6.0,240.0,720.0,24.0,0.0,6.0,0.0,23.0,0.0,0.0,0.0
2023-10-06,16215,68.0,68.0,19669.11202185792,0.0,16057.0,38136.93863602954,14200.0,800.0,9800.0,0.0,0.0,49.0,1.0,3600.0,6.0,240.0,720.0,30.0,0.0,6.0,0.0,15.0,0.0,0.0,0.0
2023-10-07,16230,55.0,55.0,19734.93169398907,0.0,16105.0,38116.72112509787,13200.0,800.0,8800.0,0.0,0.0,44.0,1.0,3600.0,6.0,240.0,720.0,24.0,0.0,6.0,0.0,19.0,0.0,0.0,0.0
2023-10-08,16237,42.0,42.0,19782.800546448085,0.0,16135.0,38056.78852619409,9600.0,800.0,5200.0,0.0,0.0,26.0,1.0,3600.0,6.0,240.0,720.0,22.0,0.0,6.0,0.0,15.0,0.0,0.0,0.0
2023-10-09,16249,45.0,45.0,19849.617486338797,0.0,16184.0,38039.55919772264,13400.0,1000.0,8800.0,0.0,0.0,44.0,1.0,3600.0,6.0,240.0,720.0,17.0,0.0,6.0,0.0,22.0,0.0,0.0,0.0
2023-10-10,16245,46.0,46.0,19907.45901639344,0.0,16224.0,38142.680879295716,11600.0,600.0,7400.0,0.0,0.0,37.0,1.0,3600.0,6.0,240.0,720.0,20.0,0.0,6.0,0.0,25.0,0.0,0.0,0.0
2023-10-11,16251,48.0,48.0,19966.29781420765,0.0,16265.0,38143.53817155514,11800.0,400.0,7800.0,0.0,0.0,39.0,1.0,3600.0,6.0,240.0,720.0,22.0,0.0,6.0,0.0,20.0,0.0,0.0,0.0
2023-10-12,16258,52.0,52.0,20033.114754098362,0.0,16314.0,38037.14014941782,13400.0,1000.0,8800.0,0.0,0.0,44.0,1.0,3600.0,6.0,240.0,720.0,19.0,0.0,6.0,0.0,17.0,0.0,0.0,0.0
2023-10-13,16261,48.0,48.0,20100.928961748632,0.0,16364.0,38006.47104553544,13600.0,800.0,9200.0,0.0,0.0,46.0,1.0,3600.0,6.0,240.0,720.0,18.0,0.0,6.0,0.0,26.0,0.0,0.0,0.0
2023-10-14,16259,55.0,55.0,20162.75956284153,0.0,16408.0,37973.05444904398,12400.0,1200.0,7600.0,0.0,0.0,38.0,1.0,3600.0,6.0,240.0,720.0,17.0,0.0,6.0,0.0,25.0,0.0,0.0,0.0
2023-10-15,16270,45.0,45.0,20223.59289617486,0.0,16451.0,37792.901290468646,12200.0,800.0,7800.0,0.0,0.0,39.0,1.0,3600.0,6.0,240.0,720.0,12.0,0.0,6.0,0.0,21.0,0.0,0.0,0.0
2023-10-16,16272,38.0,38.0,20278.44262295082,0.0,16488.0,37567.45043372252,11000.0,600.0,6800.0,0.0,0.0,34.0,1.0,3600.0,6.0,240.0,720.0,15.0,0.0,6.0,0.0,15.0,0.0,0.0,0.0
2023-10-17,16273,60.0,60.0,20342.26775956284,0.0,16534.0,37488.61504591412,12800.0,1200.0,8000.0,0.0,0.0,40.0,1.0,3600.0,6.0,240.0,720.0,25.0,0.0,6.0,0.0,21.0,0.0,0.0,0.0
2023-10-18,16287,46.0,46.0,20403.101092896177,0.0,16577.0,37446.75588582644,12200.0,1000.0,7600.0,0.0,0.0,38.0,1.0,3600.0,6.0,240.0,720.0,25.0,0.0,6.0,0.0,22.0,0.0,0.0,0.0
2023-10-19,16290,51.0,51.0,20471.912568306012,0.0,16628.0,37360.70334293267,13800.0,800.0,9400.0,0.0,0.0,47.0,1.0,3600.0,6.0,240.0,720.0,22.0,0.0,6.0,0.0,30.0,0.0,0.0,0.0
2023-10-20,16290,50.0,50.0,20530.751366120217,0.0,16669.0,37358.103423171524,11800.0,600.0,7600.0,0.0,0.0,38.0,1.0,3600.0,6.0,240.0,720.0,21.0,0.0,6.0,0.0,32.0,0.0,0.0,0.0
2023-10-21,16299,61.0,61.0,20598.56557377049,0.0,16719.0,37306.59794634631,13600.0,1000.0,9000.0,0.0,0.0,45.0,1.0,3600.0,6.0,240.0,720.0,12.0,0.0,6.0,0.0,24.0,0.0,0.0,0.0
2023-10-22,16310,60.0,60.0,20656.40710382514,0.0,16759.0,37421.52777795206,11600.0,200.0,7800.0,0.0,0.0,39.0,1.0,3600.0,6.0,240.0,720.0,19.0,0.0,6.0,0.0,22.0,0.0,0.0,0.0
2023-10-23,16330,54.0,54.0,20712.254098360656,0.0,16797.0,37467.86731378017,11200.0,400.0,7200.0,0.0,0.0,36.0,1.0,3600.0,6.0,240.0,720.0,20.0,0.0,6.0,0.0,11.0,0.0,0.0,0.0
2023-10-24,16346,55.0,55.0,20768.101092896177,0.0,16835.0,37697.58823420384,11200.0,0.0,7600.0,0.0,0.0,38.0,1.0,3600.0,6.0,240.0,720.0,23.0,0.0,6.0,0.0,17.0,0.0,0.0,0.0
2023-10-25,16363,39.0,39.0,20838.90710382514,0.0,16888.0,37590.87165479037,14200.0,600.0,10000.0,0.0,0.0,50.0,1.0,3600.0,6.0,240.0,720.0,19.0,0.0,6.0,0.0,17.0,0.0,0.0,0.0
2023-10-26,16349,51.0,51.0,20898.74316939891,0.0,16930.0,38024.082045739975,12000.0,600.0,7800.0,0.0,0.0,39.0,1.0,3600.0,6.0,240.0,720.0,18.0,0.0,6.0,0.0,20.0,0.0,0.0,0.0
2023-10-27,16358,50.0,50.0,20957.581967213115,0.0,16971.0,37993.21199273437,11800.0,800.0,7400.0,0.0,0.0,37.0,1.0,3600.0,6.0,240.0,720.0,22.0,0.0,6.0,0.0,32.0,0.0,0.0,0.0
2023-10-28,16367,57.0,57.0,21029.385245901638,0.0,17025.0,38109.53827241595,14400.0,200.0,10600.0,0.0,0.0,53.0,1.0,3600.0,6.0,240.0,720.0,20.0,0.0,6.0,0.0,21.0,0.0,0.0,0.0
2023-10-29,16370,54.0,54.0,21091.21584699453,0.0,17069.0,38170.9608103937,12400.0,600.0,8200.0,0.0,0.0,41.0,1.0,3600.0,6.0,240.0,720.0,22.0,0.0,6.0,0.0,24.0,0.0,0.0,0.0
2023-10-30,16380,56.0,56.0,21151.05191256831,0.0,17111.0,38184.29270258436,12000.0,600.0,7800.0,0.0,0.0,39.0,1.0,3600.0,6.0,240.0,720.0,25.0,0.0,6.0,0.0,25.0,0.0,0.0,0.0
2023-10-31,16394,43.0,43.0,21207.896174863385,0.0,17150.0,38135.188285558026,11400.0,400.0,7400.0,0.0,0.0,37.0,1.0,3600.0,6.0,240.0,720.0,12.0,0.0,6.0,0.0,22.0,0.0,0.0,0.0
2023-11-01,16398,52.0,52.0,21266.734972677597,0.0,17191.0,38116.62871633261,11800.0,600.0,7600.0,0.0,0.0,38.0,1.0,3600.0,6.0,240.0,720.0,21.0,0.0,6.0,0.0,20.0,0.0,0.0,0.0
2023-11-02,16409,42.0,42.0,21342.52732240437,0.0,17249.0,38063.95053138241,15200.0,600.0,11000.0,0.0,0.0,55.0,1.0,3600.0,6.0,240.0,720.0,16.0,0.0,6.0,0.0,15.0,0.0,0.0,0.0
2023-11-03,16393,49.0,49.0,21404.357923497268,0.0,17293.0,38290.388884108215,12400.0,0.0,8800.0,0.0,0.0,44.0,1.0,3600.0,6.0,240.0,720.0,14.0,0.0,6.0,0.0,20.0,0.0,0.0,0.0
2023-11-04,16398,47.0,47.0,21472.172131147538,0.0,17343.0,38129.111999209366,13600.0,1200.0,8800.0,0.0,0.0,44.0,1.0,3600.0,6.0,240.0,720.0,23.0,0.0,6.0,0.0,23.0,0.0,0.0,0.0
2023-11-05,16395,42.0,42.0,21539.98633879782,0.0,17393.0,37873.01223842246,13600.0,1800.0,8200.0,0.0,0.0,41.0,1.0,3600.0,6.0,240.0,720.0,20.0,0.0,6.0,0.0,27.0,0.0,0.0,0.0
2023-11-06,16387,48.0,48.0,21621.762295081968,0.0,17457.0,37931.33818265324,16400.0,400.0,12400.0,0.0,0.0,62.0,1.0,3600.0,6.0,240.0,720.0,20.0,0.0,6.0,0.0,25.0,0.0,0.0,0.0
2023-11-07,16371,66.0,66.0,21684.590163934427,0.0,17502.0,37943.1268928325,12600.0,400.0,8600.0,0.0,0.0,43.0,1.0,3600.0,6.0,240.0,720.0,25.0,0.0,6.0,0.0,21.0,0.0,0.0,0.0
2023-11-08,16392,59.0,59.0,21747.41803278689,0.0,17547.0,37842.606905941626,12600.0,800.0,8200.0,0.0,0.0,41.0,1.0,3600.0,6.0,240.0,720.0,19.0,0.0,6.0,0.0,20.0,0.0,0.0,0.0
2023-11-09,16406,53.0,53.0,21823.210382513666,0.0,17605.0,37818.48533095885,15200.0,1000.0,10600.0,0.0,0.0,53.0,1.0,3600.0,6.0,240.0,720.0,19.0,0.0,6.0,0.0,24.0,0.0,0.0,0.0
2023-11-10,16401,54.0,54.0,21878.060109289618,0.0,17642.0,37823.48275638709,11000.0,800.0,6600.0,0.0,0.0,33.0,1.0,3600.0,6.0,240.0,720.0,21.0,0.0,6.0,0.0,16.0,0.0,0.0,0.0
2023-11-11,16418,49.0,49.0,21944.87704918033,0.0,17691.0,37864.361066801306,13400.0,200.0,9600.0,0.0,0.0,48.0,1.0,3600.0,6.0,240.0,720.0,15.0,0.0,6.0,0.0,22.0,0.0,0.0,0.0
2023-11-12,16418,58.0,58.0,22019.672131147538,0.0,17748.0,37761.6087947031,15000.0,1200.0,10200.0,0.0,0.0,51.0,1.0,3600.0,6.0,240.0,720.0,19.0,0.0,6.0,0.0,21.0,0.0,0.0,0.0
2023-11-13,16419,47.0,47.0,22077.51366120218,0.0,17788.0,37793.825639763694,11600.0,400.0,7600.0,0.0,0.0,38.0,1.0,3600.0,6.0,240.0,720.0,13.0,0.0,6.0,0.0,22.0,0.0,0.0,0.0
2023-11-14,16426,54.0,54.0,22133.360655737706,0.0,17826.0,37852.98965909967,11200.0,1000.0,6600.0,0.0,0.0,33.0,1.0,3600.0,6.0,240.0,720.0,17.0,0.0,6.0,0.0,25.0,0.0,0.0,0.0
2023-11-15,16442,46.0,46.0,22195.1912568306,0.0,17870.0,37773.890392028356,12400.0,800.0,8000.0,0.0,0.0,40.0,1.0,3600.0,6.0,240.0,720.0,19.0,0.0,6.0,0.0,21.0,0.0,0.0,0.0
2023-11-16,16444,54.0,54.0,22256.024590163935,0.0,17913.0,37934.30018364445,12200.0,800.0,7800.0,0.0,0.0,39.0,1.0,3600.0,6.0,240.0,720.0,25.0,0.0,6.0,0.0,21.0,0.0,0.0,0.0
2023-11-17,16455,50.0,50.0,22324.83606557377,0.0,17964.0,38100.38062225381,13800.0,600.0,9600.0,0.0,0.0,48.0,1.0,3600.0,6.0,240.0,720.0,16.0,0.0,6.0,0.0,19.0,0.0,0.0,0.0
2023-11-18,16454,41.0,41.0,22386.666666666664,0.0,18008.0,38172.91940040761,12400.0,200.0,8600.0,0.0,0.0,43.0,1.0,3600.0,6.0,240.0,720.0,16.0,0.0,6.0,0.0,26.0,0.0,0.0,0.0
2023-11-19,16451,49.0,49.0,22452.48633879782,0.0,18056.0,38209.20014207245,13200.0,600.0,9000.0,0.0,0.0,45.0,1.0,3600.0,6.0,240.0,720.0,17.0,0.0,6.0,0.0,15.0,0.0,0.0,0.0
2023-11-20,16452,67.0,67.0,22521.29781420765,0.0,18107.0,38251.209356925545,13800.0,600.0,9600.0,0.0,0.0,48.0,1.0,3600.0,6.0,240.0,720.0,22.0,0.0,6.0,0.0,16.0,0.0,0.0,0.0
2023-11-21,16468,66.0,66.0,22580.13661202186,0.0,18148.0,38440.33222066993,11800.0,0.0,8200.0,0.0,0.0,41.0,1.0,3600.0,6.0,240.0,720.0,28.0,0.0,6.0,0.0,23.0,0.0,0.0,0.0
2023-11-22,16493,51.0,51.0,22629.002732240435,0.0,18191.0,38310.89664693961,9800.0,1000.0,7600.0,0.0,0.0,38.0,1.0,1200.0,2.0,90.0,240.0,7.0,0.0,2.0,0.0,7.0,0.0,0.0,0.0
2023-11-23,16501,48.0,48.0,22657.923497267755,0.0,18220.0,38560.39119625876,5800.0,800.0,5000.0,0.0,0.0,25.0,1.0,0.0,0.0,0.0,0.0,0.0,0.0,0.0,0.0,0.0,0.0,0.0,0.0
2023-11-24,16520,57.0,57.0,22703.79781420765,0.0,18266.0,38570.68174424502,9200.0,1000.0,8200.0,0.0,0.0,41.0,1.0,0.0,0.0,0.0,0.0,0.0,0.0,0.0,0.0,0.0,0.0,0.0,0.0
2023-11-25,16531,45.0,45.0,22768.620218579235,0.0,18331.0,38505.614364681096,13000.0,1200.0,11800.0,0.0,0.0,59.0,1.0,0.0,0.0,0.0,0.0,0.0,0.0,0.0,0.0,0.0,0.0,0.0,0.0
2023-11-26,16511,44.0,44.0,22823.46994535519,0.0,18386.0,38419.50353993573,11000.0,1600.0,9400.0,0.0,0.0,47.0,1.0,0.0,0.0,0.0,0.0,0.0,0.0,0.0,0.0,0.0,0.0,0.0,0.0
2023-11-27,16500,41.0,41.0,22874.330601092894,0.0,18437.0,38299.60009200271,10200.0,2200.0,8000.0,0.0,0.0,40.0,1.0,0.0,0.0,0.0,0.0,0.0,0.0,0.0,0.0,0.0,0.0,0.0,0.0
2023-11-28,16490,53.0,53.0,22936.16120218579,0.0,18499.0,37941.41837108325,12400.0,3600.0,8800.0,0.0,0.0,44.0,1.0,0.0,0.0,0.0,0.0,0.0,0.0,0.0,0.0,0.0,0.0,0.0,0.0
2023-11-29,16481,56.0,56.0,23003.975409836065,0.0,18567.0,37728.40878056185,13600.0,4200.0,9400.0,0.0,0.0,47.0,1.0,0.0,0.0,0.0,0.0,0.0,0.0,0.0,0.0,0.0,0.0,0.0,0.0
2023-11-30,16469,36.0,36.0,23064.8087431694,0.0,18628.0,37459.030859859835,12200.0,4600.0,7600.0,0.0,0.0,38.0,1.0,0.0,0.0,0.0,0.0,0.0,0.0,0.0,0.0,0.0,0.0,0.0,0.0
2023-12-01,16444,56.0,56.0,23136.612021857924,0.0,18700.0,37363.58462109836,14400.0,5000.0,9400.0,0.0,0.0,47.0,1.0,0.0,0.0,0.0,0.0,0.0,0.0,0.0,0.0,0.0,0.0,0.0,0.0
2023-12-02,16428,42.0,42.0,23205.423497267755,0.0,18769.0,36970.38494312152,13800.0,5400.0,8400.0,0.0,0.0,42.0,1.0,0.0,0.0,0.0,0.0,0.0,0.0,0.0,0.0,0.0,0.0,0.0,0.0
2023-12-03,16401,53.0,53.0,23268.251366120217,0.0,18832.0,36676.30227433157,12600.0,5400.0,7200.0,0.0,0.0,36.0,1.0,0.0,0.0,0.0,0.0,0.0,0.0,0.0,0.0,0.0,0.0,0.0,0.0
2023-12-04,16391,40.0,40.0,23335.06830601093,0.0,18899.0,36382.99437582677,13400.0,6000.0,7400.0,0.0,0.0,37.0,1.0,0.0,0.0,0.0,0.0,0.0,0.0,0.0,0.0,0.0,0.0,0.0,0.0
2023-12-05,16364,56.0,56.0,23418.83879781421,0.0,18983.0,35955.7899315559,16800.0,7000.0,9800.0,0.0,0.0,49.0,1.0,0.0,0.0,0.0,0.0,0.0,0.0,0.0,0.0,0.0,0.0,0.0,0.0
2023-12-06,16336,63.0,63.0,23499.617486338797,0.0,19064.0,35739.3561245411,16200.0,7400.0,8800.0,0.0,0.0,44.0,1.0,0.0,0.0,0.0,0.0,0.0,0.0,0.0,0.0,0.0,0.0,0.0,0.0
2023-12-07,16318,53.0,53.0,23578.401639344265,0.0,19143.0,35339.42652238555,15800.0,8000.0,7800.0,0.0,0.0,39.0,1.0,0.0,0.0,0.0,0.0,0.0,0.0,0.0,0.0,0.0,0.0,0.0,0.0
2023-12-08,16292,35.0,35.0,23660.177595628415,0.0,19225.0,34797.48358188167,16400.0,9400.0,7000.0,0.0,0.0,35.0,1.0,0.0,0.0,0.0,0.0,0.0,0.0,0.0,0.0,0.0,0.0,0.0,0.0
2023-12-09,16245,54.0,54.0,23760.901639344265,0.0,19326.0,34574.63927766474,20200.0,10000.0,10200.0,0.0,0.0,51.0,1.0,0.0,0.0,0.0,0.0,0.0,0.0,0.0,0.0,0.0,0.0,0.0,0.0
2023-12-10,16198,54.0,54.0,23851.653005464483,0.0,19417.0,34305.42466908621,18200.0,10000.0,8200.0,0.0,0.0,41.0,1.0,0.0,0.0,0.0,0.0,0.0,0.0,0.0,0.0,0.0,0.0,0.0,0.0
2023-12-11,16161,48.0,48.0,23929.439890710382,0.0,19495.0,34030.675681105524,15600.0,10000.0,5600.0,0.0,0.0,28.0,1.0,0.0,0.0,0.0,0.0,0.0,0.0,0.0,0.0,0.0,0.0,0.0,0.0
2023-12-12,16131,60.0,60.0,24011.21584699453,0.0,19577.0,33841.18324210878,16400.0,10000.0,6400.0,0.0,0.0,32.0,1.0,0.0,0.0,0.0,0.0,0.0,0.0,0.0,0.0,0.0,0.0,0.0,0.0
2023-12-13,16109,57.0,57.0,24104.95901639344,0.0,19671.0,33627.43080579865,18800.0,10000.0,8800.0,0.0,0.0,44.0,1.0,0.0,0.0,0.0,0.0,0.0,0.0,0.0,0.0,0.0,0.0,0.0,0.0
2023-12-14,16072,48.0,48.0,24193.71584699453,0.0,19760.0,33433.00401597349,17800.0,10000.0,7800.0,0.0,0.0,39.0,1.0,0.0,0.0,0.0,0.0,0.0,0.0,0.0,0.0,0.0,0.0,0.0,0.0
2023-12-15,16031,54.0,54.0,24279.480874316938,0.0,19846.0,33337.82603689994,17200.0,10000.0,7200.0,0.0,0.0,36.0,1.0,0.0,0.0,0.0,0.0,0.0,0.0,0.0,0.0,0.0,0.0,0.0,0.0
2023-12-16,15999,44.0,44.0,24356.27049180328,0.0,19923.0,33113.54904000876,15400.0,10000.0,5400.0,0.0,0.0,27.0,1.0,0.0,0.0,0.0,0.0,0.0,0.0,0.0,0.0,0.0,0.0,0.0,0.0
2023-12-17,15966,48.0,48.0,24449.016393442624,0.0,20016.0,32964.59340464322,18600.0,10000.0,8600.0,0.0,0.0,43.0,1.0,0.0,0.0,0.0,0.0,0.0,0.0,0.0,0.0,0.0,0.0,0.0,0.0
2023-12-18,15921,51.0,51.0,24534.781420765026,0.0,20102.0,32849.22300261395,17200.0,10000.0,7200.0,0.0,0.0,36.0,1.0,0.0,0.0,0.0,0.0,0.0,0.0,0.0,0.0,0.0,0.0,0.0,0.0
2023-12-19,15886,50.0,50.0,24626.53005464481,0.0,20194.0,32687.07721205392,18400.0,10000.0,8400.0,0.0,0.0,42.0,1.0,0.0,0.0,0.0,0.0,0.0,0.0,0.0,0.0,0.0,0.0,0.0,0.0
2023-12-20,15844,41.0,41.0,24707.3087431694,0.0,20275.0,32555.225305867665,16200.0,10000.0,6200.0,0.0,0.0,31.0,1.0,0.0,0.0,0.0,0.0,0.0,0.0,0.0,0.0,0.0,0.0,0.0,0.0
2023-12-21,15804,38.0,38.0,24803.046448087433,0.0,20371.0,32696.296043763236,19200.0,10000.0,9200.0,0.0,0.0,46.0,1.0,0.0,0.0,0.0,0.0,0.0,0.0,0.0,0.0,0.0,0.0,0.0,0.0
2023-12-22,15746,49.0,49.0,24903.77049180328,0.0,20472.0,32582.368893464256,20200.0,10000.0,10200.0,0.0,0.0,51.0,1.0,0.0,0.0,0.0,0.0,0.0,0.0,0.0,0.0,0.0,0.0,0.0,0.0
2023-12-23,15694,40.0,40.0,24995.519125683062,0.0,20564.0,32337.11844834966,18400.0,10000.0,8400.0,0.0,0.0,42.0,1.0,0.0,0.0,0.0,0.0,0.0,0.0,0.0,0.0,0.0,0.0,0.0,0.0
2023-12-24,15642,47.0,47.0,25087.26775956284,0.0,20656.0,32264.359265662566,18400.0,10000.0,8400.0,0.0,0.0,42.0,1.0,0.0,0.0,0.0,0.0,0.0,0.0,0.0,0.0,0.0,0.0,0.0,0.0
2023-12-25,15597,50.0,50.0,25181.01092896175,0.0,20750.0,32204.80980739241,18800.0,10000.0,8800.0,0.0,0.0,44.0,1.0,0.0,0.0,0.0,0.0,0.0,0.0,0.0,0.0,0.0,0.0,0.0,0.0
2023-12-26,15553,52.0,52.0,25275.751366120217,0.0,20845.0,32077.574835074876,19000.0,10000.0,9000.0,0.0,0.0,45.0,1.0,0.0,0.0,0.0,0.0,0.0,0.0,0.0,0.0,0.0,0.0,0.0,0.0
2023-12-27,15510,62.0,62.0,25372.48633879782,0.0,20942.0,32147.89719397116,19400.0,10000.0,9400.0,0.0,0.0,47.0,1.0,0.0,0.0,0.0,0.0,0.0,0.0,0.0,0.0,0.0,0.0,0.0,0.0
2023-12-28,15475,58.0,58.0,25460.245901639344,0.0,21030.0,32100.77092611466,17600.0,10000.0,7600.0,0.0,0.0,38.0,1.0,0.0,0.0,0.0,0.0,0.0,0.0,0.0,0.0,0.0,0.0,0.0,0.0
2023-12-29,15445,51.0,51.0,25549.002732240435,0.0,21119.0,31935.642260530007,17800.0,10000.0,7800.0,0.0,0.0,39.0,1.0,0.0,0.0,0.0,0.0,0.0,0.0,0.0,0.0,0.0,0.0,0.0,0.0
2023-12-30,15407,46.0,46.0,25657.70491803279,0.0,21228.0,31815.062129539874,21800.0,10000.0,11800.0,0.0,0.0,59.0,1.0,0.0,0.0,0.0,0.0,0.0,0.0,0.0,0.0,0.0,0.0,0.0,0.0
2023-12-31,15344,55.0,55.0,25748.456284153006,0.0,21319.0,31819.121328872498,18200.0,10000.0,8200.0,0.0,0.0,41.0,1.0,0.0,0.0,0.0,0.0,0.0,0.0,0.0,0.0,0.0,0.0,0.0,0.0
