datetime,active_leaks,new_leaks,n_tags,rolling_cost_estimate,rolling_cost_estimate_b,cum_repaired_leaks,daily_emissions_kg,total_daily_cost,repair_cost,nat_repair_cost,verification_cost,natural_redund_tags,natural_n_tags,OGI_bayes_prop_sites_avail,OGI_bayes_cost,OGI_bayes_sites_visited,OGI_bayes_travel_time,OGI_bayes_survey_time,OGI_bayes_redund_tags,OGI_bayes_missed_leaks,OGI_bayes_sites_vis_w_leaks,OGI_bayes_eff_flags,OGI_bayes_n_tags,OGI_bayes_flags_redund1,OGI_bayes_flags_redund2,OGI_bayes_flag_wo_vent
2023-01-01,18174,42.0,42.0,72.80054644808743,0.0,55.0,79141.44454031112,14600.0,0.0,11000.0,0.0,0.0,55.0,1.0,3600.0,6.0,240.0,720.0,0.0,0.0,6.0,0.0,50.0,0.0,0.0,0.0
2023-01-02,18161,48.0,48.0,142.60928961748633,0.0,107.0,79386.78154193678,14000.0,0.0,10400.0,0.0,0.0,52.0,1.0,3600.0,6.0,240.0,720.0,0.0,0.0,6.0,0.0,73.0,0.0,0.0,0.0
2023-01-03,18157,46.0,46.0,208.4289617486339,0.0,155.0,79346.24571080261,13200.0,0.0,9600.0,0.0,0.0,48.0,1.0,3600.0,6.0,240.0,720.0,0.0,0.0,6.0,0.0,51.0,0.0,0.0,0.0
2023-01-04,18155,49.0,49.0,287.21311475409834,0.0,216.0,79254.14412451473,15800.0,0.0,12200.0,0.0,0.0,61.0,1.0,3600.0,6.0,240.0,720.0,0.0,0.0,6.0,0.0,76.0,0.0,0.0,0.0
2023-01-05,18143,51.0,51.0,357.02185792349724,0.0,268.0,79152.37184654865,14000.0,0.0,10400.0,0.0,0.0,52.0,1.0,3600.0,6.0,240.0,720.0,0.0,0.0,6.0,0.0,66.0,0.0,0.0,0.0
2023-01-06,18142,42.0,42.0,421.84426229508193,0.0,315.0,79030.09367983021,13000.0,0.0,9400.0,0.0,0.0,47.0,1.0,3600.0,6.0,240.0,720.0,0.0,0.0,6.0,0.0,65.0,0.0,0.0,0.0
2023-01-07,18137,47.0,47.0,499.6311475409836,0.0,375.0,79010.73230887252,15600.0,0.0,12000.0,0.0,0.0,60.0,1.0,3600.0,6.0,240.0,720.0,0.0,0.0,6.0,0.0,71.0,0.0,0.0,0.0
2023-01-08,18124,51.0,51.0,570.4371584699453,0.0,428.0,78909.31966703146,14200.0,0.0,10600.0,0.0,0.0,53.0,1.0,3600.0,6.0,240.0,720.0,0.0,0.0,6.0,0.0,55.0,0.0,0.0,0.0
2023-01-09,18122,48.0,48.0,630.2732240437159,0.0,470.0,78818.41027576008,12000.0,0.0,8400.0,0.0,0.0,42.0,1.0,3600.0,6.0,240.0,720.0,0.0,0.0,6.0,0.0,54.0,0.0,0.0,0.0
2023-01-10,18128,55.0,55.0,713.0464480874318,0.0,535.0,78849.74966080896,16600.0,0.0,13000.0,0.0,0.0,65.0,1.0,3600.0,6.0,240.0,720.0,0.0,0.0,6.0,0.0,73.0,0.0,0.0,0.0
2023-01-11,18118,51.0,51.0,779.8633879781421,0.0,584.0,78844.33022768231,13400.0,0.0,9800.0,0.0,0.0,49.0,1.0,3600.0,6.0,240.0,720.0,0.0,0.0,6.0,0.0,84.0,0.0,0.0,0.0
2023-01-12,18120,49.0,49.0,840.6967213114754,0.0,627.0,78712.54525623978,12200.0,0.0,8600.0,0.0,0.0,43.0,1.0,3600.0,6.0,240.0,720.0,0.0,0.0,6.0,0.0,75.0,0.0,0.0,0.0
2023-01-13,18126,51.0,51.0,911.5027322404371,0.0,680.0,78657.26776366912,14200.0,0.0,10600.0,0.0,0.0,53.0,1.0,3600.0,6.0,240.0,720.0,0.0,0.0,6.0,0.0,73.0,0.0,0.0,0.0
2023-01-14,18124,57.0,57.0,976.3251366120219,0.0,727.0,78992.05157430662,13000.0,0.0,9400.0,0.0,0.0,47.0,1.0,3600.0,6.0,240.0,720.0,0.0,0.0,6.0,0.0,64.0,0.0,0.0,0.0
2023-01-15,18134,45.0,45.0,1051.120218579235,0.0,784.0,78902.92676023357,15000.0,0.0,11400.0,0.0,0.0,57.0,1.0,3600.0,6.0,240.0,720.0,0.0,0.0,6.0,0.0,66.0,0.0,0.0,0.0
2023-01-16,18122,48.0,48.0,1115.9426229508197,0.0,831.0,78766.5242180356,13000.0,0.0,9400.0,0.0,0.0,47.0,1.0,3600.0,6.0,240.0,720.0,0.0,0.0,6.0,0.0,59.0,0.0,0.0,0.0
2023-01-17,18123,45.0,45.0,1177.7732240437158,0.0,875.0,78687.05156323237,12400.0,200.0,8600.0,0.0,0.0,43.0,1.0,3600.0,6.0,240.0,720.0,0.0,0.0,6.0,0.0,64.0,0.0,0.0,0.0
2023-01-18,18124,47.0,47.0,1261.5437158469947,0.0,941.0,78391.31697361924,16800.0,1200.0,12000.0,0.0,0.0,60.0,1.0,3600.0,6.0,240.0,720.0,0.0,0.0,6.0,0.0,68.0,0.0,0.0,0.0
2023-01-19,18105,46.0,46.0,1332.3497267759562,0.0,994.0,78290.12595707425,14200.0,0.0,10600.0,0.0,0.0,53.0,1.0,3600.0,6.0,240.0,720.0,0.0,0.0,6.0,0.0,67.0,0.0,0.0,0.0
2023-01-20,18098,63.0,63.0,1397.172131147541,0.0,1041.0,78511.29650445009,13000.0,200.0,9200.0,0.0,0.0,46.0,1.0,3600.0,6.0,240.0,720.0,0.0,0.0,6.0,0.0,64.0,0.0,0.0,0.0
2023-01-21,18114,56.0,56.0,1460.0,0.0,1086.0,78391.6089627344,12600.0,200.0,8800.0,0.0,0.0,44.0,1.0,3600.0,6.0,240.0,720.0,0.0,0.0,6.0,0.0,62.0,0.0,0.0,0.0
2023-01-22,18125,52.0,52.0,1522.827868852459,0.0,1131.0,78328.41937030762,12600.0,600.0,8400.0,0.0,0.0,42.0,1.0,3600.0,6.0,240.0,720.0,0.0,0.0,6.0,0.0,88.0,0.0,0.0,0.0
2023-01-23,18132,53.0,53.0,1606.5983606557377,0.0,1197.0,78201.27938138445,16800.0,600.0,12600.0,0.0,0.0,63.0,1.0,3600.0,6.0,240.0,720.0,0.0,0.0,6.0,0.0,78.0,0.0,0.0,0.0
2023-01-24,18119,57.0,57.0,1671.4207650273224,0.0,1244.0,78196.79220754922,13000.0,400.0,9000.0,0.0,0.0,45.0,1.0,3600.0,6.0,240.0,720.0,0.0,0.0,6.0,0.0,64.0,0.0,0.0,0.0
2023-01-25,18129,42.0,42.0,1740.2322404371582,0.0,1295.0,78002.27914670145,13800.0,200.0,10000.0,0.0,0.0,50.0,1.0,3600.0,6.0,240.0,720.0,0.0,0.0,6.0,0.0,59.0,0.0,0.0,0.0
2023-01-26,18120,59.0,59.0,1829.9863387978141,0.0,1367.0,77781.07070776766,18000.0,1200.0,13200.0,0.0,0.0,66.0,1.0,3600.0,6.0,240.0,720.0,0.0,0.0,6.0,0.0,69.0,0.0,0.0,0.0
2023-01-27,18107,43.0,43.0,1894.808743169399,0.0,1414.0,77721.39422404836,13000.0,600.0,8800.0,0.0,0.0,44.0,1.0,3600.0,6.0,240.0,720.0,0.0,0.0,6.0,0.0,57.0,0.0,0.0,0.0
2023-01-28,18103,49.0,49.0,1970.601092896175,0.0,1472.0,77282.63437652556,15200.0,800.0,10800.0,0.0,0.0,54.0,1.0,3600.0,6.0,240.0,720.0,0.0,0.0,6.0,0.0,78.0,0.0,0.0,0.0
2023-01-29,18094,66.0,66.0,2046.3934426229507,0.0,1530.0,77220.76031104077,15200.0,1200.0,10400.0,0.0,0.0,52.0,1.0,3600.0,6.0,240.0,720.0,0.0,0.0,6.0,0.0,63.0,0.0,0.0,0.0
2023-01-30,18102,56.0,56.0,2112.2131147540986,0.0,1578.0,77133.39231780796,13200.0,400.0,9200.0,0.0,0.0,46.0,1.0,3600.0,6.0,240.0,720.0,0.0,0.0,6.0,0.0,80.0,0.0,0.0,0.0
2023-01-31,18110,47.0,47.0,2187.0081967213114,0.0,1635.0,77080.74461719775,15000.0,400.0,11000.0,0.0,0.0,55.0,1.0,3600.0,6.0,240.0,720.0,0.0,0.0,6.0,0.0,63.0,0.0,0.0,0.0
2023-02-01,18100,59.0,59.0,2265.792349726776,0.0,1696.0,76977.12699094406,15800.0,1000.0,11200.0,0.0,0.0,56.0,1.0,3600.0,6.0,240.0,720.0,0.0,0.0,6.0,0.0,56.0,0.0,0.0,0.0
2023-02-02,18098,52.0,52.0,2346.571038251366,0.0,1759.0,77037.62110526567,16200.0,1000.0,11600.0,0.0,0.0,58.0,1.0,3600.0,6.0,240.0,720.0,0.0,0.0,6.0,0.0,63.0,0.0,0.0,0.0
2023-02-03,18087,56.0,56.0,2419.3715846994537,0.0,1814.0,76652.27800468908,14600.0,1200.0,9800.0,0.0,0.0,49.0,1.0,3600.0,6.0,240.0,720.0,0.0,0.0,6.0,0.0,81.0,0.0,0.0,0.0
2023-02-04,18088,73.0,73.0,2479.207650273224,0.0,1856.0,76754.71765664271,12000.0,200.0,8200.0,0.0,0.0,41.0,1.0,3600.0,6.0,240.0,720.0,0.0,0.0,6.0,0.0,67.0,0.0,0.0,0.0
2023-02-05,18119,55.0,55.0,2550.013661202186,0.0,1909.0,76321.38121705232,14200.0,600.0,10000.0,0.0,0.0,50.0,1.0,3600.0,6.0,240.0,720.0,0.0,0.0,6.0,0.0,65.0,0.0,0.0,0.0
2023-02-06,18121,49.0,49.0,2623.8114754098365,0.0,1965.0,76180.47256794243,14800.0,800.0,10400.0,0.0,0.0,52.0,1.0,3600.0,6.0,240.0,720.0,0.0,0.0,6.0,0.0,64.0,0.0,0.0,0.0
2023-02-07,18114,58.0,58.0,2693.6202185792354,0.0,2017.0,76180.78984972899,14000.0,600.0,9800.0,0.0,0.0,49.0,1.0,3600.0,6.0,240.0,720.0,0.0,0.0,6.0,0.0,77.0,0.0,0.0,0.0
2023-02-08,18120,52.0,52.0,2753.4562841530055,0.0,2059.0,76103.85184839647,12000.0,600.0,7800.0,0.0,0.0,39.0,1.0,3600.0,6.0,240.0,720.0,0.0,0.0,6.0,0.0,61.0,0.0,0.0,0.0
2023-02-09,18130,52.0,52.0,2808.3060109289613,0.0,2096.0,76144.91475563434,11000.0,200.0,7200.0,0.0,0.0,36.0,1.0,3600.0,6.0,240.0,720.0,0.0,0.0,6.0,0.0,55.0,0.0,0.0,0.0
2023-02-10,18145,48.0,48.0,2878.114754098361,0.0,2148.0,76252.08307734992,14000.0,400.0,10000.0,0.0,0.0,50.0,1.0,3600.0,6.0,240.0,720.0,0.0,0.0,6.0,0.0,69.0,0.0,0.0,0.0
2023-02-11,18141,53.0,53.0,2937.950819672131,0.0,2190.0,76214.25068674894,12000.0,400.0,8000.0,0.0,0.0,40.0,1.0,3600.0,6.0,240.0,720.0,0.0,0.0,6.0,0.0,65.0,0.0,0.0,0.0
2023-02-12,18152,56.0,56.0,3012.7459016393445,0.0,2247.0,76114.87168712195,15000.0,600.0,10800.0,0.0,0.0,54.0,1.0,3600.0,6.0,240.0,720.0,0.0,0.0,6.0,0.0,71.0,0.0,0.0,0.0
2023-02-13,18151,51.0,51.0,3077.568306010929,0.0,2294.0,76097.34706295002,13000.0,200.0,9200.0,0.0,0.0,46.0,1.0,3600.0,6.0,240.0,720.0,0.0,0.0,6.0,0.0,69.0,0.0,0.0,0.0
2023-02-14,18155,48.0,48.0,3135.4098360655735,0.0,2334.0,75993.36459844784,11600.0,200.0,7800.0,0.0,0.0,39.0,1.0,3600.0,6.0,240.0,720.0,0.0,0.0,6.0,0.0,74.0,0.0,0.0,0.0
2023-02-15,18163,63.0,63.0,3210.2049180327867,0.0,2391.0,75879.62671870644,15000.0,800.0,10600.0,0.0,0.0,53.0,1.0,3600.0,6.0,240.0,720.0,0.0,0.0,6.0,0.0,65.0,0.0,0.0,0.0
2023-02-16,18169,43.0,43.0,3276.024590163934,0.0,2439.0,75837.70711764412,13200.0,200.0,9400.0,0.0,0.0,47.0,1.0,3600.0,6.0,240.0,720.0,0.0,0.0,6.0,0.0,60.0,0.0,0.0,0.0
2023-02-17,18164,51.0,51.0,3348.825136612022,0.0,2494.0,75602.73277799436,14600.0,800.0,10200.0,0.0,0.0,51.0,1.0,3600.0,6.0,240.0,720.0,0.0,0.0,6.0,0.0,73.0,0.0,0.0,0.0
2023-02-18,18160,68.0,68.0,3414.6448087431695,0.0,2542.0,75630.46233765206,13200.0,600.0,9000.0,0.0,0.0,45.0,1.0,3600.0,6.0,240.0,720.0,0.0,0.0,6.0,0.0,68.0,0.0,0.0,0.0
2023-02-19,18180,41.0,41.0,3482.459016393442,0.0,2592.0,75484.9120905815,13600.0,1000.0,9000.0,0.0,0.0,45.0,1.0,3600.0,6.0,240.0,720.0,0.0,0.0,6.0,0.0,89.0,0.0,0.0,0.0
2023-02-20,18171,53.0,53.0,3551.2704918032787,0.0,2643.0,75401.9761925499,13800.0,600.0,9600.0,0.0,0.0,48.0,1.0,3600.0,6.0,240.0,720.0,0.0,0.0,6.0,0.0,79.0,0.0,0.0,0.0
2023-02-21,18173,54.0,54.0,3632.049180327869,0.0,2706.0,75362.99333354199,16200.0,600.0,12000.0,0.0,0.0,60.0,1.0,3600.0,6.0,240.0,720.0,0.0,0.0,6.0,0.0,56.0,0.0,0.0,0.0
2023-02-22,18164,46.0,46.0,3698.8661202185795,0.0,2755.0,75317.2999932571,13400.0,600.0,9200.0,0.0,0.0,46.0,1.0,3600.0,6.0,240.0,720.0,0.0,0.0,6.0,0.0,76.0,0.0,0.0,0.0
2023-02-23,18161,50.0,50.0,3780.6420765027324,0.0,2819.0,75210.51328206077,16400.0,1400.0,11400.0,0.0,0.0,57.0,1.0,3600.0,6.0,240.0,720.0,0.0,0.0,6.0,0.0,75.0,0.0,0.0,0.0
2023-02-24,18147,56.0,56.0,3845.4644808743174,0.0,2866.0,75208.69784154107,13000.0,1000.0,8400.0,0.0,0.0,42.0,1.0,3600.0,6.0,240.0,720.0,0.0,0.0,6.0,0.0,75.0,0.0,0.0,0.0
2023-02-25,18156,66.0,66.0,3905.3005464480875,0.0,2908.0,75028.67749805721,12000.0,1000.0,7400.0,0.0,0.0,37.0,1.0,3600.0,6.0,240.0,720.0,0.0,0.0,6.0,0.0,66.0,0.0,0.0,0.0
2023-02-26,18180,50.0,50.0,3984.084699453552,0.0,2969.0,75179.03256164784,15800.0,600.0,11600.0,0.0,0.0,58.0,1.0,3600.0,6.0,240.0,720.0,0.0,0.0,6.0,0.0,78.0,0.0,0.0,0.0
2023-02-27,18169,47.0,47.0,4048.9071038251363,0.0,3016.0,75207.76611727566,13000.0,800.0,8600.0,0.0,0.0,43.0,1.0,3600.0,6.0,240.0,720.0,0.0,0.0,6.0,0.0,73.0,0.0,0.0,0.0
2023-02-28,18169,37.0,37.0,4120.710382513661,0.0,3070.0,74869.74531675906,14400.0,1000.0,9800.0,0.0,0.0,49.0,1.0,3600.0,6.0,240.0,720.0,0.0,0.0,6.0,0.0,70.0,0.0,0.0,0.0
2023-03-01,18152,48.0,48.0,4192.513661202186,0.0,3124.0,74527.8097089457,14400.0,800.0,10000.0,0.0,0.0,50.0,1.0,3600.0,6.0,240.0,720.0,0.0,0.0,6.0,0.0,58.0,0.0,0.0,0.0
2023-03-02,18146,56.0,56.0,4261.325136612021,0.0,3175.0,74347.59498502161,13800.0,800.0,9400.0,0.0,0.0,47.0,1.0,3600.0,6.0,240.0,720.0,0.0,0.0,6.0,0.0,77.0,0.0,0.0,0.0
2023-03-03,18151,43.0,43.0,4331.133879781421,0.0,3227.0,74220.82290589565,14000.0,400.0,10000.0,0.0,0.0,50.0,1.0,3600.0,6.0,240.0,720.0,0.0,0.0,6.0,0.0,73.0,0.0,0.0,0.0
2023-03-04,18142,50.0,50.0,4395.956284153005,0.0,3274.0,74215.75518743867,13000.0,600.0,8800.0,0.0,0.0,44.0,1.0,3600.0,6.0,240.0,720.0,0.0,0.0,6.0,0.0,67.0,0.0,0.0,0.0
2023-03-05,18145,43.0,43.0,4478.729508196721,0.0,3339.0,74114.84640530904,16600.0,200.0,12800.0,0.0,0.0,64.0,1.0,3600.0,6.0,240.0,720.0,0.0,0.0,6.0,0.0,57.0,0.0,0.0,0.0
2023-03-06,18123,50.0,50.0,4555.51912568306,0.0,3398.0,73733.07774044544,15400.0,400.0,11400.0,0.0,0.0,57.0,1.0,3600.0,6.0,240.0,720.0,0.0,0.0,6.0,0.0,66.0,0.0,0.0,0.0
2023-03-07,18114,49.0,49.0,4619.3442622950815,0.0,3444.0,73651.10015380937,12800.0,600.0,8600.0,0.0,0.0,43.0,1.0,3600.0,6.0,240.0,720.0,0.0,0.0,6.0,0.0,62.0,0.0,0.0,0.0
2023-03-08,18117,51.0,51.0,4694.139344262295,0.0,3501.0,73405.67145426721,15000.0,1200.0,10200.0,0.0,0.0,51.0,1.0,3600.0,6.0,240.0,720.0,0.0,0.0,6.0,0.0,78.0,0.0,0.0,0.0
2023-03-09,18111,45.0,45.0,4758.96174863388,0.0,3548.0,73240.71794017032,13000.0,1000.0,8400.0,0.0,0.0,42.0,1.0,3600.0,6.0,240.0,720.0,0.0,0.0,6.0,0.0,66.0,0.0,0.0,0.0
2023-03-10,18109,49.0,49.0,4835.751366120219,0.0,3607.0,73305.16557526038,15400.0,0.0,11800.0,0.0,0.0,59.0,1.0,3600.0,6.0,240.0,720.0,0.0,0.0,6.0,0.0,72.0,0.0,0.0,0.0
2023-03-11,18099,59.0,59.0,4918.524590163934,0.0,3672.0,73059.34132073013,16600.0,800.0,12200.0,0.0,0.0,61.0,1.0,3600.0,6.0,240.0,720.0,0.0,0.0,6.0,0.0,67.0,0.0,0.0,0.0
2023-03-12,18093,73.0,73.0,4986.338797814207,0.0,3722.0,73186.572646233,13600.0,400.0,9600.0,0.0,0.0,48.0,1.0,3600.0,6.0,240.0,720.0,0.0,0.0,6.0,0.0,59.0,0.0,0.0,0.0
2023-03-13,18116,50.0,50.0,5051.161202185793,0.0,3769.0,73285.12010758067,13000.0,200.0,9200.0,0.0,0.0,46.0,1.0,3600.0,6.0,240.0,720.0,0.0,0.0,6.0,0.0,82.0,0.0,0.0,0.0
2023-03-14,18119,60.0,60.0,5125.956284153005,0.0,3826.0,72997.88783125445,15000.0,800.0,10600.0,0.0,0.0,53.0,1.0,3600.0,6.0,240.0,720.0,0.0,0.0,6.0,0.0,68.0,0.0,0.0,0.0
2023-03-15,18122,59.0,59.0,5206.734972677596,0.0,3889.0,72606.00601266419,16200.0,800.0,11800.0,0.0,0.0,59.0,1.0,3600.0,6.0,240.0,720.0,0.0,0.0,6.0,0.0,86.0,0.0,0.0,0.0
2023-03-16,18118,55.0,55.0,5272.554644808743,0.0,3937.0,72509.68864194375,13200.0,1200.0,8400.0,0.0,0.0,42.0,1.0,3600.0,6.0,240.0,720.0,0.0,0.0,6.0,0.0,77.0,0.0,0.0,0.0
2023-03-17,18125,52.0,52.0,5339.371584699455,0.0,3986.0,72503.61483651523,13400.0,600.0,9200.0,0.0,0.0,46.0,1.0,3600.0,6.0,240.0,720.0,0.0,0.0,6.0,0.0,80.0,0.0,0.0,0.0
2023-03-18,18128,43.0,43.0,5419.153005464481,0.0,4048.0,72446.38835477711,16000.0,400.0,12000.0,0.0,0.0,60.0,1.0,3600.0,6.0,240.0,720.0,0.0,0.0,6.0,0.0,65.0,0.0,0.0,0.0
2023-03-19,18109,45.0,45.0,5483.975409836066,0.0,4095.0,72464.71712038862,13000.0,600.0,8800.0,0.0,0.0,44.0,1.0,3600.0,6.0,240.0,720.0,0.0,0.0,6.0,0.0,66.0,0.0,0.0,0.0
2023-03-20,18107,54.0,54.0,5537.82786885246,0.0,4131.0,72299.68712906529,10800.0,400.0,6800.0,0.0,0.0,34.0,1.0,3600.0,6.0,240.0,720.0,0.0,0.0,6.0,0.0,56.0,0.0,0.0,0.0
2023-03-21,18125,58.0,58.0,5604.644808743169,0.0,4180.0,72191.22080857349,13400.0,1000.0,8800.0,0.0,0.0,44.0,1.0,3600.0,6.0,240.0,720.0,0.0,0.0,6.0,0.0,63.0,0.0,0.0,0.0
2023-03-22,18134,49.0,49.0,5675.450819672132,0.0,4233.0,72144.27748101609,14200.0,0.0,10600.0,0.0,0.0,53.0,1.0,3600.0,6.0,240.0,720.0,0.0,0.0,6.0,0.0,63.0,0.0,0.0,0.0
2023-03-23,18130,42.0,42.0,5739.275956284154,0.0,4279.0,72404.62709951497,12800.0,0.0,9200.0,0.0,0.0,46.0,1.0,3600.0,6.0,240.0,720.0,0.0,0.0,6.0,0.0,71.0,0.0,0.0,0.0
2023-03-24,18126,43.0,43.0,5802.103825136612,0.0,4324.0,72334.10933570439,12600.0,400.0,8600.0,0.0,0.0,43.0,1.0,3600.0,6.0,240.0,720.0,0.0,0.0,6.0,0.0,82.0,0.0,0.0,0.0
2023-03-25,18124,44.0,44.0,5843.9890710382515,0.0,4360.0,72250.18619926559,8400.0,600.0,6600.0,0.0,0.0,33.0,1.0,1200.0,2.0,90.0,240.0,0.0,0.0,2.0,0.0,18.0,0.0,0.0,0.0
2023-03-26,18132,59.0,59.0,5884.877049180327,0.0,4401.0,72286.63185473923,8200.0,200.0,8000.0,0.0,0.0,40.0,1.0,0.0,0.0,0.0,0.0,0.0,0.0,0.0,0.0,0.0,0.0,0.0,0.0
2023-03-27,18150,55.0,55.0,5932.745901639344,0.0,4449.0,71921.52579219783,9600.0,1000.0,8600.0,0.0,0.0,43.0,1.0,0.0,0.0,0.0,0.0,0.0,0.0,0.0,0.0,0.0,0.0,0.0,0.0
2023-03-28,18157,57.0,57.0,5992.581967213116,0.0,4509.0,71704.44867590876,12000.0,800.0,11200.0,0.0,0.0,56.0,1.0,0.0,0.0,0.0,0.0,0.0,0.0,0.0,0.0,0.0,0.0,0.0,0.0
2023-03-29,18154,44.0,44.0,6046.434426229508,0.0,4563.0,71516.60236982093,10800.0,1000.0,9800.0,0.0,0.0,49.0,1.0,0.0,0.0,0.0,0.0,0.0,0.0,0.0,0.0,0.0,0.0,0.0,0.0
2023-03-30,18144,43.0,43.0,6110.259562841529,0.0,4627.0,71299.29792900391,12800.0,1400.0,11400.0,0.0,0.0,57.0,1.0,0.0,0.0,0.0,0.0,0.0,0.0,0.0,0.0,0.0,0.0,0.0,0.0
2023-03-31,18123,51.0,51.0,6162.117486338798,0.0,4679.0,71218.0095190357,10400.0,1600.0,8800.0,0.0,0.0,44.0,1.0,0.0,0.0,0.0,0.0,0.0,0.0,0.0,0.0,0.0,0.0,0.0,0.0
2023-04-01,18122,61.0,61.0,6232.9234972677605,0.0,4750.0,70667.61271709211,14200.0,2800.0,11400.0,0.0,0.0,57.0,1.0,0.0,0.0,0.0,0.0,0.0,0.0,0.0,0.0,0.0,0.0,0.0,0.0
2023-04-02,18112,54.0,54.0,6288.770491803278,0.0,4806.0,70461.4381401303,11200.0,2400.0,8800.0,0.0,0.0,44.0,1.0,0.0,0.0,0.0,0.0,0.0,0.0,0.0,0.0,0.0,0.0,0.0,0.0
2023-04-03,18110,48.0,48.0,6346.612021857923,0.0,4864.0,69986.83492166491,11600.0,3800.0,7800.0,0.0,0.0,39.0,1.0,0.0,0.0,0.0,0.0,0.0,0.0,0.0,0.0,0.0,0.0,0.0,0.0
2023-04-04,18100,46.0,46.0,6412.431693989071,0.0,4930.0,69622.63147676873,13200.0,4600.0,8600.0,0.0,0.0,43.0,1.0,0.0,0.0,0.0,0.0,0.0,0.0,0.0,0.0,0.0,0.0,0.0,0.0
2023-04-05,18080,46.0,46.0,6484.234972677596,0.0,5002.0,69067.15384649255,14400.0,4400.0,10000.0,0.0,0.0,50.0,1.0,0.0,0.0,0.0,0.0,0.0,0.0,0.0,0.0,0.0,0.0,0.0,0.0
2023-04-06,18054,60.0,60.0,6549.05737704918,0.0,5067.0,68761.79471338609,13000.0,5200.0,7800.0,0.0,0.0,39.0,1.0,0.0,0.0,0.0,0.0,0.0,0.0,0.0,0.0,0.0,0.0,0.0,0.0
2023-04-07,18049,42.0,42.0,6637.814207650273,0.0,5156.0,68213.35532876986,17800.0,5800.0,12000.0,0.0,0.0,60.0,1.0,0.0,0.0,0.0,0.0,0.0,0.0,0.0,0.0,0.0,0.0,0.0,0.0
2023-04-08,18002,53.0,53.0,6736.543715846995,0.0,5255.0,67586.32580802808,19800.0,7600.0,12200.0,0.0,0.0,61.0,1.0,0.0,0.0,0.0,0.0,0.0,0.0,0.0,0.0,0.0,0.0,0.0,0.0
2023-04-09,17956,58.0,58.0,6840.259562841529,0.0,5359.0,67116.18211021149,20800.0,8400.0,12400.0,0.0,0.0,62.0,1.0,0.0,0.0,0.0,0.0,0.0,0.0,0.0,0.0,0.0,0.0,0.0,0.0
2023-04-10,17910,44.0,44.0,6937.991803278689,0.0,5457.0,66569.18242759322,19600.0,9200.0,10400.0,0.0,0.0,52.0,1.0,0.0,0.0,0.0,0.0,0.0,0.0,0.0,0.0,0.0,0.0,0.0,0.0
2023-04-11,17856,53.0,53.0,7028.743169398907,0.0,5548.0,65934.92126800692,18200.0,10000.0,8200.0,0.0,0.0,41.0,1.0,0.0,0.0,0.0,0.0,0.0,0.0,0.0,0.0,0.0,0.0,0.0,0.0
2023-04-12,17818,57.0,57.0,7114.508196721311,0.0,5634.0,65320.16651830718,17200.0,10000.0,7200.0,0.0,0.0,36.0,1.0,0.0,0.0,0.0,0.0,0.0,0.0,0.0,0.0,0.0,0.0,0.0,0.0
2023-04-13,17789,49.0,49.0,7215.232240437159,0.0,5735.0,64384.05005424229,20200.0,9800.0,10400.0,0.0,0.0,52.0,1.0,0.0,0.0,0.0,0.0,0.0,0.0,0.0,0.0,0.0,0.0,0.0,0.0
2023-04-14,17737,51.0,51.0,7308.975409836066,0.0,5829.0,63960.31713942776,18800.0,10000.0,8800.0,0.0,0.0,44.0,1.0,0.0,0.0,0.0,0.0,0.0,0.0,0.0,0.0,0.0,0.0,0.0,0.0
2023-04-15,17694,55.0,55.0,7417.677595628416,0.0,5938.0,63350.872032630046,21800.0,10000.0,11800.0,0.0,0.0,59.0,1.0,0.0,0.0,0.0,0.0,0.0,0.0,0.0,0.0,0.0,0.0,0.0,0.0
2023-04-16,17640,50.0,50.0,7510.4234972677605,0.0,6031.0,62717.818056472315,18600.0,10000.0,8600.0,0.0,0.0,43.0,1.0,0.0,0.0,0.0,0.0,0.0,0.0,0.0,0.0,0.0,0.0,0.0,0.0
2023-04-17,17597,48.0,48.0,7601.174863387977,0.0,6122.0,62201.09978749973,18200.0,10000.0,8200.0,0.0,0.0,41.0,1.0,0.0,0.0,0.0,0.0,0.0,0.0,0.0,0.0,0.0,0.0,0.0,0.0
2023-04-18,17554,40.0,40.0,7685.94262295082,0.0,6207.0,61579.42360739946,17000.0,9800.0,7200.0,0.0,0.0,36.0,1.0,0.0,0.0,0.0,0.0,0.0,0.0,0.0,0.0,0.0,0.0,0.0,0.0
2023-04-19,17509,51.0,51.0,7771.707650273223,0.0,6293.0,60770.3237995514,17200.0,10000.0,7200.0,0.0,0.0,36.0,1.0,0.0,0.0,0.0,0.0,0.0,0.0,0.0,0.0,0.0,0.0,0.0,0.0
2023-04-20,17474,54.0,54.0,7861.461748633879,0.0,6383.0,60204.19262245083,18000.0,10000.0,8000.0,0.0,0.0,40.0,1.0,0.0,0.0,0.0,0.0,0.0,0.0,0.0,0.0,0.0,0.0,0.0,0.0
2023-04-21,17438,53.0,53.0,7945.232240437159,0.0,6467.0,59651.189625896055,16800.0,10000.0,6800.0,0.0,0.0,34.0,1.0,0.0,0.0,0.0,0.0,0.0,0.0,0.0,0.0,0.0,0.0,0.0,0.0
2023-04-22,17407,54.0,54.0,8038.975409836066,0.0,6561.0,59219.557116895754,18800.0,10000.0,8800.0,0.0,0.0,44.0,1.0,0.0,0.0,0.0,0.0,0.0,0.0,0.0,0.0,0.0,0.0,0.0,0.0
2023-04-23,17367,48.0,48.0,8137.704918032787,0.0,6660.0,58926.40160413262,19800.0,10000.0,9800.0,0.0,0.0,49.0,1.0,0.0,0.0,0.0,0.0,0.0,0.0,0.0,0.0,0.0,0.0,0.0,0.0
2023-04-24,17316,57.0,57.0,8228.456284153006,0.0,6751.0,58733.06203090803,18200.0,10000.0,8200.0,0.0,0.0,41.0,1.0,0.0,0.0,0.0,0.0,0.0,0.0,0.0,0.0,0.0,0.0,0.0,0.0
2023-04-25,17282,51.0,51.0,8323.196721311477,0.0,6846.0,58291.294352556164,19000.0,10000.0,9000.0,0.0,0.0,45.0,1.0,0.0,0.0,0.0,0.0,0.0,0.0,0.0,0.0,0.0,0.0,0.0,0.0
2023-04-26,17238,48.0,48.0,8434.890710382513,0.0,6958.0,57748.32010651001,22400.0,10000.0,12400.0,0.0,0.0,62.0,1.0,0.0,0.0,0.0,0.0,0.0,0.0,0.0,0.0,0.0,0.0,0.0,0.0
2023-04-27,17174,54.0,54.0,8531.625683060109,0.0,7055.0,57502.95271799712,19400.0,10000.0,9400.0,0.0,0.0,47.0,1.0,0.0,0.0,0.0,0.0,0.0,0.0,0.0,0.0,0.0,0.0,0.0,0.0
2023-04-28,17131,58.0,58.0,8621.379781420765,0.0,7145.0,57088.422816607446,18000.0,10000.0,8000.0,0.0,0.0,40.0,1.0,0.0,0.0,0.0,0.0,0.0,0.0,0.0,0.0,0.0,0.0,0.0,0.0
2023-04-29,17099,52.0,52.0,8705.150273224042,0.0,7229.0,56752.82713592211,16800.0,10000.0,6800.0,0.0,0.0,34.0,1.0,0.0,0.0,0.0,0.0,0.0,0.0,0.0,0.0,0.0,0.0,0.0,0.0
2023-04-30,17067,56.0,56.0,8799.890710382513,0.0,7324.0,56239.36726725359,19000.0,10000.0,9000.0,0.0,0.0,45.0,1.0,0.0,0.0,0.0,0.0,0.0,0.0,0.0,0.0,0.0,0.0,0.0,0.0
2023-05-01,17028,50.0,50.0,8895.628415300545,0.0,7420.0,55625.14868131866,19200.0,10000.0,9200.0,0.0,0.0,46.0,1.0,0.0,0.0,0.0,0.0,0.0,0.0,0.0,0.0,0.0,0.0,0.0,0.0
2023-05-02,16982,62.0,62.0,9006.325136612022,0.0,7513.0,55273.86573116038,22200.0,8200.0,10400.0,0.0,0.0,52.0,1.0,3600.0,6.0,240.0,720.0,26.0,0.0,6.0,0.0,25.0,0.0,0.0,0.0
2023-05-03,16951,52.0,52.0,9094.084699453551,0.0,7583.0,54997.204238548205,17600.0,6600.0,7400.0,0.0,0.0,37.0,1.0,3600.0,6.0,240.0,720.0,32.0,0.0,6.0,0.0,34.0,0.0,0.0,0.0
2023-05-04,16933,52.0,52.0,9172.868852459016,0.0,7644.0,54988.723570855735,15800.0,5800.0,6400.0,0.0,0.0,32.0,1.0,3600.0,6.0,240.0,720.0,20.0,0.0,6.0,0.0,21.0,0.0,0.0,0.0
2023-05-05,16924,55.0,55.0,9252.650273224042,0.0,7706.0,54922.0451094812,16000.0,3600.0,8800.0,0.0,0.0,44.0,1.0,3600.0,6.0,240.0,720.0,34.0,0.0,6.0,0.0,28.0,0.0,0.0,0.0
2023-05-06,16917,51.0,51.0,9324.45355191257,0.0,7760.0,54919.42876147358,14400.0,2200.0,8600.0,0.0,0.0,43.0,1.0,3600.0,6.0,240.0,720.0,23.0,0.0,6.0,0.0,21.0,0.0,0.0,0.0
2023-05-07,16914,53.0,53.0,9388.27868852459,0.0,7806.0,54947.37780978715,12800.0,800.0,8400.0,0.0,0.0,42.0,1.0,3600.0,6.0,240.0,720.0,27.0,0.0,6.0,0.0,27.0,0.0,0.0,0.0
2023-05-08,16921,41.0,41.0,9458.08743169399,0.0,7858.0,54931.06784337972,14000.0,0.0,10400.0,0.0,0.0,52.0,1.0,3600.0,6.0,240.0,720.0,30.0,0.0,6.0,0.0,20.0,0.0,0.0,0.0
2023-05-09,16910,49.0,49.0,9520.915300546449,0.0,7903.0,54985.09073446211,12600.0,0.0,9000.0,0.0,0.0,45.0,1.0,3600.0,6.0,240.0,720.0,23.0,0.0,6.0,0.0,19.0,0.0,0.0,0.0
2023-05-10,16914,57.0,57.0,9575.765027322404,0.0,7940.0,55211.36301600846,11000.0,0.0,7400.0,0.0,0.0,37.0,1.0,3600.0,6.0,240.0,720.0,27.0,0.0,6.0,0.0,28.0,0.0,0.0,0.0
2023-05-11,16934,41.0,41.0,9635.601092896175,0.0,7982.0,55270.60906647602,12000.0,0.0,8400.0,0.0,0.0,42.0,1.0,3600.0,6.0,240.0,720.0,24.0,0.0,6.0,0.0,25.0,0.0,0.0,0.0
2023-05-12,16933,49.0,49.0,9702.418032786885,0.0,8031.0,55216.35724519006,13400.0,0.0,9800.0,0.0,0.0,49.0,1.0,3600.0,6.0,240.0,720.0,40.0,0.0,6.0,0.0,22.0,0.0,0.0,0.0
2023-05-13,16933,55.0,55.0,9764.248633879783,0.0,8075.0,55398.18921712636,12400.0,0.0,8800.0,0.0,0.0,44.0,1.0,3600.0,6.0,240.0,720.0,35.0,0.0,6.0,0.0,23.0,0.0,0.0,0.0
2023-05-14,16944,51.0,51.0,9822.090163934427,0.0,8115.0,55553.25007214682,11600.0,0.0,8000.0,0.0,0.0,40.0,1.0,3600.0,6.0,240.0,720.0,27.0,0.0,6.0,0.0,24.0,0.0,0.0,0.0
2023-05-15,16955,49.0,49.0,9881.926229508197,0.0,8157.0,55544.47234765276,12000.0,0.0,8400.0,0.0,0.0,42.0,1.0,3600.0,6.0,240.0,720.0,22.0,0.0,6.0,0.0,30.0,0.0,0.0,0.0
2023-05-16,16962,61.0,61.0,9930.792349726777,0.0,8188.0,55679.67952824849,9800.0,0.0,6200.0,0.0,0.0,31.0,1.0,3600.0,6.0,240.0,720.0,34.0,0.0,6.0,0.0,19.0,0.0,0.0,0.0
2023-05-17,16992,64.0,64.0,9985.642076502734,0.0,8225.0,55855.598543734755,11000.0,0.0,7400.0,0.0,0.0,37.0,1.0,3600.0,6.0,240.0,720.0,32.0,0.0,6.0,0.0,14.0,0.0,0.0,0.0
2023-05-18,17019,46.0,46.0,10047.472677595628,0.0,8269.0,55852.17561630613,12400.0,400.0,8400.0,0.0,0.0,42.0,1.0,3600.0,6.0,240.0,720.0,23.0,0.0,6.0,0.0,24.0,0.0,0.0,0.0
2023-05-19,17021,64.0,64.0,10107.308743169398,0.0,8311.0,56031.001163030276,12000.0,400.0,8000.0,0.0,0.0,40.0,1.0,3600.0,6.0,240.0,720.0,23.0,0.0,6.0,0.0,25.0,0.0,0.0,0.0
2023-05-20,17043,50.0,50.0,10180.109289617487,0.0,8366.0,56020.343277633234,14600.0,600.0,10400.0,0.0,0.0,52.0,1.0,3600.0,6.0,240.0,720.0,32.0,0.0,6.0,0.0,19.0,0.0,0.0,0.0
2023-05-21,17038,55.0,55.0,10240.942622950819,0.0,8409.0,55979.36092168003,12200.0,1200.0,7400.0,0.0,0.0,37.0,1.0,3600.0,6.0,240.0,720.0,26.0,0.0,6.0,0.0,14.0,0.0,0.0,0.0
2023-05-22,17050,47.0,47.0,10311.748633879783,0.0,8462.0,55951.549316945544,14200.0,600.0,10000.0,0.0,0.0,50.0,1.0,3600.0,6.0,240.0,720.0,29.0,0.0,6.0,0.0,24.0,0.0,0.0,0.0
2023-05-23,17044,63.0,63.0,10369.590163934427,0.0,8502.0,56035.38223733877,11600.0,600.0,7400.0,0.0,0.0,37.0,1.0,3600.0,6.0,240.0,720.0,43.0,0.0,6.0,0.0,22.0,0.0,0.0,0.0
2023-05-24,17067,38.0,38.0,10435.409836065573,0.0,8550.0,56022.46007904353,13200.0,600.0,9000.0,0.0,0.0,45.0,1.0,3600.0,6.0,240.0,720.0,30.0,0.0,6.0,0.0,22.0,0.0,0.0,0.0
2023-05-25,17057,57.0,57.0,10514.193989071038,0.0,8611.0,56149.28511147158,15800.0,800.0,11400.0,0.0,0.0,57.0,1.0,3600.0,6.0,240.0,720.0,24.0,0.0,6.0,0.0,30.0,0.0,0.0,0.0
2023-05-26,17053,33.0,33.0,10582.008196721312,0.0,8661.0,56023.722550415194,13600.0,800.0,9200.0,0.0,0.0,46.0,1.0,3600.0,6.0,240.0,720.0,28.0,0.0,6.0,0.0,26.0,0.0,0.0,0.0
2023-05-27,17036,44.0,44.0,10636.857923497266,0.0,8698.0,56032.24696054915,11000.0,600.0,6800.0,0.0,0.0,34.0,1.0,3600.0,6.0,240.0,720.0,31.0,0.0,6.0,0.0,23.0,0.0,0.0,0.0
2023-05-28,17043,49.0,49.0,10704.672131147541,0.0,8748.0,56068.3005408798,13600.0,600.0,9400.0,0.0,0.0,47.0,1.0,3600.0,6.0,240.0,720.0,29.0,0.0,6.0,0.0,25.0,0.0,0.0,0.0
2023-05-29,17042,51.0,51.0,10758.524590163934,0.0,8784.0,56101.07368683221,10800.0,800.0,6400.0,0.0,0.0,32.0,1.0,3600.0,6.0,240.0,720.0,29.0,0.0,6.0,0.0,21.0,0.0,0.0,0.0
2023-05-30,17057,35.0,35.0,10812.377049180328,0.0,8820.0,56195.25918704338,10800.0,400.0,6800.0,0.0,0.0,34.0,1.0,3600.0,6.0,240.0,720.0,32.0,0.0,6.0,0.0,18.0,0.0,0.0,0.0
2023-05-31,17056,50.0,50.0,10881.188524590165,0.0,8871.0,56383.75086807687,13800.0,400.0,9800.0,0.0,0.0,49.0,1.0,3600.0,6.0,240.0,720.0,30.0,0.0,6.0,0.0,18.0,0.0,0.0,0.0
2023-06-01,17055,48.0,48.0,10950.0,0.0,8922.0,56240.14179063509,13800.0,800.0,9400.0,0.0,0.0,47.0,1.0,3600.0,6.0,240.0,720.0,32.0,0.0,6.0,0.0,26.0,0.0,0.0,0.0
2023-06-02,17052,44.0,44.0,11009.836065573769,0.0,8964.0,56326.67115531675,12000.0,600.0,7800.0,0.0,0.0,39.0,1.0,3600.0,6.0,240.0,720.0,22.0,0.0,6.0,0.0,36.0,0.0,0.0,0.0
2023-06-03,17054,46.0,46.0,11073.661202185793,0.0,9010.0,56324.6373020294,12800.0,600.0,8600.0,0.0,0.0,43.0,1.0,3600.0,6.0,240.0,720.0,29.0,0.0,6.0,0.0,23.0,0.0,0.0,0.0
2023-06-04,17054,44.0,44.0,11138.483606557378,0.0,9057.0,56183.814770904035,13000.0,400.0,9000.0,0.0,0.0,45.0,1.0,3600.0,6.0,240.0,720.0,38.0,0.0,6.0,0.0,19.0,0.0,0.0,0.0
2023-06-05,17051,45.0,45.0,11202.308743169398,0.0,9103.0,56152.40297339885,12800.0,1000.0,8200.0,0.0,0.0,41.0,1.0,3600.0,6.0,240.0,720.0,28.0,0.0,6.0,0.0,20.0,0.0,0.0,0.0
2023-06-06,17050,51.0,51.0,11264.139344262294,0.0,9147.0,56169.57769551949,12400.0,200.0,8600.0,0.0,0.0,43.0,1.0,3600.0,6.0,240.0,720.0,29.0,0.0,6.0,0.0,31.0,0.0,0.0,0.0
2023-06-07,17057,50.0,50.0,11334.945355191256,0.0,9200.0,56186.623575656115,14200.0,200.0,10400.0,0.0,0.0,52.0,1.0,3600.0,6.0,240.0,720.0,35.0,0.0,6.0,0.0,25.0,0.0,0.0,0.0
2023-06-08,17054,48.0,48.0,11405.751366120217,0.0,9253.0,56255.52223450854,14200.0,400.0,10200.0,0.0,0.0,51.0,1.0,3600.0,6.0,240.0,720.0,29.0,0.0,6.0,0.0,22.0,0.0,0.0,0.0
2023-06-09,17049,40.0,40.0,11481.543715846994,0.0,9311.0,56354.72639361995,15200.0,600.0,11000.0,0.0,0.0,55.0,1.0,3600.0,6.0,240.0,720.0,25.0,0.0,6.0,0.0,24.0,0.0,0.0,0.0
2023-06-10,17031,47.0,47.0,11547.363387978143,0.0,9359.0,56291.58768034761,13200.0,400.0,9200.0,0.0,0.0,46.0,1.0,3600.0,6.0,240.0,720.0,20.0,0.0,6.0,0.0,22.0,0.0,0.0,0.0
2023-06-11,17030,57.0,57.0,11611.188524590165,0.0,9405.0,56270.87871517414,12800.0,800.0,8400.0,0.0,0.0,42.0,1.0,3600.0,6.0,240.0,720.0,35.0,0.0,6.0,0.0,28.0,0.0,0.0,0.0
2023-06-12,17041,54.0,54.0,11676.010928961749,0.0,9452.0,56164.64823583235,13000.0,800.0,8600.0,0.0,0.0,43.0,1.0,3600.0,6.0,240.0,720.0,25.0,0.0,6.0,0.0,22.0,0.0,0.0,0.0
2023-06-13,17048,50.0,50.0,11732.855191256833,0.0,9491.0,56289.40766555743,11400.0,400.0,7400.0,0.0,0.0,37.0,1.0,3600.0,6.0,240.0,720.0,31.0,0.0,6.0,0.0,21.0,0.0,0.0,0.0
2023-06-14,17059,50.0,50.0,11801.666666666668,0.0,9542.0,56259.25096372651,13800.0,800.0,9400.0,0.0,0.0,47.0,1.0,3600.0,6.0,240.0,720.0,23.0,0.0,6.0,0.0,21.0,0.0,0.0,0.0
2023-06-15,17058,42.0,42.0,11864.494535519125,0.0,9587.0,56349.45781458709,12600.0,400.0,8600.0,0.0,0.0,43.0,1.0,3600.0,6.0,240.0,720.0,30.0,0.0,6.0,0.0,19.0,0.0,0.0,0.0
2023-06-16,17055,53.0,53.0,11926.325136612022,0.0,9631.0,56461.48681605611,12400.0,400.0,8400.0,0.0,0.0,42.0,1.0,3600.0,6.0,240.0,720.0,30.0,0.0,6.0,0.0,23.0,0.0,0.0,0.0
2023-06-17,17064,44.0,44.0,11992.144808743167,0.0,9679.0,56371.07771179218,13200.0,600.0,9000.0,0.0,0.0,45.0,1.0,3600.0,6.0,240.0,720.0,25.0,0.0,6.0,0.0,22.0,0.0,0.0,0.0
2023-06-18,17060,58.0,58.0,12053.975409836066,0.0,9723.0,56207.57423476556,12400.0,1200.0,7600.0,0.0,0.0,38.0,1.0,3600.0,6.0,240.0,720.0,31.0,0.0,6.0,0.0,20.0,0.0,0.0,0.0
2023-06-19,17074,38.0,38.0,12111.81693989071,0.0,9763.0,56151.00688503185,11600.0,600.0,7400.0,0.0,0.0,37.0,1.0,3600.0,6.0,240.0,720.0,29.0,0.0,6.0,0.0,32.0,0.0,0.0,0.0
2023-06-20,17072,51.0,51.0,12185.61475409836,0.0,9819.0,56189.23974860675,14800.0,200.0,11000.0,0.0,0.0,55.0,1.0,3600.0,6.0,240.0,720.0,39.0,0.0,6.0,0.0,17.0,0.0,0.0,0.0
2023-06-21,17067,52.0,52.0,12235.478142076503,0.0,9851.0,56313.357434054575,10000.0,400.0,6000.0,0.0,0.0,30.0,1.0,3600.0,6.0,240.0,720.0,41.0,0.0,6.0,0.0,24.0,0.0,0.0,0.0
2023-06-22,17087,52.0,52.0,12309.275956284155,0.0,9907.0,56212.18961095347,14800.0,1400.0,9800.0,0.0,0.0,49.0,1.0,3600.0,6.0,240.0,720.0,22.0,0.0,6.0,0.0,17.0,0.0,0.0,0.0
2023-06-23,17083,57.0,57.0,12386.065573770493,0.0,9966.0,56094.03263968934,15400.0,800.0,11000.0,0.0,0.0,55.0,1.0,3600.0,6.0,240.0,720.0,34.0,0.0,6.0,0.0,17.0,0.0,0.0,0.0
2023-06-24,17081,60.0,60.0,12446.898907103825,0.0,10009.0,56138.779789296095,12200.0,800.0,7800.0,0.0,0.0,39.0,1.0,3600.0,6.0,240.0,720.0,34.0,0.0,6.0,0.0,20.0,0.0,0.0,0.0
2023-06-25,17098,62.0,62.0,12513.715846994535,0.0,10058.0,56482.54461831481,13400.0,400.0,9400.0,0.0,0.0,47.0,1.0,3600.0,6.0,240.0,720.0,34.0,0.0,6.0,0.0,22.0,0.0,0.0,0.0
2023-06-26,17111,47.0,47.0,12573.551912568308,0.0,10100.0,56290.89765246386,12000.0,1000.0,7400.0,0.0,0.0,37.0,1.0,3600.0,6.0,240.0,720.0,35.0,0.0,6.0,0.0,23.0,0.0,0.0,0.0
2023-06-27,17116,48.0,48.0,12643.360655737706,0.0,10152.0,56416.17375161752,14000.0,1000.0,9400.0,0.0,0.0,47.0,1.0,3600.0,6.0,240.0,720.0,26.0,0.0,6.0,0.0,29.0,0.0,0.0,0.0
2023-06-28,17112,60.0,60.0,12704.193989071038,0.0,10195.0,56465.89128682781,12200.0,1000.0,7600.0,0.0,0.0,38.0,1.0,3600.0,6.0,240.0,720.0,31.0,0.0,6.0,0.0,24.0,0.0,0.0,0.0
2023-06-29,17129,63.0,63.0,12764.030054644809,0.0,10237.0,56589.104148029044,12000.0,400.0,8000.0,0.0,0.0,40.0,1.0,3600.0,6.0,240.0,720.0,35.0,0.0,6.0,0.0,19.0,0.0,0.0,0.0
2023-06-30,17150,56.0,56.0,12829.849726775958,0.0,10285.0,56431.34268602016,13200.0,800.0,8800.0,0.0,0.0,44.0,1.0,3600.0,6.0,240.0,720.0,24.0,0.0,6.0,0.0,24.0,0.0,0.0,0.0
2023-07-01,17158,40.0,40.0,12898.661202185793,0.0,10336.0,56448.76398948538,13800.0,1000.0,9200.0,0.0,0.0,46.0,1.0,3600.0,6.0,240.0,720.0,34.0,0.0,6.0,0.0,17.0,0.0,0.0,0.0
2023-07-02,17147,45.0,45.0,12982.43169398907,0.0,10402.0,55980.78986281829,16800.0,1400.0,11800.0,0.0,0.0,59.0,1.0,3600.0,6.0,240.0,720.0,30.0,0.0,6.0,0.0,24.0,0.0,0.0,0.0
2023-07-03,17126,43.0,43.0,13045.259562841531,0.0,10447.0,55975.95155106203,12600.0,200.0,8800.0,0.0,0.0,44.0,1.0,3600.0,6.0,240.0,720.0,28.0,0.0,6.0,0.0,20.0,0.0,0.0,0.0
2023-07-04,17124,62.0,62.0,13124.043715846994,0.0,10508.0,56118.51055165973,15800.0,200.0,12000.0,0.0,0.0,60.0,1.0,3600.0,6.0,240.0,720.0,21.0,0.0,6.0,0.0,25.0,0.0,0.0,0.0
2023-07-05,17125,51.0,51.0,13191.857923497266,0.0,10558.0,56045.99431708661,13600.0,800.0,9200.0,0.0,0.0,46.0,1.0,3600.0,6.0,240.0,720.0,37.0,0.0,6.0,0.0,21.0,0.0,0.0,0.0
2023-07-06,17126,51.0,51.0,13262.663934426231,0.0,10611.0,56029.85902555809,14200.0,600.0,10000.0,0.0,0.0,50.0,1.0,3600.0,6.0,240.0,720.0,20.0,0.0,6.0,0.0,22.0,0.0,0.0,0.0
2023-07-07,17124,53.0,53.0,13331.475409836066,0.0,10662.0,56097.00460593401,13800.0,200.0,10000.0,0.0,0.0,50.0,1.0,3600.0,6.0,240.0,720.0,41.0,0.0,6.0,0.0,20.0,0.0,0.0,0.0
2023-07-08,17126,42.0,42.0,13407.267759562843,0.0,10720.0,56182.24297274784,15200.0,600.0,11000.0,0.0,0.0,55.0,1.0,3600.0,6.0,240.0,720.0,29.0,0.0,6.0,0.0,17.0,0.0,0.0,0.0
2023-07-09,17110,54.0,54.0,13461.120218579234,0.0,10756.0,56226.729428136125,10800.0,600.0,6600.0,0.0,0.0,33.0,1.0,3600.0,6.0,240.0,720.0,34.0,0.0,6.0,0.0,22.0,0.0,0.0,0.0
2023-07-10,17128,49.0,49.0,13523.948087431692,0.0,10801.0,56267.88796053273,12600.0,400.0,8600.0,0.0,0.0,43.0,1.0,3600.0,6.0,240.0,720.0,31.0,0.0,6.0,0.0,21.0,0.0,0.0,0.0
2023-07-11,17132,57.0,57.0,13582.786885245901,0.0,10842.0,56245.09477344017,11800.0,600.0,7600.0,0.0,0.0,38.0,1.0,3600.0,6.0,240.0,720.0,24.0,0.0,6.0,0.0,28.0,0.0,0.0,0.0
2023-07-12,17148,51.0,51.0,13641.625683060109,0.0,10883.0,56218.13172090452,11800.0,800.0,7400.0,0.0,0.0,37.0,1.0,3600.0,6.0,240.0,720.0,45.0,0.0,6.0,0.0,23.0,0.0,0.0,0.0
2023-07-13,17158,37.0,37.0,13702.459016393444,0.0,10926.0,56113.10477115979,12200.0,600.0,8000.0,0.0,0.0,40.0,1.0,3600.0,6.0,240.0,720.0,29.0,0.0,6.0,0.0,26.0,0.0,0.0,0.0
2023-07-14,17152,50.0,50.0,13758.306010928962,0.0,10964.0,55984.6248409618,11200.0,600.0,7000.0,0.0,0.0,35.0,1.0,3600.0,6.0,240.0,720.0,43.0,0.0,6.0,0.0,17.0,0.0,0.0,0.0
2023-07-15,17164,39.0,39.0,13835.0956284153,0.0,11023.0,55941.048208539665,15400.0,600.0,11200.0,0.0,0.0,56.0,1.0,3600.0,6.0,240.0,720.0,36.0,0.0,6.0,0.0,15.0,0.0,0.0,0.0
2023-07-16,17144,53.0,53.0,13899.918032786885,0.0,11070.0,55968.26787618948,13000.0,400.0,9000.0,0.0,0.0,45.0,1.0,3600.0,6.0,240.0,720.0,32.0,0.0,6.0,0.0,25.0,0.0,0.0,0.0
2023-07-17,17150,48.0,48.0,13969.726775956284,0.0,11122.0,56103.77965783076,14000.0,400.0,10000.0,0.0,0.0,50.0,1.0,3600.0,6.0,240.0,720.0,29.0,0.0,6.0,0.0,20.0,0.0,0.0,0.0
2023-07-18,17146,43.0,43.0,14028.565573770493,0.0,11163.0,56197.9253868513,11800.0,800.0,7400.0,0.0,0.0,37.0,1.0,3600.0,6.0,240.0,720.0,40.0,0.0,6.0,0.0,32.0,0.0,0.0,0.0
2023-07-19,17148,45.0,45.0,14088.401639344263,0.0,11205.0,56196.020286104766,12000.0,600.0,7800.0,0.0,0.0,39.0,1.0,3600.0,6.0,240.0,720.0,29.0,0.0,6.0,0.0,19.0,0.0,0.0,0.0
2023-07-20,17151,54.0,54.0,14160.204918032787,0.0,11259.0,56314.789550366215,14400.0,800.0,10000.0,0.0,0.0,50.0,1.0,3600.0,6.0,240.0,720.0,26.0,0.0,6.0,0.0,20.0,0.0,0.0,0.0
2023-07-21,17151,63.0,63.0,14227.021857923497,0.0,11308.0,56353.71317679758,13400.0,800.0,9000.0,0.0,0.0,45.0,1.0,3600.0,6.0,240.0,720.0,24.0,0.0,6.0,0.0,17.0,0.0,0.0,0.0
2023-07-22,17165,52.0,52.0,14292.841530054644,0.0,11356.0,56314.017199985225,13200.0,1000.0,8600.0,0.0,0.0,43.0,1.0,3600.0,6.0,240.0,720.0,30.0,0.0,6.0,0.0,19.0,0.0,0.0,0.0
2023-07-23,17169,50.0,50.0,14359.658469945356,0.0,11405.0,56356.245861552095,13400.0,1400.0,8400.0,0.0,0.0,42.0,1.0,3600.0,6.0,240.0,720.0,39.0,0.0,6.0,0.0,26.0,0.0,0.0,0.0
2023-07-24,17170,43.0,43.0,14418.497267759563,0.0,11458.0,56344.786081300284,11800.0,1400.0,9200.0,0.0,0.0,46.0,1.0,1200.0,2.0,90.0,240.0,6.0,0.0,2.0,0.0,9.0,0.0,0.0,0.0
2023-07-25,17160,55.0,55.0,14467.363387978143,0.0,11507.0,56365.41014687154,9800.0,800.0,9000.0,0.0,0.0,45.0,1.0,0.0,0.0,0.0,0.0,0.0,0.0,0.0,0.0,0.0,0.0,0.0,0.0
2023-07-26,17166,43.0,43.0,14509.248633879783,0.0,11549.0,56338.86058859467,8400.0,1000.0,7400.0,0.0,0.0,37.0,1.0,0.0,0.0,0.0,0.0,0.0,0.0,0.0,0.0,0.0,0.0,0.0,0.0
2023-07-27,17167,51.0,51.0,14560.109289617487,0.0,11600.0,56505.06083249889,10200.0,1200.0,9000.0,0.0,0.0,45.0,1.0,0.0,0.0,0.0,0.0,0.0,0.0,0.0,0.0,0.0,0.0,0.0,0.0
2023-07-28,17167,69.0,69.0,14617.950819672133,0.0,11658.0,56464.42179148951,11600.0,1600.0,10000.0,0.0,0.0,50.0,1.0,0.0,0.0,0.0,0.0,0.0,0.0,0.0,0.0,0.0,0.0,0.0,0.0
2023-07-29,17178,44.0,44.0,14675.792349726777,0.0,11716.0,56330.56503594415,11600.0,2000.0,9600.0,0.0,0.0,48.0,1.0,0.0,0.0,0.0,0.0,0.0,0.0,0.0,0.0,0.0,0.0,0.0,0.0
2023-07-30,17164,50.0,50.0,14721.666666666668,0.0,11762.0,56297.011266803784,9200.0,2000.0,7200.0,0.0,0.0,36.0,1.0,0.0,0.0,0.0,0.0,0.0,0.0,0.0,0.0,0.0,0.0,0.0,0.0
2023-07-31,17168,63.0,63.0,14778.510928961749,0.0,11819.0,56299.25003081928,11400.0,2600.0,8800.0,0.0,0.0,44.0,1.0,0.0,0.0,0.0,0.0,0.0,0.0,0.0,0.0,0.0,0.0,0.0,0.0
2023-08-01,17174,54.0,54.0,14830.368852459016,0.0,11871.0,56162.57395511903,10400.0,3000.0,7400.0,0.0,0.0,37.0,1.0,0.0,0.0,0.0,0.0,0.0,0.0,0.0,0.0,0.0,0.0,0.0,0.0
2023-08-02,17176,61.0,61.0,14880.232240437157,0.0,11921.0,55968.26653444777,10000.0,3600.0,6400.0,0.0,0.0,32.0,1.0,0.0,0.0,0.0,0.0,0.0,0.0,0.0,0.0,0.0,0.0,0.0,0.0
2023-08-03,17187,46.0,46.0,14930.0956284153,0.0,11971.0,55741.73392344076,10000.0,4400.0,5600.0,0.0,0.0,28.0,1.0,0.0,0.0,0.0,0.0,0.0,0.0,0.0,0.0,0.0,0.0,0.0,0.0
2023-08-04,17183,46.0,46.0,15015.860655737706,0.0,12057.0,55175.167560925285,17200.0,6400.0,10800.0,0.0,0.0,54.0,1.0,0.0,0.0,0.0,0.0,0.0,0.0,0.0,0.0,0.0,0.0,0.0,0.0
2023-08-05,17143,51.0,51.0,15117.581967213115,0.0,12159.0,54586.50816640145,20400.0,7000.0,13400.0,0.0,0.0,67.0,1.0,0.0,0.0,0.0,0.0,0.0,0.0,0.0,0.0,0.0,0.0,0.0,0.0
2023-08-06,17092,48.0,48.0,15204.34426229508,0.0,12246.0,54094.19255965416,17400.0,7800.0,9600.0,0.0,0.0,48.0,1.0,0.0,0.0,0.0,0.0,0.0,0.0,0.0,0.0,0.0,0.0,0.0,0.0
2023-08-07,17053,37.0,37.0,15310.054644808744,0.0,12352.0,53562.44334852147,21200.0,8800.0,12400.0,0.0,0.0,62.0,1.0,0.0,0.0,0.0,0.0,0.0,0.0,0.0,0.0,0.0,0.0,0.0,0.0
2023-08-08,16984,55.0,55.0,15398.811475409835,0.0,12441.0,53095.26703200309,17800.0,9200.0,8600.0,0.0,0.0,43.0,1.0,0.0,0.0,0.0,0.0,0.0,0.0,0.0,0.0,0.0,0.0,0.0,0.0
2023-08-09,16950,46.0,46.0,15488.565573770493,0.0,12531.0,52712.067038073896,18000.0,9600.0,8400.0,0.0,0.0,42.0,1.0,0.0,0.0,0.0,0.0,0.0,0.0,0.0,0.0,0.0,0.0,0.0,0.0
2023-08-10,16906,39.0,39.0,15587.295081967211,0.0,12630.0,52056.40374919591,19800.0,10000.0,9800.0,0.0,0.0,49.0,1.0,0.0,0.0,0.0,0.0,0.0,0.0,0.0,0.0,0.0,0.0,0.0,0.0
2023-08-11,16846,46.0,46.0,15680.04098360656,0.0,12723.0,51730.30870080604,18600.0,10000.0,8600.0,0.0,0.0,43.0,1.0,0.0,0.0,0.0,0.0,0.0,0.0,0.0,0.0,0.0,0.0,0.0,0.0
2023-08-12,16799,36.0,36.0,15763.811475409835,0.0,12807.0,51131.720313306134,16800.0,10000.0,6800.0,0.0,0.0,34.0,1.0,0.0,0.0,0.0,0.0,0.0,0.0,0.0,0.0,0.0,0.0,0.0,0.0
2023-08-13,16751,54.0,54.0,15856.557377049177,0.0,12900.0,50682.33983137657,18600.0,10000.0,8600.0,0.0,0.0,43.0,1.0,0.0,0.0,0.0,0.0,0.0,0.0,0.0,0.0,0.0,0.0,0.0,0.0
2023-08-14,16712,48.0,48.0,15947.3087431694,0.0,12991.0,50405.56608526258,18200.0,10000.0,8200.0,0.0,0.0,41.0,1.0,0.0,0.0,0.0,0.0,0.0,0.0,0.0,0.0,0.0,0.0,0.0,0.0
2023-08-15,16669,50.0,50.0,16043.046448087434,0.0,13087.0,49883.48722470799,19200.0,10000.0,9200.0,0.0,0.0,46.0,1.0,0.0,0.0,0.0,0.0,0.0,0.0,0.0,0.0,0.0,0.0,0.0,0.0
2023-08-16,16623,64.0,64.0,16144.767759562843,0.0,13189.0,49349.8540337504,20400.0,10000.0,10400.0,0.0,0.0,52.0,1.0,0.0,0.0,0.0,0.0,0.0,0.0,0.0,0.0,0.0,0.0,0.0,0.0
2023-08-17,16585,56.0,56.0,16226.543715846994,0.0,13271.0,49106.41934447017,16400.0,10000.0,6400.0,0.0,0.0,32.0,1.0,0.0,0.0,0.0,0.0,0.0,0.0,0.0,0.0,0.0,0.0,0.0,0.0
2023-08-18,16559,49.0,49.0,16306.32513661202,0.0,13351.0,48651.95344130951,16000.0,10000.0,6000.0,0.0,0.0,30.0,1.0,0.0,0.0,0.0,0.0,0.0,0.0,0.0,0.0,0.0,0.0,0.0,0.0
2023-08-19,16528,46.0,46.0,16403.060109289618,0.0,13448.0,48289.20464869086,19400.0,9800.0,9600.0,0.0,0.0,48.0,1.0,0.0,0.0,0.0,0.0,0.0,0.0,0.0,0.0,0.0,0.0,0.0,0.0
2023-08-20,16477,45.0,45.0,16492.814207650274,0.0,13538.0,47871.05031772684,18000.0,10000.0,8000.0,0.0,0.0,40.0,1.0,0.0,0.0,0.0,0.0,0.0,0.0,0.0,0.0,0.0,0.0,0.0,0.0
2023-08-21,16432,35.0,35.0,16591.543715846994,0.0,13637.0,47287.98620007845,19800.0,10000.0,9800.0,0.0,0.0,49.0,1.0,0.0,0.0,0.0,0.0,0.0,0.0,0.0,0.0,0.0,0.0,0.0,0.0
2023-08-22,16368,56.0,56.0,16686.28415300547,0.0,13732.0,46856.256769714906,19000.0,10000.0,9000.0,0.0,0.0,45.0,1.0,0.0,0.0,0.0,0.0,0.0,0.0,0.0,0.0,0.0,0.0,0.0,0.0
2023-08-23,16329,47.0,47.0,16772.049180327867,0.0,13818.0,46455.48983006515,17200.0,10000.0,7200.0,0.0,0.0,36.0,1.0,0.0,0.0,0.0,0.0,0.0,0.0,0.0,0.0,0.0,0.0,0.0,0.0
2023-08-24,16290,42.0,42.0,16870.77868852459,0.0,13917.0,45963.99544131599,19800.0,10000.0,9800.0,0.0,0.0,49.0,1.0,0.0,0.0,0.0,0.0,0.0,0.0,0.0,0.0,0.0,0.0,0.0,0.0
2023-08-25,16233,43.0,43.0,16958.53825136612,0.0,14005.0,45601.924659143966,17600.0,9800.0,7800.0,0.0,0.0,39.0,1.0,0.0,0.0,0.0,0.0,0.0,0.0,0.0,0.0,0.0,0.0,0.0,0.0
2023-08-26,16188,42.0,42.0,17033.333333333336,0.0,14080.0,45195.952436741216,15000.0,10000.0,5000.0,0.0,0.0,25.0,1.0,0.0,0.0,0.0,0.0,0.0,0.0,0.0,0.0,0.0,0.0,0.0,0.0
2023-08-27,16155,41.0,41.0,17110.122950819674,0.0,14157.0,44629.334372589365,15400.0,10000.0,5400.0,0.0,0.0,27.0,1.0,0.0,0.0,0.0,0.0,0.0,0.0,0.0,0.0,0.0,0.0,0.0,0.0
2023-08-28,16119,55.0,55.0,17208.852459016394,0.0,14256.0,44445.44527749162,19800.0,10000.0,9800.0,0.0,0.0,49.0,1.0,0.0,0.0,0.0,0.0,0.0,0.0,0.0,0.0,0.0,0.0,0.0,0.0
2023-08-29,16075,55.0,55.0,17298.606557377047,0.0,14346.0,44146.77972136628,18000.0,10000.0,8000.0,0.0,0.0,40.0,1.0,0.0,0.0,0.0,0.0,0.0,0.0,0.0,0.0,0.0,0.0,0.0,0.0
2023-08-30,16040,48.0,48.0,17388.360655737706,0.0,14436.0,43878.75886194396,18000.0,10000.0,8000.0,0.0,0.0,40.0,1.0,0.0,0.0,0.0,0.0,0.0,0.0,0.0,0.0,0.0,0.0,0.0,0.0
2023-08-31,15998,48.0,48.0,17487.090163934427,0.0,14517.0,43579.1194133107,19800.0,7400.0,8800.0,0.0,0.0,44.0,1.0,3600.0,6.0,240.0,720.0,19.0,0.0,6.0,0.0,24.0,0.0,0.0,0.0
2023-09-01,15965,49.0,49.0,17575.84699453552,0.0,14588.0,43492.88567555801,17800.0,4800.0,9400.0,0.0,0.0,47.0,1.0,3600.0,6.0,240.0,720.0,25.0,0.0,6.0,0.0,23.0,0.0,0.0,0.0
2023-09-02,15943,48.0,48.0,17644.658469945356,0.0,14639.0,43424.02480176309,13800.0,2600.0,7600.0,0.0,0.0,38.0,1.0,3600.0,6.0,240.0,720.0,20.0,0.0,6.0,0.0,17.0,0.0,0.0,0.0
2023-09-03,15940,55.0,55.0,17700.505464480877,0.0,14677.0,43518.833338771874,11200.0,0.0,7600.0,0.0,0.0,38.0,1.0,3600.0,6.0,240.0,720.0,23.0,0.0,6.0,0.0,25.0,0.0,0.0,0.0
2023-09-04,15957,64.0,64.0,17762.33606557377,0.0,14721.0,43697.41819220328,12400.0,0.0,8800.0,0.0,0.0,44.0,1.0,3600.0,6.0,240.0,720.0,14.0,0.0,6.0,0.0,20.0,0.0,0.0,0.0
2023-09-05,15977,40.0,40.0,17816.188524590165,0.0,14757.0,43831.31462342046,10800.0,0.0,7200.0,0.0,0.0,36.0,1.0,3600.0,6.0,240.0,720.0,21.0,0.0,6.0,0.0,23.0,0.0,0.0,0.0
2023-09-06,15981,58.0,58.0,17876.024590163935,0.0,14799.0,43988.601970089105,12000.0,0.0,8400.0,0.0,0.0,42.0,1.0,3600.0,6.0,240.0,720.0,14.0,0.0,6.0,0.0,23.0,0.0,0.0,0.0
2023-09-07,15997,47.0,47.0,17928.879781420765,0.0,14834.0,44122.31481920927,10600.0,0.0,7000.0,0.0,0.0,35.0,1.0,3600.0,6.0,240.0,720.0,16.0,0.0,6.0,0.0,24.0,0.0,0.0,0.0
2023-09-08,16009,54.0,54.0,17991.707650273223,0.0,14879.0,44173.73540982397,12600.0,0.0,9000.0,0.0,0.0,45.0,1.0,3600.0,6.0,240.0,720.0,20.0,0.0,6.0,0.0,15.0,0.0,0.0,0.0
2023-09-09,16018,51.0,51.0,18055.532786885244,0.0,14925.0,44310.19185971825,12800.0,0.0,9200.0,0.0,0.0,46.0,1.0,3600.0,6.0,240.0,720.0,17.0,0.0,6.0,0.0,21.0,0.0,0.0,0.0
2023-09-10,16023,51.0,51.0,18111.379781420765,0.0,14963.0,44429.26611246043,11200.0,0.0,7600.0,0.0,0.0,38.0,1.0,3600.0,6.0,240.0,720.0,27.0,0.0,6.0,0.0,29.0,0.0,0.0,0.0
2023-09-11,16036,62.0,62.0,18162.24043715847,0.0,14996.0,45054.56807494526,10200.0,0.0,6600.0,0.0,0.0,33.0,1.0,3600.0,6.0,240.0,720.0,26.0,0.0,6.0,0.0,23.0,0.0,0.0,0.0
2023-09-12,16065,61.0,61.0,18224.071038251368,0.0,15040.0,45258.14787380034,12400.0,0.0,8800.0,0.0,0.0,44.0,1.0,3600.0,6.0,240.0,720.0,20.0,0.0,6.0,0.0,17.0,0.0,0.0,0.0
2023-09-13,16082,51.0,51.0,18283.90710382514,0.0,15082.0,45460.986382362295,12000.0,0.0,8400.0,0.0,0.0,42.0,1.0,3600.0,6.0,240.0,720.0,23.0,0.0,6.0,0.0,17.0,0.0,0.0,0.0
2023-09-14,16091,47.0,47.0,18336.762295081968,0.0,15117.0,45543.44065359597,10600.0,0.0,7000.0,0.0,0.0,35.0,1.0,3600.0,6.0,240.0,720.0,18.0,0.0,6.0,0.0,20.0,0.0,0.0,0.0
2023-09-15,16103,53.0,53.0,18380.642076502732,0.0,15143.0,45592.594387549056,8800.0,0.0,5200.0,0.0,0.0,26.0,1.0,3600.0,6.0,240.0,720.0,15.0,0.0,6.0,0.0,25.0,0.0,0.0,0.0
2023-09-16,16130,52.0,52.0,18450.450819672133,0.0,15195.0,45614.10155634648,14000.0,400.0,10000.0,0.0,0.0,50.0,1.0,3600.0,6.0,240.0,720.0,22.0,0.0,6.0,0.0,17.0,0.0,0.0,0.0
2023-09-17,16130,40.0,40.0,18513.27868852459,0.0,15240.0,45544.3079996626,12600.0,400.0,8600.0,0.0,0.0,43.0,1.0,3600.0,6.0,240.0,720.0,21.0,0.0,6.0,0.0,22.0,0.0,0.0,0.0
2023-09-18,16125,38.0,38.0,18574.11202185792,0.0,15283.0,45572.36523606401,12200.0,400.0,8200.0,0.0,0.0,41.0,1.0,3600.0,6.0,240.0,720.0,21.0,0.0,6.0,0.0,19.0,0.0,0.0,0.0
2023-09-19,16120,60.0,60.0,18636.939890710382,0.0,15328.0,45588.48435139365,12600.0,1200.0,7800.0,0.0,0.0,39.0,1.0,3600.0,6.0,240.0,720.0,15.0,0.0,6.0,0.0,16.0,0.0,0.0,0.0
2023-09-20,16135,47.0,47.0,18714.726775956286,0.0,15388.0,45531.636964971,15600.0,1200.0,10800.0,0.0,0.0,54.0,1.0,3600.0,6.0,240.0,720.0,15.0,0.0,6.0,0.0,23.0,0.0,0.0,0.0
2023-09-21,16122,45.0,45.0,18786.53005464481,0.0,15442.0,45430.72694294769,14400.0,1000.0,9800.0,0.0,0.0,49.0,1.0,3600.0,6.0,240.0,720.0,22.0,0.0,6.0,0.0,25.0,0.0,0.0,0.0
2023-09-22,16113,46.0,46.0,18842.377049180326,0.0,15480.0,45485.76854230027,11200.0,600.0,7000.0,0.0,0.0,35.0,1.0,3600.0,6.0,240.0,720.0,19.0,0.0,6.0,0.0,23.0,0.0,0.0,0.0
2023-09-23,16121,49.0,49.0,18903.210382513662,0.0,15523.0,45444.80329403845,12200.0,600.0,8000.0,0.0,0.0,40.0,1.0,3600.0,6.0,240.0,720.0,25.0,0.0,6.0,0.0,23.0,0.0,0.0,0.0
2023-09-24,16127,51.0,51.0,18970.02732240437,0.0,15572.0,45478.20030347518,13400.0,1200.0,8600.0,0.0,0.0,43.0,1.0,3600.0,6.0,240.0,720.0,16.0,0.0,6.0,0.0,21.0,0.0,0.0,0.0
2023-09-25,16129,37.0,37.0,19018.893442622953,0.0,15603.0,45660.52781818265,9800.0,600.0,5600.0,0.0,0.0,28.0,1.0,3600.0,6.0,240.0,720.0,18.0,0.0,6.0,0.0,21.0,0.0,0.0,0.0
2023-09-26,16135,46.0,46.0,19081.72131147541,0.0,15648.0,45880.132735905056,12600.0,800.0,8200.0,0.0,0.0,41.0,1.0,3600.0,6.0,240.0,720.0,20.0,0.0,6.0,0.0,22.0,0.0,0.0,0.0
2023-09-27,16136,40.0,40.0,19151.53005464481,0.0,15700.0,45846.999913425774,14000.0,800.0,9600.0,0.0,0.0,48.0,1.0,3600.0,6.0,240.0,720.0,13.0,0.0,6.0,0.0,18.0,0.0,0.0,0.0
2023-09-28,16124,41.0,41.0,19208.374316939888,0.0,15739.0,45814.54728708699,11400.0,400.0,7400.0,0.0,0.0,37.0,1.0,3600.0,6.0,240.0,720.0,15.0,0.0,6.0,0.0,30.0,0.0,0.0,0.0
2023-09-29,16126,61.0,61.0,19267.2131147541,0.0,15780.0,45894.32306039912,11800.0,200.0,8000.0,0.0,0.0,40.0,1.0,3600.0,6.0,240.0,720.0,14.0,0.0,6.0,0.0,21.0,0.0,0.0,0.0
2023-09-30,16146,54.0,54.0,19316.079234972676,0.0,15811.0,46019.94135300581,9800.0,200.0,6000.0,0.0,0.0,30.0,1.0,3600.0,6.0,240.0,720.0,20.0,0.0,6.0,0.0,20.0,0.0,0.0,0.0
2023-10-01,16169,47.0,47.0,19378.90710382514,0.0,15856.0,45791.56013083082,12600.0,800.0,8200.0,0.0,0.0,41.0,1.0,3600.0,6.0,240.0,720.0,24.0,0.0,6.0,0.0,19.0,0.0,0.0,0.0
2023-10-02,16171,49.0,49.0,19435.751366120217,0.0,15895.0,45896.151914073285,11400.0,600.0,7200.0,0.0,0.0,36.0,1.0,3600.0,6.0,240.0,720.0,17.0,0.0,6.0,0.0,26.0,0.0,0.0,0.0
2023-10-03,16181,49.0,49.0,19508.551912568306,0.0,15950.0,45758.11689536177,14600.0,200.0,10800.0,0.0,0.0,54.0,1.0,3600.0,6.0,240.0,720.0,23.0,0.0,6.0,0.0,19.0,0.0,0.0,0.0
2023-10-04,16175,43.0,43.0,19567.39071038251,0.0,15991.0,45976.142494813656,11800.0,200.0,8000.0,0.0,0.0,40.0,1.0,3600.0,6.0,240.0,720.0,18.0,0.0,6.0,0.0,31.0,0.0,0.0,0.0
2023-10-05,16177,51.0,51.0,19632.2131147541,0.0,16038.0,46032.6937041481,13000.0,200.0,9200.0,0.0,0.0,46.0,1.0,3600.0,6.0,240.0,720.0,20.0,0.0,6.0,0.0,23.0,0.0,0.0,0.0
2023-10-06,16181,68.0,68.0,19703.01912568306,0.0,16091.0,46195.946236790376,14200.0,400.0,10200.0,0.0,0.0,51.0,1.0,3600.0,6.0,240.0,720.0,28.0,0.0,6.0,0.0,15.0,0.0,0.0,0.0
2023-10-07,16196,55.0,55.0,19768.83879781421,0.0,16139.0,46230.56505137659,13200.0,600.0,9000.0,0.0,0.0,45.0,1.0,3600.0,6.0,240.0,720.0,23.0,0.0,6.0,0.0,19.0,0.0,0.0,0.0
2023-10-08,16203,42.0,42.0,19818.70218579235,0.0,16171.0,46265.86348295154,10000.0,800.0,5600.0,0.0,0.0,28.0,1.0,3600.0,6.0,240.0,720.0,18.0,0.0,6.0,0.0,15.0,0.0,0.0,0.0
2023-10-09,16213,45.0,45.0,19881.53005464481,0.0,16216.0,46271.60972760733,12600.0,800.0,8200.0,0.0,0.0,41.0,1.0,3600.0,6.0,240.0,720.0,17.0,0.0,6.0,0.0,22.0,0.0,0.0,0.0
2023-10-10,16213,46.0,46.0,19942.363387978145,0.0,16259.0,46327.53759861372,12200.0,400.0,8200.0,0.0,0.0,41.0,1.0,3600.0,6.0,240.0,720.0,23.0,0.0,6.0,0.0,25.0,0.0,0.0,0.0
2023-10-11,16216,48.0,48.0,20000.20491803279,0.0,16299.0,46398.39196478231,11600.0,200.0,7800.0,0.0,0.0,39.0,1.0,3600.0,6.0,240.0,720.0,15.0,0.0,6.0,0.0,20.0,0.0,0.0,0.0
2023-10-12,16224,52.0,52.0,20069.016393442624,0.0,16350.0,46327.753282258884,13800.0,800.0,9400.0,0.0,0.0,47.0,1.0,3600.0,6.0,240.0,720.0,26.0,0.0,6.0,0.0,17.0,0.0,0.0,0.0
2023-10-13,16225,48.0,48.0,20137.82786885246,0.0,16401.0,46217.6957216779,13800.0,1200.0,9000.0,0.0,0.0,45.0,1.0,3600.0,6.0,240.0,720.0,17.0,0.0,6.0,0.0,26.0,0.0,0.0,0.0
2023-10-14,16222,55.0,55.0,20199.658469945356,0.0,16445.0,46230.892013538236,12400.0,1200.0,7600.0,0.0,0.0,38.0,1.0,3600.0,6.0,240.0,720.0,15.0,0.0,6.0,0.0,25.0,0.0,0.0,0.0
2023-10-15,16233,45.0,45.0,20261.48907103825,0.0,16489.0,46038.829403274794,12400.0,1000.0,7800.0,0.0,0.0,39.0,1.0,3600.0,6.0,240.0,720.0,12.0,0.0,6.0,0.0,21.0,0.0,0.0,0.0
2023-10-16,16234,38.0,38.0,20313.34699453552,0.0,16523.0,45914.16697703534,10400.0,600.0,6200.0,0.0,0.0,31.0,1.0,3600.0,6.0,240.0,720.0,20.0,0.0,6.0,0.0,15.0,0.0,0.0,0.0
2023-10-17,16238,60.0,60.0,20376.17486338798,0.0,16568.0,45964.68267816066,12600.0,800.0,8200.0,0.0,0.0,41.0,1.0,3600.0,6.0,240.0,720.0,21.0,0.0,6.0,0.0,21.0,0.0,0.0,0.0
2023-10-18,16253,46.0,46.0,20444.986338797815,0.0,16619.0,45919.25428128952,13800.0,1200.0,9000.0,0.0,0.0,45.0,1.0,3600.0,6.0,240.0,720.0,20.0,0.0,6.0,0.0,22.0,0.0,0.0,0.0
2023-10-19,16248,51.0,51.0,20510.80601092896,0.0,16667.0,45825.22197885186,13200.0,1400.0,8200.0,0.0,0.0,41.0,1.0,3600.0,6.0,240.0,720.0,22.0,0.0,6.0,0.0,30.0,0.0,0.0,0.0
2023-10-20,16251,50.0,50.0,20569.64480874317,0.0,16708.0,45901.94387768447,11800.0,400.0,7800.0,0.0,0.0,39.0,1.0,3600.0,6.0,240.0,720.0,17.0,0.0,6.0,0.0,32.0,0.0,0.0,0.0
2023-10-21,16260,61.0,61.0,20636.46174863388,0.0,16757.0,45892.36353771125,13400.0,800.0,9000.0,0.0,0.0,45.0,1.0,3600.0,6.0,240.0,720.0,12.0,0.0,6.0,0.0,24.0,0.0,0.0,0.0
2023-10-22,16272,60.0,60.0,20694.303278688527,0.0,16797.0,45936.74810879711,11600.0,600.0,7400.0,0.0,0.0,37.0,1.0,3600.0,6.0,240.0,720.0,19.0,0.0,6.0,0.0,22.0,0.0,0.0,0.0
2023-10-23,16292,54.0,54.0,20748.155737704918,0.0,16833.0,46096.14021295486,10800.0,400.0,6800.0,0.0,0.0,34.0,1.0,3600.0,6.0,240.0,720.0,19.0,0.0,6.0,0.0,11.0,0.0,0.0,0.0
2023-10-24,16310,55.0,55.0,20804.002732240435,0.0,16871.0,46296.53590807084,11200.0,0.0,7600.0,0.0,0.0,38.0,1.0,3600.0,6.0,240.0,720.0,21.0,0.0,6.0,0.0,17.0,0.0,0.0,0.0
2023-10-25,16327,39.0,39.0,20874.8087431694,0.0,16924.0,46247.82537410687,14200.0,200.0,10400.0,0.0,0.0,52.0,1.0,3600.0,6.0,240.0,720.0,21.0,0.0,6.0,0.0,17.0,0.0,0.0,0.0
2023-10-26,16313,51.0,51.0,20935.642076502732,0.0,16967.0,46686.15376706337,12200.0,400.0,8200.0,0.0,0.0,41.0,1.0,3600.0,6.0,240.0,720.0,20.0,0.0,6.0,0.0,20.0,0.0,0.0,0.0
2023-10-27,16321,50.0,50.0,20993.483606557376,0.0,17007.0,46712.541118190136,11600.0,600.0,7400.0,0.0,0.0,37.0,1.0,3600.0,6.0,240.0,720.0,20.0,0.0,6.0,0.0,32.0,0.0,0.0,0.0
2023-10-28,16331,57.0,57.0,21064.289617486334,0.0,17060.0,46839.39815108701,14200.0,200.0,10400.0,0.0,0.0,52.0,1.0,3600.0,6.0,240.0,720.0,20.0,0.0,6.0,0.0,21.0,0.0,0.0,0.0
2023-10-29,16335,54.0,54.0,21121.13387978142,0.0,17099.0,46989.14313069169,11400.0,0.0,7800.0,0.0,0.0,39.0,1.0,3600.0,6.0,240.0,720.0,18.0,0.0,6.0,0.0,24.0,0.0,0.0,0.0
2023-10-30,16350,56.0,56.0,21179.97267759563,0.0,17140.0,47045.019092732895,11800.0,600.0,7600.0,0.0,0.0,38.0,1.0,3600.0,6.0,240.0,720.0,14.0,0.0,6.0,0.0,25.0,0.0,0.0,0.0
2023-10-31,16365,43.0,43.0,21240.806010928958,0.0,17183.0,46950.38965576666,12200.0,400.0,8200.0,0.0,0.0,41.0,1.0,3600.0,6.0,240.0,720.0,22.0,0.0,6.0,0.0,22.0,0.0,0.0,0.0
2023-11-01,16365,52.0,52.0,21302.63661202186,0.0,17227.0,46902.83200233913,12400.0,800.0,8000.0,0.0,0.0,40.0,1.0,3600.0,6.0,240.0,720.0,17.0,0.0,6.0,0.0,20.0,0.0,0.0,0.0
2023-11-02,16373,42.0,42.0,21374.439890710382,0.0,17281.0,46933.10013853385,14400.0,800.0,10000.0,0.0,0.0,50.0,1.0,3600.0,6.0,240.0,720.0,12.0,0.0,6.0,0.0,15.0,0.0,0.0,0.0
2023-11-03,16361,49.0,49.0,21440.259562841533,0.0,17329.0,47115.85221470275,13200.0,200.0,9400.0,0.0,0.0,47.0,1.0,3600.0,6.0,240.0,720.0,13.0,0.0,6.0,0.0,20.0,0.0,0.0,0.0
2023-11-04,16362,47.0,47.0,21504.084699453553,0.0,17375.0,47065.404904906,12800.0,600.0,8600.0,0.0,0.0,43.0,1.0,3600.0,6.0,240.0,720.0,19.0,0.0,6.0,0.0,23.0,0.0,0.0,0.0
2023-11-05,16363,42.0,42.0,21567.909836065573,0.0,17421.0,46915.437890479974,12800.0,1000.0,8200.0,0.0,0.0,41.0,1.0,3600.0,6.0,240.0,720.0,18.0,0.0,6.0,0.0,27.0,0.0,0.0,0.0
2023-11-06,16359,48.0,48.0,21648.68852459016,0.0,17484.0,47020.156254327165,16200.0,600.0,12000.0,0.0,0.0,60.0,1.0,3600.0,6.0,240.0,720.0,22.0,0.0,6.0,0.0,25.0,0.0,0.0,0.0
2023-11-07,16344,66.0,66.0,21709.521857923497,0.0,17527.0,47004.467034824316,12200.0,800.0,7800.0,0.0,0.0,39.0,1.0,3600.0,6.0,240.0,720.0,15.0,0.0,6.0,0.0,21.0,0.0,0.0,0.0
2023-11-08,16367,59.0,59.0,21768.360655737706,0.0,17568.0,47071.13341082077,11800.0,200.0,8000.0,0.0,0.0,40.0,1.0,3600.0,6.0,240.0,720.0,24.0,0.0,6.0,0.0,20.0,0.0,0.0,0.0
2023-11-09,16385,53.0,53.0,21839.166666666664,0.0,17621.0,47145.13632137471,14200.0,800.0,9800.0,0.0,0.0,49.0,1.0,3600.0,6.0,240.0,720.0,20.0,0.0,6.0,0.0,24.0,0.0,0.0,0.0
2023-11-10,16385,54.0,54.0,21889.03005464481,0.0,17653.0,47212.94387159101,10000.0,400.0,6000.0,0.0,0.0,30.0,1.0,3600.0,6.0,240.0,720.0,23.0,0.0,6.0,0.0,16.0,0.0,0.0,0.0
2023-11-11,16407,49.0,49.0,21956.844262295082,0.0,17703.0,47263.50053207154,13600.0,200.0,9800.0,0.0,0.0,49.0,1.0,3600.0,6.0,240.0,720.0,26.0,0.0,6.0,0.0,22.0,0.0,0.0,0.0
2023-11-12,16406,58.0,58.0,22026.653005464483,0.0,17755.0,47218.69731380518,14000.0,800.0,9600.0,0.0,0.0,48.0,1.0,3600.0,6.0,240.0,720.0,21.0,0.0,6.0,0.0,21.0,0.0,0.0,0.0
2023-11-13,16412,47.0,47.0,22081.502732240435,0.0,17792.0,47263.079096020134,11000.0,600.0,6800.0,0.0,0.0,34.0,1.0,3600.0,6.0,240.0,720.0,12.0,0.0,6.0,0.0,22.0,0.0,0.0,0.0
2023-11-14,16422,54.0,54.0,22139.344262295082,0.0,17832.0,47326.47681394738,11600.0,400.0,7600.0,0.0,0.0,38.0,1.0,3600.0,6.0,240.0,720.0,24.0,0.0,6.0,0.0,25.0,0.0,0.0,0.0
2023-11-15,16436,46.0,46.0,22195.1912568306,0.0,17870.0,47367.82833972849,11200.0,200.0,7400.0,0.0,0.0,37.0,1.0,3600.0,6.0,240.0,720.0,15.0,0.0,6.0,0.0,21.0,0.0,0.0,0.0
2023-11-16,16444,54.0,54.0,22259.016393442624,0.0,17916.0,47542.44763597697,12800.0,1200.0,8000.0,0.0,0.0,40.0,1.0,3600.0,6.0,240.0,720.0,29.0,0.0,6.0,0.0,21.0,0.0,0.0,0.0
2023-11-17,16452,50.0,50.0,22326.830601092894,0.0,17966.0,47730.472551973784,13600.0,600.0,9400.0,0.0,0.0,47.0,1.0,3600.0,6.0,240.0,720.0,13.0,0.0,6.0,0.0,19.0,0.0,0.0,0.0
2023-11-18,16452,41.0,41.0,22390.655737704918,0.0,18012.0,47786.92922293804,12800.0,600.0,8600.0,0.0,0.0,43.0,1.0,3600.0,6.0,240.0,720.0,22.0,0.0,6.0,0.0,26.0,0.0,0.0,0.0
2023-11-19,16447,49.0,49.0,22459.467213114756,0.0,18063.0,47772.63624934115,13800.0,600.0,9600.0,0.0,0.0,48.0,1.0,3600.0,6.0,240.0,720.0,12.0,0.0,5.0,0.0,15.0,0.0,0.0,0.0
2023-11-20,16445,67.0,67.0,22527.281420765026,0.0,18113.0,47867.27714146654,13600.0,600.0,9400.0,0.0,0.0,47.0,1.0,3600.0,6.0,240.0,720.0,14.0,0.0,6.0,0.0,16.0,0.0,0.0,0.0
2023-11-21,16462,66.0,66.0,22587.117486338797,0.0,18155.0,48035.50316158333,12000.0,600.0,7800.0,0.0,0.0,39.0,1.0,3600.0,6.0,240.0,720.0,26.0,0.0,6.0,0.0,23.0,0.0,0.0,0.0
2023-11-22,16486,51.0,51.0,22632.99180327869,0.0,18195.0,47962.79585692519,9200.0,1000.0,7000.0,0.0,0.0,35.0,1.0,1200.0,2.0,90.0,240.0,8.0,0.0,2.0,0.0,7.0,0.0,0.0,0.0
2023-11-23,16497,48.0,48.0,22663.90710382514,0.0,18226.0,48167.984416495114,6200.0,600.0,5600.0,0.0,0.0,28.0,1.0,0.0,0.0,0.0,0.0,0.0,0.0,0.0,0.0,0.0,0.0,0.0,0.0
2023-11-24,16514,57.0,57.0,22711.775956284153,0.0,18274.0,48202.021912933604,9600.0,1200.0,8400.0,0.0,0.0,42.0,1.0,0.0,0.0,0.0,0.0,0.0,0.0,0.0,0.0,0.0,0.0,0.0,0.0
2023-11-25,16523,45.0,45.0,22772.60928961749,0.0,18335.0,48016.09365853687,12200.0,1200.0,11000.0,0.0,0.0,55.0,1.0,0.0,0.0,0.0,0.0,0.0,0.0,0.0,0.0,0.0,0.0,0.0,0.0
2023-11-26,16507,44.0,44.0,22826.461748633883,0.0,18389.0,47957.01406691819,10800.0,1400.0,9400.0,0.0,0.0,47.0,1.0,0.0,0.0,0.0,0.0,0.0,0.0,0.0,0.0,0.0,0.0,0.0,0.0
2023-11-27,16497,41.0,41.0,22870.341530054644,0.0,18433.0,47928.814117667665,8800.0,1000.0,7800.0,0.0,0.0,39.0,1.0,0.0,0.0,0.0,0.0,0.0,0.0,0.0,0.0,0.0,0.0,0.0,0.0
2023-11-28,16494,53.0,53.0,22923.196721311473,0.0,18486.0,47756.097569998245,10600.0,1600.0,9000.0,0.0,0.0,45.0,1.0,0.0,0.0,0.0,0.0,0.0,0.0,0.0,0.0,0.0,0.0,0.0,0.0
2023-11-29,16494,56.0,56.0,22985.02732240437,0.0,18548.0,47669.5674063682,12400.0,2000.0,10400.0,0.0,0.0,52.0,1.0,0.0,0.0,0.0,0.0,0.0,0.0,0.0,0.0,0.0,0.0,0.0,0.0
2023-11-30,16488,36.0,36.0,23036.885245901638,0.0,18600.0,47613.54390959902,10400.0,2200.0,8200.0,0.0,0.0,41.0,1.0,0.0,0.0,0.0,0.0,0.0,0.0,0.0,0.0,0.0,0.0,0.0,0.0
2023-12-01,16472,56.0,56.0,23095.724043715847,0.0,18659.0,47645.07294060711,11800.0,2800.0,9000.0,0.0,0.0,45.0,1.0,0.0,0.0,0.0,0.0,0.0,0.0,0.0,0.0,0.0,0.0,0.0,0.0
2023-12-02,16469,42.0,42.0,23149.576502732245,0.0,18713.0,47484.94551556388,10800.0,3000.0,7800.0,0.0,0.0,39.0,1.0,0.0,0.0,0.0,0.0,0.0,0.0,0.0,0.0,0.0,0.0,0.0,0.0
2023-12-03,16457,53.0,53.0,23209.412568306012,0.0,18773.0,47255.813983489876,12000.0,3800.0,8200.0,0.0,0.0,41.0,1.0,0.0,0.0,0.0,0.0,0.0,0.0,0.0,0.0,0.0,0.0,0.0,0.0
2023-12-04,16450,40.0,40.0,23274.234972677597,0.0,18838.0,46973.439098747214,13000.0,5000.0,8000.0,0.0,0.0,40.0,1.0,0.0,0.0,0.0,0.0,0.0,0.0,0.0,0.0,0.0,0.0,0.0,0.0
2023-12-05,16425,56.0,56.0,23352.021857923497,0.0,18916.0,46688.68190889839,15600.0,6200.0,9400.0,0.0,0.0,47.0,1.0,0.0,0.0,0.0,0.0,0.0,0.0,0.0,0.0,0.0,0.0,0.0,0.0
2023-12-06,16403,63.0,63.0,23427.814207650274,0.0,18992.0,46563.44812991368,15200.0,6400.0,8800.0,0.0,0.0,44.0,1.0,0.0,0.0,0.0,0.0,0.0,0.0,0.0,0.0,0.0,0.0,0.0,0.0
2023-12-07,16390,53.0,53.0,23506.598360655735,0.0,19071.0,46111.03466610762,15800.0,8000.0,7800.0,0.0,0.0,39.0,1.0,0.0,0.0,0.0,0.0,0.0,0.0,0.0,0.0,0.0,0.0,0.0,0.0
2023-12-08,16364,35.0,35.0,23587.37704918033,0.0,19152.0,45629.11696351939,16200.0,9400.0,6800.0,0.0,0.0,34.0,1.0,0.0,0.0,0.0,0.0,0.0,0.0,0.0,0.0,0.0,0.0,0.0,0.0
2023-12-09,16318,54.0,54.0,23687.103825136615,0.0,19252.0,45349.529837781505,20000.0,10000.0,10000.0,0.0,0.0,50.0,1.0,0.0,0.0,0.0,0.0,0.0,0.0,0.0,0.0,0.0,0.0,0.0,0.0
2023-12-10,16272,54.0,54.0,23775.860655737706,0.0,19341.0,44984.45715582678,17800.0,10000.0,7800.0,0.0,0.0,39.0,1.0,0.0,0.0,0.0,0.0,0.0,0.0,0.0,0.0,0.0,0.0,0.0,0.0
2023-12-11,16237,48.0,48.0,23853.647540983606,0.0,19419.0,44482.51935185725,15600.0,10000.0,5600.0,0.0,0.0,28.0,1.0,0.0,0.0,0.0,0.0,0.0,0.0,0.0,0.0,0.0,0.0,0.0,0.0
2023-12-12,16207,60.0,60.0,23939.412568306012,0.0,19505.0,44098.945996718074,17200.0,10000.0,7200.0,0.0,0.0,36.0,1.0,0.0,0.0,0.0,0.0,0.0,0.0,0.0,0.0,0.0,0.0,0.0,0.0
2023-12-13,16181,57.0,57.0,24032.158469945356,0.0,19598.0,43779.016447948634,18600.0,10000.0,8600.0,0.0,0.0,43.0,1.0,0.0,0.0,0.0,0.0,0.0,0.0,0.0,0.0,0.0,0.0,0.0,0.0
2023-12-14,16145,48.0,48.0,24119.91803278689,0.0,19686.0,43444.83957605916,17600.0,10000.0,7600.0,0.0,0.0,38.0,1.0,0.0,0.0,0.0,0.0,0.0,0.0,0.0,0.0,0.0,0.0,0.0,0.0
2023-12-15,16105,54.0,54.0,24204.685792349726,0.0,19771.0,43088.815950976445,17000.0,10000.0,7000.0,0.0,0.0,35.0,1.0,0.0,0.0,0.0,0.0,0.0,0.0,0.0,0.0,0.0,0.0,0.0,0.0
2023-12-16,16074,44.0,44.0,24282.47267759563,0.0,19849.0,42549.96715688097,15600.0,10000.0,5600.0,0.0,0.0,28.0,1.0,0.0,0.0,0.0,0.0,0.0,0.0,0.0,0.0,0.0,0.0,0.0,0.0
2023-12-17,16040,48.0,48.0,24376.21584699453,0.0,19943.0,42150.80351237976,18800.0,10000.0,8800.0,0.0,0.0,44.0,1.0,0.0,0.0,0.0,0.0,0.0,0.0,0.0,0.0,0.0,0.0,0.0,0.0
2023-12-18,15994,51.0,51.0,24462.978142076503,0.0,20030.0,41762.39745962663,17400.0,10000.0,7400.0,0.0,0.0,37.0,1.0,0.0,0.0,0.0,0.0,0.0,0.0,0.0,0.0,0.0,0.0,0.0,0.0
2023-12-19,15958,50.0,50.0,24564.699453551915,0.0,20132.0,41318.41349136595,20400.0,10000.0,10400.0,0.0,0.0,52.0,1.0,0.0,0.0,0.0,0.0,0.0,0.0,0.0,0.0,0.0,0.0,0.0,0.0
2023-12-20,15906,41.0,41.0,24645.478142076503,0.0,20213.0,40940.33171797918,16200.0,10000.0,6200.0,0.0,0.0,31.0,1.0,0.0,0.0,0.0,0.0,0.0,0.0,0.0,0.0,0.0,0.0,0.0,0.0
2023-12-21,15866,38.0,38.0,24748.196721311473,0.0,20316.0,40710.937024376144,20600.0,10000.0,10600.0,0.0,0.0,53.0,1.0,0.0,0.0,0.0,0.0,0.0,0.0,0.0,0.0,0.0,0.0,0.0,0.0
2023-12-22,15801,49.0,49.0,24840.94262295082,0.0,20409.0,40389.08840736878,18600.0,10000.0,8600.0,0.0,0.0,43.0,1.0,0.0,0.0,0.0,0.0,0.0,0.0,0.0,0.0,0.0,0.0,0.0,0.0
2023-12-23,15757,40.0,40.0,24926.707650273223,0.0,20495.0,39943.815896664055,17200.0,10000.0,7200.0,0.0,0.0,36.0,1.0,0.0,0.0,0.0,0.0,0.0,0.0,0.0,0.0,0.0,0.0,0.0,0.0
2023-12-24,15711,47.0,47.0,25017.45901639344,0.0,20586.0,39464.05905371429,18200.0,9800.0,8400.0,0.0,0.0,42.0,1.0,0.0,0.0,0.0,0.0,0.0,0.0,0.0,0.0,0.0,0.0,0.0,0.0
2023-12-25,15667,50.0,50.0,25112.199453551915,0.0,20681.0,39254.833733707856,19000.0,10000.0,9000.0,0.0,0.0,45.0,1.0,0.0,0.0,0.0,0.0,0.0,0.0,0.0,0.0,0.0,0.0,0.0,0.0
2023-12-26,15622,52.0,52.0,25204.94535519126,0.0,20774.0,38834.45953404107,18600.0,10000.0,8600.0,0.0,0.0,43.0,1.0,0.0,0.0,0.0,0.0,0.0,0.0,0.0,0.0,0.0,0.0,0.0,0.0
2023-12-27,15581,62.0,62.0,25305.669398907106,0.0,20875.0,38606.92931449764,20200.0,10000.0,10200.0,0.0,0.0,51.0,1.0,0.0,0.0,0.0,0.0,0.0,0.0,0.0,0.0,0.0,0.0,0.0,0.0
2023-12-28,15542,58.0,58.0,25393.428961748636,0.0,20963.0,38263.48728530246,17600.0,10000.0,7600.0,0.0,0.0,38.0,1.0,0.0,0.0,0.0,0.0,0.0,0.0,0.0,0.0,0.0,0.0,0.0,0.0
2023-12-29,15512,51.0,51.0,25482.185792349726,0.0,21052.0,37926.48417220405,17800.0,10000.0,7800.0,0.0,0.0,39.0,1.0,0.0,0.0,0.0,0.0,0.0,0.0,0.0,0.0,0.0,0.0,0.0,0.0
2023-12-30,15474,46.0,46.0,25589.89071038251,0.0,21160.0,37605.107542348116,21600.0,10000.0,11600.0,0.0,0.0,58.0,1.0,0.0,0.0,0.0,0.0,0.0,0.0,0.0,0.0,0.0,0.0,0.0,0.0
2023-12-31,15412,55.0,55.0,25681.639344262294,0.0,21252.0,37430.59091452599,18400.0,10000.0,8400.0,0.0,0.0,42.0,1.0,0.0,0.0,0.0,0.0,0.0,0.0,0.0,0.0,0.0,0.0,0.0,0.0
